{"type":"FeatureCollection","features":[{"type":"Feature","id":"IMD_SUB_LAKSHADWEEP","properties":{"region_id":"IMD_SUB_LAKSHADWEEP","region_name":"LAKSHADWEEP","source_name":"LAKSHADWEEP","region_group":"SOUTH PENINSULA"},"geometry":{"type":"MultiPolygon","coordinates":[[[[71.532656,8.3646],[71.531237,8.364247],[71.529396,8.364637],[71.53021,8.365858],[71.531645,8.367626],[71.532504,8.367431],[71.532862,8.366443],[71.533037,8.365641],[71.533028,8.364842],[71.532656,8.3646]]],[[[71.530845,8.367635],[71.531089,8.367448],[71.530843,8.36745],[71.530841,8.367266],[71.530657,8.367268],[71.530659,8.367453],[71.530661,8.367637],[71.530845,8.367635]]],[[[71.598839,8.389866],[71.598814,8.387652],[71.597804,8.385449],[71.596552,8.383618],[71.595546,8.381661],[71.594292,8.379645],[71.593102,8.377813],[71.591849,8.375859],[71.590842,8.373841],[71.589406,8.372012],[71.588765,8.369805],[71.587694,8.367603],[71.587299,8.365393],[71.586843,8.363183],[71.586447,8.360789],[71.585801,8.358151],[71.586161,8.357348],[71.586772,8.356971],[71.587193,8.356106],[71.586728,8.353097],[71.5867,8.350698],[71.586675,8.348484],[71.586038,8.346646],[71.584232,8.344698],[71.581559,8.342268],[71.577713,8.339543],[71.57609,8.337532],[71.572796,8.334555],[71.570553,8.33212],[71.568559,8.329928],[71.567128,8.32853],[71.565697,8.327131],[71.564278,8.326778],[71.562674,8.326366],[71.562058,8.326373],[71.55984,8.326029],[71.557379,8.326056],[71.555171,8.326697],[71.553212,8.327519],[71.550753,8.327731],[71.548543,8.328125],[71.546331,8.328396],[71.544119,8.328606],[71.541546,8.329619],[71.537509,8.331695],[71.536919,8.333916],[71.536737,8.334103],[71.536311,8.334538],[71.535518,8.335163],[71.53552,8.335347],[71.535532,8.336393],[71.535179,8.33775],[71.534767,8.339416],[71.53459,8.340033],[71.534409,8.340404],[71.534411,8.340589],[71.534599,8.340833],[71.534785,8.341015],[71.53497,8.341013],[71.535216,8.34101],[71.535583,8.340821],[71.535765,8.340573],[71.536191,8.340199],[71.536374,8.340013],[71.536802,8.339762],[71.537171,8.339758],[71.537599,8.339568],[71.537782,8.339382],[71.538207,8.338946],[71.538385,8.338329],[71.538565,8.337958],[71.538562,8.337712],[71.538806,8.337524],[71.538987,8.337153],[71.538984,8.336907],[71.538799,8.336909],[71.538556,8.337158],[71.538191,8.337531],[71.537763,8.337721],[71.537583,8.338153],[71.537401,8.33834],[71.536975,8.338776],[71.536792,8.338962],[71.536367,8.339398],[71.536184,8.339584],[71.536002,8.339771],[71.535756,8.339774],[71.535569,8.339591],[71.535567,8.339407],[71.535564,8.339161],[71.535747,8.338974],[71.536173,8.3386],[71.536353,8.338167],[71.536594,8.337734],[71.536774,8.337363],[71.537138,8.336928],[71.538359,8.336115],[71.539157,8.335921],[71.540203,8.335909],[71.541985,8.335704],[71.544999,8.33567],[71.545799,8.335661],[71.549872,8.336784],[71.550488,8.336777],[71.551103,8.33677],[71.553874,8.336984],[71.554735,8.336975],[71.556332,8.33671],[71.557131,8.336701],[71.55954,8.337474],[71.561577,8.338066],[71.563621,8.339273],[71.564614,8.340061],[71.565237,8.340669],[71.56561,8.341034],[71.56685,8.341881],[71.569272,8.343822],[71.571321,8.34546],[71.572934,8.34661],[71.574374,8.348808],[71.575197,8.350829],[71.576445,8.352414],[71.577263,8.354004],[71.579137,8.356443],[71.580944,8.358453],[71.58176,8.359797],[71.582202,8.360837],[71.582405,8.362434],[71.582608,8.364031],[71.583251,8.366484],[71.583509,8.367466],[71.584705,8.369851],[71.585341,8.371689],[71.585783,8.372668],[71.586164,8.37371],[71.58742,8.37591],[71.588865,8.378477],[71.590934,8.381898],[71.591946,8.384285],[71.592573,8.385324],[71.59376,8.38691],[71.595005,8.388126],[71.595438,8.388305],[71.595449,8.388426],[71.595648,8.390517],[71.597086,8.392531],[71.598883,8.393679],[71.599113,8.392261],[71.598839,8.389866]],[[71.582774,8.357017],[71.582771,8.356771],[71.583152,8.357812],[71.583963,8.358787],[71.584234,8.360999],[71.584813,8.363207],[71.5857,8.365411],[71.586279,8.367619],[71.587166,8.369823],[71.587745,8.372031],[71.58857,8.374236],[71.589639,8.376254],[71.590646,8.378272],[71.592266,8.380037],[71.593335,8.382055],[71.594343,8.384073],[71.595597,8.386089],[71.595434,8.387863],[71.595433,8.387875],[71.595184,8.387693],[71.594001,8.386476],[71.593186,8.385071],[71.592304,8.383297],[71.591107,8.380912],[71.587593,8.374862],[71.586585,8.372844],[71.584306,8.367272],[71.584044,8.36586],[71.583474,8.364452],[71.583465,8.363652],[71.58321,8.362856],[71.583449,8.362238],[71.583439,8.361438],[71.583179,8.360211],[71.582971,8.358183],[71.582774,8.357017]]],[[[72.175795,10.1391],[72.175976,10.138913],[72.175974,10.138729],[72.175602,10.138488],[72.175171,10.138494],[72.174803,10.138499],[72.174809,10.138929],[72.174993,10.138927],[72.174996,10.139111],[72.17518,10.139109],[72.175426,10.139105],[72.175795,10.1391]]],[[[72.177645,10.139505],[72.177208,10.139081],[72.176778,10.139087],[72.176781,10.139271],[72.176787,10.139701],[72.177223,10.140125],[72.177407,10.140123],[72.17765,10.139874],[72.177645,10.139505]]],[[[72.179279,10.142064],[72.178844,10.141701],[72.178229,10.141709],[72.178047,10.141896],[72.178053,10.142327],[72.17824,10.142508],[72.17867,10.142502],[72.178855,10.1425],[72.179039,10.142497],[72.179279,10.142064]]],[[[72.175676,10.143773],[72.175488,10.14353],[72.175242,10.143533],[72.17524,10.143349],[72.175055,10.143351],[72.174873,10.143538],[72.175061,10.143781],[72.175248,10.143963],[72.175497,10.144144],[72.175681,10.144142],[72.175679,10.143957],[72.175676,10.143773]]],[[[72.172423,10.144187],[72.172421,10.144002],[72.173038,10.144178],[72.173035,10.143994],[72.172845,10.143566],[72.17241,10.143203],[72.172219,10.142776],[72.171599,10.142416],[72.170985,10.142424],[72.170621,10.142798],[72.170443,10.143231],[72.170814,10.14341],[72.171437,10.144016],[72.171624,10.144198],[72.172061,10.144622],[72.172429,10.144617],[72.172675,10.144613],[72.172856,10.144365],[72.172423,10.144187]]],[[[70.819073,10.130773],[70.818015,10.129987],[70.81746,10.129994],[70.817027,10.129816],[70.816842,10.129818],[70.816596,10.129822],[70.816414,10.130009],[70.816416,10.130194],[70.816607,10.130622],[70.817047,10.131232],[70.817237,10.131599],[70.817489,10.132026],[70.817494,10.132395],[70.817881,10.133622],[70.818068,10.133804],[70.818326,10.134601],[70.818701,10.135027],[70.818891,10.135393],[70.819515,10.136001],[70.82014,10.136608],[70.820577,10.137033],[70.820952,10.137397],[70.820954,10.137582],[70.821579,10.138189],[70.822016,10.138614],[70.823228,10.141615],[70.823477,10.141796],[70.823847,10.141791],[70.823841,10.141421],[70.823015,10.139586],[70.822567,10.138422],[70.822544,10.13676],[70.822542,10.136575],[70.822539,10.13639],[70.822536,10.136205],[70.822346,10.135777],[70.82234,10.135346],[70.82215,10.134979],[70.821956,10.134366],[70.821519,10.133941],[70.821142,10.133392],[70.8207,10.132598],[70.820257,10.131742],[70.819448,10.131199],[70.819073,10.130773]]],[[[72.192134,10.142501],[72.192351,10.14047],[72.192311,10.137643],[72.1923,10.136844],[72.192465,10.135428],[72.19226,10.134017],[72.192249,10.133219],[72.191987,10.132054],[72.191965,10.130457],[72.191763,10.12923],[72.19157,10.128618],[72.191131,10.12801],[72.190323,10.127406],[72.189704,10.127046],[72.188905,10.127057],[72.187734,10.126889],[72.186323,10.127093],[72.185527,10.127288],[72.18449,10.127917],[72.183884,10.12854],[72.183708,10.129157],[72.18372,10.129956],[72.184346,10.130746],[72.184351,10.131115],[72.183932,10.13192],[72.183583,10.133338],[72.183167,10.134389],[72.182566,10.13538],[72.182397,10.136428],[72.181798,10.137604],[72.181014,10.138659],[72.180231,10.139838],[72.179628,10.140645],[72.179634,10.141075],[72.179455,10.141447],[72.179645,10.141874],[72.180075,10.141868],[72.181053,10.141425],[72.181662,10.141047],[72.182271,10.140609],[72.183254,10.140595],[72.184057,10.14083],[72.184923,10.141187],[72.185487,10.141978],[72.185928,10.142771],[72.186549,10.143193],[72.187359,10.143981],[72.187739,10.144774],[72.188181,10.145567],[72.188561,10.146361],[72.188815,10.146972],[72.189015,10.148014],[72.189213,10.148995],[72.189654,10.149788],[72.190291,10.151377],[72.190496,10.152788],[72.191133,10.154377],[72.191958,10.15621],[72.192344,10.157433],[72.192975,10.158592],[72.19299,10.159637],[72.193258,10.161231],[72.193456,10.162212],[72.194086,10.163248],[72.194468,10.164226],[72.194725,10.165022],[72.195103,10.165631],[72.195307,10.167042],[72.195762,10.168818],[72.195967,10.170229],[72.195984,10.171458],[72.196177,10.17207],[72.196423,10.172066],[72.196417,10.171636],[72.196588,10.170651],[72.196579,10.170036],[72.196372,10.168441],[72.196104,10.166847],[72.195077,10.163788],[72.194881,10.162991],[72.194431,10.161584],[72.194411,10.160171],[72.194023,10.158824],[72.194003,10.15741],[72.193995,10.156796],[72.193738,10.156001],[72.193542,10.155204],[72.19315,10.15355],[72.192706,10.152573],[72.192504,10.151346],[72.192233,10.149568],[72.192029,10.148157],[72.192018,10.147358],[72.191822,10.146562],[72.191987,10.145146],[72.192148,10.143546],[72.192134,10.142501]]],[[[72.197691,10.179117],[72.197503,10.178874],[72.197318,10.178876],[72.197134,10.178879],[72.196894,10.179312],[72.196897,10.179497],[72.197145,10.179678],[72.19733,10.179675],[72.197514,10.179673],[72.197696,10.179486],[72.197691,10.179117]]],[[[70.869896,10.188568],[70.869521,10.188203],[70.869339,10.188391],[70.869533,10.189004],[70.870347,10.189977],[70.870793,10.191018],[70.871363,10.19218],[70.871627,10.193408],[70.871213,10.194645],[70.871219,10.195014],[70.87165,10.195008],[70.872016,10.194819],[70.872439,10.194197],[70.872803,10.193823],[70.872797,10.193392],[70.872604,10.192779],[70.871789,10.191805],[70.871347,10.19101],[70.870773,10.189602],[70.869896,10.188568]]],[[[72.206204,10.224665],[72.20619,10.223682],[72.2066,10.222262],[72.206767,10.221031],[72.206935,10.219861],[72.207341,10.218196],[72.207696,10.217207],[72.208294,10.21597],[72.208716,10.215411],[72.209061,10.213747],[72.209656,10.212325],[72.209829,10.211523],[72.209806,10.209926],[72.20942,10.208702],[72.208962,10.206741],[72.208766,10.205945],[72.20838,10.204721],[72.207936,10.203744],[72.207488,10.202521],[72.207097,10.200928],[72.206656,10.200136],[72.206281,10.199711],[72.205848,10.199532],[72.205479,10.199537],[72.205233,10.199541],[72.205236,10.199725],[72.205856,10.200147],[72.206295,10.200694],[72.206312,10.201923],[72.20651,10.202903],[72.206709,10.203945],[72.207156,10.205107],[72.207358,10.206333],[72.20756,10.20756],[72.207826,10.20897],[72.208039,10.210995],[72.207873,10.212349],[72.207645,10.213582],[72.207296,10.215],[72.206517,10.216425],[72.20611,10.218028],[72.205506,10.218836],[72.205158,10.220254],[72.204988,10.221301],[72.205002,10.222285],[72.204767,10.223087],[72.20441,10.223891],[72.20417,10.224324],[72.20398,10.223897],[72.204159,10.223526],[72.204153,10.223095],[72.203781,10.222916],[72.2036,10.223103],[72.20336,10.223537],[72.203371,10.224335],[72.203628,10.225131],[72.204002,10.225494],[72.204807,10.225914],[72.205422,10.225905],[72.20585,10.225715],[72.206028,10.225282],[72.206204,10.224665]]],[[[70.863426,10.227632],[70.863422,10.227386],[70.86342,10.227201],[70.863417,10.227017],[70.863599,10.226829],[70.863778,10.226396],[70.864022,10.226208],[70.864389,10.226018],[70.864565,10.2254],[70.864807,10.22515],[70.864802,10.224781],[70.864981,10.224347],[70.865154,10.223544],[70.865577,10.222923],[70.865938,10.222364],[70.866366,10.222111],[70.866548,10.221924],[70.866727,10.221491],[70.866721,10.221121],[70.86671,10.220321],[70.866948,10.219702],[70.866942,10.219271],[70.867121,10.218899],[70.867303,10.218712],[70.867546,10.218462],[70.867541,10.218093],[70.867719,10.21766],[70.867902,10.217472],[70.868084,10.217285],[70.86808,10.217039],[70.867893,10.216857],[70.86789,10.216672],[70.867521,10.216677],[70.867277,10.216865],[70.867098,10.217299],[70.866919,10.217671],[70.866675,10.217859],[70.866312,10.218295],[70.865883,10.218485],[70.865086,10.218743],[70.864713,10.218502],[70.864467,10.218505],[70.864095,10.218325],[70.863664,10.218331],[70.863295,10.218337],[70.862494,10.218348],[70.86225,10.218536],[70.862069,10.218785],[70.862072,10.218969],[70.862074,10.219154],[70.861896,10.219587],[70.862083,10.21977],[70.86227,10.219952],[70.86252,10.220194],[70.862707,10.220377],[70.86271,10.220561],[70.863088,10.221172],[70.863091,10.221356],[70.863093,10.221541],[70.8631,10.221972],[70.863117,10.223203],[70.86312,10.223388],[70.863125,10.223757],[70.862944,10.224006],[70.862946,10.224191],[70.862949,10.224375],[70.86277,10.224809],[70.862775,10.225178],[70.862599,10.225796],[70.862359,10.226231],[70.862362,10.226415],[70.862368,10.226846],[70.862619,10.227212],[70.862622,10.227397],[70.862807,10.227394],[70.862995,10.227638],[70.863182,10.22782],[70.863426,10.227632]]],[[[71.185371,10.667648],[71.185737,10.667458],[71.186349,10.667203],[71.187329,10.66682],[71.188125,10.666562],[71.188738,10.666368],[71.188984,10.666365],[71.189172,10.666547],[71.189356,10.666544],[71.189541,10.666542],[71.189784,10.666353],[71.189969,10.666351],[71.190403,10.666529],[71.190772,10.666524],[71.191197,10.666148],[71.191557,10.665528],[71.191979,10.664906],[71.192343,10.664532],[71.193128,10.663474],[71.193731,10.662665],[71.194326,10.661241],[71.194924,10.660063],[71.195096,10.659199],[71.195263,10.658027],[71.195252,10.657227],[71.195243,10.656612],[71.194861,10.655817],[71.194661,10.654774],[71.194412,10.654593],[71.194219,10.65398],[71.19421,10.653365],[71.194204,10.652996],[71.19401,10.652383],[71.193817,10.65177],[71.193565,10.651405],[71.193192,10.651164],[71.192756,10.650801],[71.191762,10.6502],[71.19114,10.649778],[71.190516,10.649233],[71.189713,10.648999],[71.188476,10.648647],[71.187861,10.648656],[71.187489,10.648477],[71.187058,10.648483],[71.186069,10.648251],[71.18526,10.647647],[71.18427,10.647292],[71.183833,10.646868],[71.18303,10.646695],[71.182599,10.646701],[71.181981,10.646525],[71.181423,10.646287],[71.180617,10.64593],[71.179995,10.645508],[71.178941,10.644969],[71.178128,10.644119],[71.175701,10.642369],[71.174267,10.641159],[71.17284,10.64038],[71.171594,10.639413],[71.169601,10.637841],[71.168979,10.63742],[71.168357,10.636998],[71.167734,10.636453],[71.167358,10.636027],[71.167103,10.635416],[71.166913,10.635049],[71.166475,10.634625],[71.166101,10.634261],[71.165479,10.633839],[71.165039,10.63323],[71.164851,10.633048],[71.16466,10.63262],[71.164224,10.632257],[71.163849,10.631831],[71.163661,10.631649],[71.163412,10.631468],[71.163039,10.631227],[71.162606,10.631049],[71.161981,10.630443],[71.161612,10.630448],[71.161424,10.630266],[71.160994,10.630272],[71.160563,10.630278],[71.160565,10.630463],[71.1602,10.630714],[71.160018,10.630902],[71.159777,10.631275],[71.159783,10.631705],[71.159786,10.63189],[71.159792,10.632321],[71.159795,10.632505],[71.160232,10.63293],[71.160422,10.633296],[71.16086,10.633721],[71.16105,10.634087],[71.161487,10.634512],[71.161859,10.634691],[71.162293,10.63487],[71.162481,10.635113],[71.16285,10.635108],[71.163284,10.635286],[71.163468,10.635283],[71.163717,10.635464],[71.163906,10.635708],[71.164278,10.635887],[71.164524,10.635884],[71.164896,10.636063],[71.16533,10.636241],[71.165514,10.636239],[71.165945,10.636232],[71.16613,10.63623],[71.166314,10.636227],[71.166745,10.636221],[71.167121,10.636646],[71.167745,10.637253],[71.168185,10.637862],[71.168373,10.638044],[71.168563,10.63841],[71.169003,10.639019],[71.169194,10.639448],[71.169639,10.640426],[71.16983,10.640854],[71.170209,10.641464],[71.17046,10.64183],[71.170839,10.64244],[71.171653,10.643413],[71.172721,10.644813],[71.173539,10.646032],[71.174357,10.647251],[71.1748,10.648045],[71.175615,10.649018],[71.175996,10.649812],[71.176623,10.650603],[71.176811,10.650847],[71.177441,10.651822],[71.178702,10.653835],[71.179905,10.656033],[71.180347,10.656827],[71.180787,10.657436],[71.181162,10.6578],[71.181608,10.65884],[71.181986,10.659388],[71.182183,10.660247],[71.182432,10.660428],[71.182813,10.661223],[71.183253,10.661832],[71.183632,10.662442],[71.183634,10.662627],[71.183895,10.663607],[71.183902,10.664038],[71.184288,10.665202],[71.184543,10.665814],[71.18474,10.666611],[71.184564,10.667229],[71.184568,10.667475],[71.184753,10.667472],[71.185125,10.667652],[71.185371,10.667648]]],[[[72.222024,10.892455],[72.223681,10.892246],[72.224664,10.892231],[72.22546,10.892035],[72.226068,10.891596],[72.226253,10.891593],[72.226871,10.89183],[72.22767,10.891818],[72.228465,10.89156],[72.229695,10.891542],[72.230678,10.891527],[72.231105,10.891337],[72.231717,10.891143],[72.232083,10.890953],[72.232888,10.89131],[72.233509,10.891731],[72.234308,10.891719],[72.234922,10.89171],[72.235537,10.891701],[72.236148,10.891446],[72.23676,10.891253],[72.237372,10.891059],[72.238972,10.89122],[72.24014,10.891203],[72.241367,10.891],[72.241981,10.890991],[72.24235,10.890986],[72.24278,10.890979],[72.242965,10.890977],[72.243398,10.891155],[72.243766,10.891149],[72.244199,10.891327],[72.244568,10.891322],[72.244814,10.891318],[72.246412,10.891294],[72.247026,10.891285],[72.247641,10.891276],[72.248437,10.89108],[72.250038,10.891241],[72.251264,10.891038],[72.252248,10.891024],[72.253843,10.890816],[72.255256,10.890795],[72.256053,10.890598],[72.256845,10.890157],[72.257269,10.88972],[72.257445,10.889164],[72.257435,10.88855],[72.257245,10.888123],[72.257242,10.887938],[72.257239,10.887754],[72.257235,10.887508],[72.257045,10.887142],[72.256612,10.886964],[72.255988,10.886359],[72.255616,10.886119],[72.254811,10.885762],[72.254568,10.88595],[72.253767,10.885777],[72.252162,10.885371],[72.25136,10.885198],[72.250371,10.884844],[72.249504,10.884427],[72.248518,10.884257],[72.248334,10.88426],[72.247531,10.884026],[72.245863,10.883497],[72.243632,10.882301],[72.241408,10.881535],[72.239797,10.88076],[72.238995,10.880526],[72.236586,10.879763],[72.235354,10.879597],[72.233746,10.879006],[72.232699,10.878837],[72.231098,10.878676],[72.230111,10.878445],[72.228513,10.878469],[72.227103,10.878735],[72.225874,10.878753],[72.225078,10.87895],[72.224097,10.879148],[72.222686,10.879354],[72.221279,10.879805],[72.219076,10.880452],[72.217861,10.881453],[72.216648,10.882516],[72.216287,10.883075],[72.215694,10.884497],[72.215285,10.885917],[72.215117,10.886964],[72.21495,10.888134],[72.21496,10.888749],[72.215153,10.88936],[72.21535,10.890156],[72.215789,10.890764],[72.216167,10.891373],[72.217033,10.891729],[72.217406,10.89197],[72.218454,10.892139],[72.219255,10.892311],[72.220423,10.892294],[72.221038,10.892285],[72.222024,10.892455]]],[[[70.712186,10.912396],[70.712183,10.912211],[70.711934,10.91203],[70.711927,10.911599],[70.711736,10.911171],[70.711918,10.910983],[70.711915,10.910799],[70.712159,10.91061],[70.71234,10.910361],[70.712522,10.910174],[70.712334,10.909992],[70.711903,10.909998],[70.711531,10.909819],[70.711284,10.909823],[70.7111,10.909825],[70.71073,10.909831],[70.710302,10.910022],[70.709686,10.910031],[70.709501,10.910034],[70.708698,10.909861],[70.708513,10.909864],[70.708269,10.910052],[70.708272,10.910237],[70.70809,10.910424],[70.708279,10.910668],[70.708528,10.910849],[70.7089,10.911028],[70.709091,10.911456],[70.709713,10.911817],[70.709898,10.911814],[70.710517,10.912051],[70.710764,10.912047],[70.711133,10.912042],[70.711318,10.912039],[70.711567,10.91222],[70.711752,10.912218],[70.711939,10.9124],[70.712186,10.912396]]],[[[70.749061,10.975649],[70.749246,10.975647],[70.74968,10.975825],[70.750234,10.975817],[70.750665,10.97581],[70.750847,10.975623],[70.75109,10.975373],[70.751272,10.975185],[70.751266,10.974816],[70.751068,10.973957],[70.750816,10.973591],[70.750619,10.972793],[70.749984,10.971571],[70.749162,10.970167],[70.748528,10.968945],[70.74814,10.967781],[70.747321,10.966561],[70.746878,10.965767],[70.74625,10.964976],[70.745868,10.964181],[70.745043,10.962592],[70.744411,10.961555],[70.743777,10.960394],[70.74277,10.958993],[70.741698,10.957346],[70.740883,10.956373],[70.740248,10.95515],[70.739432,10.954177],[70.739053,10.953567],[70.738425,10.952776],[70.737795,10.9518],[70.737166,10.951008],[70.736532,10.949786],[70.735716,10.948813],[70.735091,10.948206],[70.734706,10.947165],[70.73408,10.946559],[70.733259,10.945216],[70.732433,10.943565],[70.731802,10.94259],[70.731172,10.941614],[70.730727,10.940758],[70.730346,10.939963],[70.729712,10.938802],[70.729087,10.938196],[70.728449,10.936789],[70.727876,10.935566],[70.727627,10.935385],[70.727243,10.934405],[70.726611,10.933367],[70.72617,10.932758],[70.725783,10.931594],[70.72534,10.9308],[70.725331,10.930184],[70.724945,10.929143],[70.724687,10.928346],[70.724308,10.927736],[70.723865,10.926942],[70.72348,10.925962],[70.722664,10.924989],[70.722033,10.923951],[70.721407,10.923345],[70.720779,10.922553],[70.720401,10.921943],[70.719967,10.921765],[70.719588,10.921155],[70.71896,10.920363],[70.718711,10.920182],[70.718144,10.91939],[70.717516,10.918599],[70.717076,10.917989],[70.716453,10.917567],[70.716448,10.917198],[70.715887,10.916775],[70.715012,10.915988],[70.714452,10.915626],[70.714202,10.915384],[70.713833,10.915389],[70.713586,10.915393],[70.713405,10.915642],[70.714221,10.916615],[70.71447,10.916796],[70.714661,10.917224],[70.71504,10.917835],[70.716487,10.919784],[70.717555,10.921185],[70.718559,10.922401],[70.719187,10.923193],[70.720194,10.924594],[70.721014,10.925814],[70.721888,10.926602],[70.722895,10.928003],[70.723532,10.92941],[70.724354,10.930814],[70.724736,10.931609],[70.725625,10.933382],[70.726201,10.93479],[70.726845,10.936628],[70.727667,10.938032],[70.728113,10.939011],[70.728936,10.940415],[70.729372,10.940778],[70.729945,10.942001],[70.73058,10.943223],[70.731211,10.944199],[70.731661,10.945424],[70.73223,10.946401],[70.732673,10.947195],[70.732874,10.948239],[70.733076,10.949406],[70.733533,10.951062],[70.733982,10.952226],[70.734557,10.953634],[70.734825,10.955046],[70.735211,10.956087],[70.735475,10.957253],[70.735666,10.957682],[70.735681,10.958667],[70.735866,10.958664],[70.736063,10.959462],[70.736072,10.960077],[70.736703,10.961053],[70.736901,10.961912],[70.736909,10.962467],[70.737553,10.964304],[70.737563,10.96492],[70.737818,10.965532],[70.738393,10.966878],[70.738843,10.968103],[70.739035,10.968532],[70.739474,10.969079],[70.740288,10.969929],[70.740663,10.970293],[70.740912,10.970474],[70.741729,10.971509],[70.742354,10.972116],[70.742732,10.972664],[70.743983,10.973877],[70.744359,10.974303],[70.745427,10.975703],[70.745618,10.97607],[70.745802,10.976067],[70.746234,10.976061],[70.746603,10.976055],[70.747216,10.975862],[70.747647,10.975855],[70.748014,10.975665],[70.74826,10.975661],[70.74863,10.975656],[70.749061,10.975649]]],[[[70.838913,11.042907],[70.839279,11.042655],[70.839899,11.042892],[70.84008,11.042643],[70.840077,11.042459],[70.839892,11.042461],[70.839461,11.042468],[70.838907,11.042476],[70.838291,11.042485],[70.83786,11.042492],[70.837675,11.042495],[70.837491,11.042497],[70.837057,11.042319],[70.836865,11.041891],[70.836241,11.041346],[70.836047,11.040733],[70.836037,11.040118],[70.836391,11.039066],[70.836622,11.038077],[70.836795,11.037274],[70.836967,11.036471],[70.837142,11.035852],[70.837749,11.035228],[70.83854,11.0346],[70.838965,11.034224],[70.839143,11.033791],[70.839138,11.033421],[70.838949,11.033178],[70.838518,11.033184],[70.838146,11.033005],[70.837709,11.032642],[70.837089,11.032405],[70.836532,11.032229],[70.835914,11.032053],[70.835298,11.032062],[70.834682,11.032072],[70.833884,11.032268],[70.833271,11.032462],[70.832475,11.03272],[70.832044,11.032727],[70.831677,11.032917],[70.831249,11.033108],[70.831071,11.033542],[70.831076,11.033911],[70.831273,11.034709],[70.831529,11.035321],[70.831723,11.035933],[70.831923,11.036916],[70.832364,11.037525],[70.832561,11.038322],[70.832758,11.03912],[70.832767,11.039736],[70.833035,11.041148],[70.833417,11.041942],[70.833614,11.04274],[70.83387,11.043352],[70.834246,11.043777],[70.834492,11.043774],[70.834855,11.043337],[70.835465,11.042959],[70.83565,11.042956],[70.836081,11.042949],[70.836697,11.04294],[70.837251,11.042932],[70.837497,11.042928],[70.838482,11.042913],[70.838913,11.042907]]],[[[70.874091,11.04743],[70.874087,11.047183],[70.873656,11.04719],[70.873281,11.046826],[70.872474,11.046407],[70.871849,11.045801],[70.87104,11.045259],[70.870227,11.04447],[70.868979,11.043442],[70.868166,11.042654],[70.867357,11.04205],[70.866735,11.04169],[70.865494,11.041093],[70.864499,11.040492],[70.863446,11.040077],[70.863071,11.039713],[70.862452,11.039538],[70.862024,11.039729],[70.862027,11.039914],[70.86203,11.040098],[70.862039,11.040714],[70.862046,11.041145],[70.862055,11.04176],[70.862061,11.04213],[70.862067,11.042561],[70.862073,11.04293],[70.862082,11.043546],[70.862526,11.044339],[70.86272,11.044952],[70.863342,11.045374],[70.863964,11.045734],[70.864151,11.045916],[70.864582,11.045909],[70.865198,11.0459],[70.865568,11.045895],[70.866368,11.045883],[70.867173,11.046117],[70.867973,11.046105],[70.868589,11.046096],[70.869389,11.046084],[70.870442,11.046437],[70.871862,11.046662],[70.872668,11.04702],[70.873287,11.047195],[70.87366,11.047436],[70.873845,11.047433],[70.874091,11.04743]]],[[[70.880319,11.04789],[70.880131,11.047709],[70.879762,11.047714],[70.87951,11.047348],[70.879136,11.047108],[70.878885,11.046742],[70.878697,11.04656],[70.878512,11.046563],[70.878081,11.046569],[70.877896,11.046572],[70.877715,11.04676],[70.877474,11.047133],[70.877293,11.047382],[70.877296,11.047566],[70.877481,11.047564],[70.877912,11.047557],[70.878099,11.047739],[70.878345,11.047735],[70.87853,11.047733],[70.878902,11.047912],[70.87934,11.048336],[70.879774,11.048514],[70.880147,11.048755],[70.880578,11.048749],[70.880574,11.048502],[70.880323,11.048137],[70.880319,11.04789]]],[[[70.881785,11.051132],[70.881778,11.050701],[70.881773,11.050332],[70.881766,11.049901],[70.881579,11.049719],[70.881387,11.049291],[70.881138,11.04911],[70.881135,11.048925],[70.880951,11.048928],[70.880769,11.049115],[70.880771,11.0493],[70.88096,11.049543],[70.880963,11.049728],[70.880781,11.049915],[70.880596,11.049918],[70.8806,11.050164],[70.880354,11.050168],[70.879987,11.050358],[70.879802,11.050361],[70.879993,11.050728],[70.880181,11.050971],[70.880366,11.050968],[70.880612,11.050965],[70.880982,11.050959],[70.881163,11.05071],[70.881409,11.050706],[70.881413,11.050953],[70.8816,11.051135],[70.881785,11.051132]]],[[[70.88242,11.052354],[70.882046,11.052113],[70.881615,11.052119],[70.881434,11.052368],[70.88144,11.052738],[70.881443,11.052922],[70.881452,11.053538],[70.881459,11.053969],[70.881218,11.054342],[70.881222,11.054588],[70.881225,11.054773],[70.881228,11.054957],[70.881231,11.055142],[70.881477,11.055138],[70.881662,11.055136],[70.881659,11.054951],[70.882084,11.054575],[70.882265,11.054326],[70.882441,11.053769],[70.88262,11.053336],[70.882613,11.052905],[70.882607,11.052536],[70.88242,11.052354]]],[[[71.273199,11.205392],[71.273011,11.205149],[71.27258,11.205156],[71.272402,11.205589],[71.271978,11.206026],[71.271617,11.206586],[71.271011,11.20721],[71.270406,11.207835],[71.270415,11.20845],[71.269815,11.209444],[71.269471,11.211049],[71.269478,11.21148],[71.269669,11.211908],[71.269502,11.213079],[71.2697,11.213876],[71.269906,11.215289],[71.270538,11.216325],[71.271366,11.218097],[71.27156,11.21871],[71.272444,11.220112],[71.273448,11.221327],[71.274072,11.221871],[71.275255,11.222715],[71.276313,11.223499],[71.277307,11.224038],[71.278116,11.224641],[71.27892,11.224875],[71.279979,11.225658],[71.280979,11.226628],[71.281786,11.227046],[71.282595,11.227588],[71.283463,11.228005],[71.283835,11.228184],[71.28445,11.228175],[71.285251,11.228163],[71.286232,11.227963],[71.286476,11.227775],[71.287091,11.227765],[71.287456,11.227514],[71.287629,11.226711],[71.287865,11.226092],[71.287859,11.225723],[71.287594,11.224496],[71.287015,11.222905],[71.286569,11.221927],[71.286122,11.220888],[71.285543,11.219297],[71.284459,11.216913],[71.283455,11.215698],[71.282193,11.213686],[71.280377,11.211745],[71.279752,11.211139],[71.277693,11.209324],[71.275012,11.207149],[71.27383,11.206367],[71.27339,11.205759],[71.273199,11.205392]]],[[[71.346462,11.351219],[71.346264,11.350422],[71.346252,11.349622],[71.346242,11.349007],[71.346052,11.348641],[71.346045,11.34821],[71.345854,11.347844],[71.345848,11.347413],[71.345592,11.346802],[71.345401,11.346435],[71.34521,11.346008],[71.344954,11.345396],[71.344569,11.344418],[71.344126,11.343625],[71.343741,11.342646],[71.343294,11.341607],[71.34266,11.340447],[71.342277,11.339592],[71.341643,11.338432],[71.341446,11.337636],[71.340999,11.336596],[71.340617,11.335802],[71.340361,11.335191],[71.339979,11.334397],[71.339785,11.333784],[71.339533,11.333419],[71.339329,11.332192],[71.339138,11.331825],[71.338885,11.331399],[71.338876,11.330783],[71.338497,11.330174],[71.338048,11.329012],[71.337666,11.328218],[71.33741,11.327606],[71.337213,11.326809],[71.337015,11.326012],[71.336821,11.3254],[71.336565,11.324789],[71.336183,11.323995],[71.335989,11.323382],[71.33573,11.322586],[71.335533,11.321789],[71.335523,11.321174],[71.335329,11.320562],[71.334879,11.319338],[71.334679,11.318357],[71.334235,11.317563],[71.33422,11.316579],[71.334022,11.315721],[71.33364,11.314927],[71.333381,11.314131],[71.333372,11.313515],[71.333178,11.312965],[71.333171,11.312534],[71.333162,11.311919],[71.332962,11.310937],[71.332511,11.309714],[71.332127,11.308735],[71.331679,11.307696],[71.331233,11.306718],[71.330664,11.305742],[71.330032,11.304706],[71.328776,11.303125],[71.327961,11.302153],[71.327333,11.301363],[71.326704,11.300511],[71.326134,11.299535],[71.325506,11.298745],[71.324878,11.297955],[71.324431,11.296915],[71.324049,11.296121],[71.323603,11.295143],[71.323212,11.293734],[71.322953,11.292938],[71.322124,11.291105],[71.321927,11.290308],[71.321729,11.289511],[71.321474,11.2889],[71.321468,11.28853],[71.321086,11.287736],[71.320895,11.287309],[71.320636,11.286513],[71.320254,11.285718],[71.320063,11.285291],[71.319607,11.283698],[71.319158,11.282535],[71.318769,11.281311],[71.318319,11.280087],[71.318103,11.27806],[71.317909,11.277509],[71.317651,11.276713],[71.317447,11.275485],[71.317255,11.275057],[71.317061,11.274445],[71.316812,11.274264],[71.31644,11.274085],[71.316255,11.274088],[71.316009,11.274092],[71.316012,11.274276],[71.316449,11.2747],[71.316824,11.275064],[71.316828,11.27531],[71.31708,11.275675],[71.317275,11.276288],[71.317284,11.276903],[71.317287,11.277087],[71.317685,11.278927],[71.317698,11.279727],[71.317704,11.280096],[71.317713,11.280711],[71.317544,11.281699],[71.317742,11.282557],[71.317755,11.283357],[71.318019,11.284522],[71.318214,11.285134],[71.318661,11.286174],[71.319051,11.287521],[71.31925,11.28838],[71.319511,11.28936],[71.319893,11.290154],[71.320333,11.290763],[71.320718,11.291742],[71.321165,11.292781],[71.321547,11.293575],[71.321993,11.294553],[71.322185,11.294981],[71.322444,11.295777],[71.322638,11.296389],[71.322828,11.296755],[71.323025,11.297552],[71.323281,11.298164],[71.323476,11.298776],[71.32367,11.299388],[71.324113,11.300181],[71.324498,11.30116],[71.324761,11.302202],[71.325333,11.303363],[71.325592,11.304159],[71.32579,11.305017],[71.326239,11.306179],[71.326812,11.307401],[71.327071,11.308197],[71.327262,11.308625],[71.327268,11.308994],[71.327281,11.309794],[71.327475,11.310406],[71.327672,11.311203],[71.328113,11.311812],[71.32831,11.312609],[71.328566,11.31322],[71.328756,11.313586],[71.328957,11.314629],[71.329154,11.315426],[71.329605,11.31665],[71.330058,11.318058],[71.330445,11.319221],[71.330893,11.320261],[71.330901,11.320814],[71.331099,11.321673],[71.331487,11.322836],[71.33194,11.324244],[71.332144,11.325472],[71.332593,11.326634],[71.332985,11.328043],[71.333244,11.328839],[71.333435,11.329267],[71.333629,11.329879],[71.333888,11.330675],[71.334083,11.331288],[71.334277,11.3319],[71.334474,11.332697],[71.33473,11.333308],[71.334927,11.334105],[71.335309,11.334899],[71.335565,11.335511],[71.336199,11.33667],[71.336581,11.337464],[71.337407,11.339113],[71.3376,11.339664],[71.338232,11.3407],[71.338681,11.341862],[71.339064,11.342718],[71.339319,11.343268],[71.339698,11.343877],[71.340148,11.345101],[71.340533,11.34608],[71.341168,11.3473],[71.341618,11.348524],[71.342246,11.349314],[71.342813,11.350106],[71.343249,11.350468],[71.343438,11.350711],[71.343684,11.350708],[71.344056,11.350886],[71.34449,11.351064],[71.345053,11.351671],[71.345487,11.351849],[71.345671,11.351846],[71.346102,11.351839],[71.346284,11.351652],[71.346281,11.351468],[71.346462,11.351219]]],[[[71.572676,11.56205],[71.572303,11.56181],[71.571864,11.561264],[71.570429,11.560056],[71.569807,11.559635],[71.569435,11.559456],[71.569001,11.559278],[71.568819,11.559466],[71.568389,11.559473],[71.568207,11.55966],[71.568023,11.559663],[71.568027,11.559909],[71.568033,11.560278],[71.568039,11.560708],[71.568227,11.56089],[71.56823,11.561074],[71.568419,11.561318],[71.568852,11.561495],[71.569043,11.561861],[71.569289,11.561858],[71.569293,11.562104],[71.569053,11.562476],[71.569059,11.562907],[71.5687,11.563528],[71.568467,11.564331],[71.568293,11.564949],[71.56769,11.565758],[71.567334,11.566563],[71.566922,11.567739],[71.566755,11.568787],[71.566761,11.569156],[71.566603,11.570819],[71.56636,11.571008],[71.566191,11.571995],[71.565835,11.5728],[71.565603,11.573665],[71.565621,11.574833],[71.56545,11.575636],[71.565285,11.576868],[71.565049,11.577487],[71.564883,11.578659],[71.564716,11.579707],[71.564547,11.580694],[71.564136,11.581931],[71.563958,11.582303],[71.563968,11.582918],[71.563787,11.583166],[71.563544,11.583355],[71.563362,11.583542],[71.562935,11.583733],[71.562566,11.583739],[71.56195,11.583749],[71.561524,11.584002],[71.561342,11.584189],[71.560979,11.584564],[71.56074,11.584998],[71.560747,11.585429],[71.560384,11.585804],[71.559966,11.58661],[71.559604,11.587046],[71.559361,11.587234],[71.559364,11.587419],[71.559614,11.587661],[71.559801,11.587843],[71.560422,11.588202],[71.560796,11.588442],[71.561229,11.58862],[71.562029,11.588607],[71.562644,11.588598],[71.563437,11.588155],[71.564234,11.587958],[71.564843,11.587579],[71.565451,11.587139],[71.566241,11.586511],[71.5666,11.58589],[71.567202,11.585081],[71.567623,11.584459],[71.568407,11.583463],[71.568996,11.581854],[71.569589,11.58043],[71.57055,11.579],[71.570728,11.578567],[71.571139,11.577392],[71.571116,11.575977],[71.571094,11.574563],[71.571074,11.573333],[71.571051,11.571918],[71.571213,11.570501],[71.571374,11.569084],[71.571595,11.567481],[71.571589,11.567112],[71.571766,11.566678],[71.571941,11.56606],[71.572346,11.564455],[71.572935,11.562846],[71.572682,11.562419],[71.572676,11.56205]]],[[[70.746356,11.702725],[70.746353,11.70254],[70.745794,11.702303],[70.745367,11.702556],[70.744751,11.702566],[70.744382,11.702571],[70.743947,11.702332],[70.743146,11.702345],[70.742715,11.702352],[70.742534,11.702601],[70.742537,11.702785],[70.742355,11.702973],[70.742362,11.703404],[70.742365,11.703589],[70.742188,11.704023],[70.74195,11.704581],[70.741588,11.705017],[70.741406,11.705205],[70.741164,11.705455],[70.741413,11.705636],[70.741601,11.705818],[70.741786,11.705815],[70.74197,11.705812],[70.742402,11.705805],[70.742586,11.705802],[70.743196,11.705423],[70.743381,11.70542],[70.743808,11.705167],[70.744421,11.704973],[70.744784,11.704536],[70.745212,11.704344],[70.745578,11.704154],[70.745996,11.703346],[70.746177,11.703097],[70.746356,11.702725]]],[[[71.27375,11.781692],[71.272745,11.780477],[71.272742,11.780293],[71.272496,11.780297],[71.272493,11.780112],[71.272489,11.779866],[71.272301,11.779685],[71.272298,11.7795],[71.27211,11.779257],[71.271922,11.779075],[71.271676,11.779079],[71.271488,11.778897],[71.270865,11.778477],[71.270681,11.77848],[71.270496,11.778483],[71.27025,11.778486],[71.269696,11.778495],[71.268835,11.778509],[71.268034,11.778522],[71.267665,11.778528],[71.267426,11.778962],[71.267432,11.779331],[71.267685,11.779758],[71.267696,11.780373],[71.268071,11.780737],[71.268321,11.780979],[71.268875,11.78097],[71.269121,11.780966],[71.269306,11.780963],[71.269493,11.781145],[71.269927,11.781322],[71.270116,11.781566],[71.270741,11.782109],[71.271379,11.783515],[71.272051,11.78695],[71.272635,11.788725],[71.27327,11.789946],[71.274353,11.792144],[71.275176,11.793546],[71.275812,11.794767],[71.276016,11.795933],[71.276402,11.796973],[71.277472,11.798371],[71.278476,11.799524],[71.278917,11.800133],[71.27926,11.798527],[71.279486,11.797293],[71.279611,11.79366],[71.279561,11.790645],[71.279111,11.789483],[71.278284,11.787835],[71.276651,11.785892],[71.275393,11.784251],[71.275014,11.783703],[71.274764,11.783461],[71.274382,11.782667],[71.27375,11.781692]]],[[[70.308056,12.036974],[70.246176,11.963551],[70.214094,12.104928],[70.308056,12.036974]]],[[[70.437739,12.340967],[70.377762,12.300367],[70.345805,12.362326],[70.412312,12.530281],[70.44891,12.514238],[70.437739,12.340967]]]]}},{"type":"Feature","id":"IMD_SUB_ANDAMAN_NICOBAR","properties":{"region_id":"IMD_SUB_ANDAMAN_NICOBAR","region_name":"A & N ISLAND","source_name":"A & N ISLAND","region_group":"SOUTH PENINSULA"},"geometry":{"type":"MultiPolygon","coordinates":[[[[92.451185,6.595317],[92.343331,6.806815],[92.294815,6.809045],[92.290431,6.953511],[92.482128,7.044684],[92.583612,6.855094],[92.53048,6.628263],[92.451185,6.595317]]],[[[91.380386,8.938828],[91.293699,8.97622],[91.367306,9.078991],[91.41935,8.998318],[91.380386,8.938828]]],[[[91.10986,10.302861],[90.992074,10.325062],[90.977882,10.571018],[91.069916,10.671945],[91.131917,10.67512],[91.195018,10.489772],[91.10986,10.302861]]],[[[91.289886,11.267932],[91.108236,11.641172],[91.169404,11.730089],[91.179644,11.686371],[91.223136,11.982918],[91.264057,12.005985],[91.352911,11.807003],[91.306602,11.653982],[91.337793,11.716142],[91.361248,11.654001],[91.276196,11.457739],[91.326189,11.469091],[91.333944,11.407376],[91.289886,11.267932]]],[[[91.339357,12.094609],[91.272302,12.16865],[91.281876,12.411588],[91.32331,12.450122],[91.33635,12.623435],[91.484941,12.704939],[91.557888,12.463166],[91.545759,12.291684],[91.432096,12.190862],[91.453517,12.116046],[91.339357,12.094609]]],[[[91.417804,12.693283],[91.378822,12.694751],[91.359507,12.816037],[91.409554,12.898586],[91.390931,13.145041],[91.513308,13.315558],[91.604738,13.335115],[91.643365,13.096955],[91.576345,13.141092],[91.576979,13.074341],[91.627353,12.968614],[91.581792,12.821809],[91.519245,12.841764],[91.47929,12.800408],[91.505693,12.750671],[91.417804,12.693283]]]]}},{"type":"Feature","id":"IMD_SUB_COASTAL_AP","properties":{"region_id":"IMD_SUB_COASTAL_AP","region_name":"COASTAL ANDHRA PRADESH","source_name":"COASTAL ANDHRA PRADESH","region_group":"SOUTH PENINSULA"},"geometry":{"type":"Polygon","coordinates":[[[78.888332,13.371876],[78.794558,13.414665],[78.664796,13.463029],[78.575312,13.644809],[78.371697,13.752765],[78.344014,13.867803],[78.264588,13.782875],[78.197596,13.888875],[78.060663,13.890631],[78.074654,14.205842],[77.960243,14.446235],[77.844393,14.591043],[77.759676,14.878834],[77.714161,15.166156],[77.586456,15.186778],[77.399861,15.22709],[77.495828,15.837908],[77.596408,15.980118],[77.589263,16.07779],[77.591468,16.075772],[77.605309,16.18912],[77.741961,16.235192],[77.877534,16.203528],[77.892788,16.400438],[77.919683,16.543419],[78.106075,16.58253],[78.317896,16.656882],[78.479753,16.701988],[78.565785,16.664703],[78.614082,16.598201],[78.765519,16.744727],[78.68709,16.853587],[78.806852,16.952859],[78.900693,16.992859],[78.998993,16.94918],[79.045643,16.811021],[79.082159,16.780465],[79.198995,16.742317],[79.291691,16.734442],[79.26248,16.8126],[79.288723,16.877673],[79.196884,16.927305],[79.18937,16.867799],[79.098015,16.941248],[79.094022,17.042759],[79.161159,16.993664],[79.211405,17.022459],[79.256685,17.105032],[79.355052,17.067148],[79.365648,16.989378],[79.403658,17.024345],[79.526717,16.985856],[79.579323,17.109909],[79.635102,17.108638],[79.624481,17.180437],[79.691325,17.125228],[79.878622,17.17444],[79.874772,17.263951],[79.949172,17.262128],[80.019468,17.337862],[80.080495,17.30056],[80.214047,17.416296],[80.242273,17.534722],[80.295395,17.652465],[80.42739,17.702476],[80.504821,17.795616],[80.517866,17.829716],[80.619723,17.858813],[80.712183,17.87213],[80.829994,17.940006],[80.951526,17.904941],[80.997302,17.936524],[81.082797,18.158108],[81.05685,18.305278],[81.113479,18.361371],[81.242752,18.345207],[81.294204,18.117487],[81.355923,18.111345],[81.522821,18.231324],[81.552032,18.301329],[81.641115,18.233874],[81.770628,18.227552],[81.743015,18.475532],[81.87086,18.619838],[81.979155,18.611481],[82.133153,18.708222],[82.05381,18.816121],[82.084025,18.838806],[82.172667,18.823793],[82.371109,18.988486],[82.403101,18.849421],[82.497378,18.773056],[82.520297,18.804322],[82.542473,18.840235],[82.601344,18.659277],[82.998624,18.597973],[83.110926,18.706036],[83.138251,18.800681],[83.363762,18.898321],[83.346198,18.94994],[83.454394,18.923241],[83.502527,18.863597],[82.802359,18.091208],[82.456538,17.937134],[82.327657,17.84772],[82.18729,17.757767],[82.069109,17.5586],[81.927469,17.475844],[81.912167,17.413623],[81.267028,17.105542],[80.972349,16.807477],[81.001821,16.723115],[81.052791,16.82304],[81.098206,16.778794],[81.021413,16.581725],[80.992133,16.417138],[80.389661,16.209256],[80.3171,16.219953],[80.269636,16.235388],[80.012434,16.237053],[79.863706,15.900627],[79.714624,15.755835],[79.699703,15.672866],[79.514461,15.591007],[79.453095,15.756758],[79.248269,15.766031],[79.09733,15.677273],[78.991727,15.595582],[78.883762,15.338589],[78.783453,15.265882],[78.700044,14.932094],[78.805575,14.505944],[78.816242,14.265635],[78.797024,14.173383],[78.689058,14.107194],[78.782673,14.084738],[78.886516,13.71829],[78.92397,13.356275],[78.888332,13.371876]]]}},{"type":"Feature","id":"IMD_SUB_ARUNACHAL","properties":{"region_id":"IMD_SUB_ARUNACHAL","region_name":"ARUNACHAL PRADESH","source_name":"ARUNACHAL PRADESH","region_group":"EAST AND NORTH EAST INDIA"},"geometry":{"type":"Polygon","coordinates":[[[91.107171,26.465286],[90.993173,26.718832],[91.0869,26.879428],[90.974318,27.03417],[90.607507,27.098347],[90.548246,27.170612],[90.61838,27.302015],[90.602411,27.419052],[90.929146,27.275027],[91.181746,27.42123],[91.315034,27.364113],[91.48996,27.398354],[91.698511,27.51512],[91.64571,27.631428],[91.69469,27.692031],[92.206381,27.875962],[92.150677,27.961958],[92.278626,28.149792],[92.363712,28.189368],[92.949125,28.219134],[92.961673,28.347328],[93.188283,28.591294],[93.583345,28.813984],[93.697863,28.76071],[93.738844,28.679149],[93.962141,28.659914],[94.263637,28.524701],[94.402008,28.52638],[94.547807,28.728475],[95.005893,28.920216],[95.208859,28.677933],[95.305731,28.739617],[95.317605,28.677195],[95.252998,28.601282],[95.074656,28.533086],[95.099376,28.373815],[95.268739,28.478283],[95.423907,28.5003],[95.41101,28.433562],[95.514188,28.199564],[95.24396,27.997721],[95.25528,27.944462],[95.17407,27.905572],[95.228753,27.849647],[95.289049,27.809659],[95.52393,27.923519],[95.745679,27.819374],[95.988476,27.814138],[96.268273,27.679739],[96.19479,27.554977],[96.26606,27.469733],[96.229295,27.384613],[96.137409,27.368722],[95.77874,27.106922],[95.861972,26.868821],[96.02743,26.628293],[95.989354,26.596954],[95.766234,26.715712],[95.62258,26.900296],[95.423527,26.806603],[95.109004,26.774497],[94.950429,26.705906],[94.808612,26.549392],[94.326613,26.209072],[94.178036,26.19532],[94.091368,26.279319],[94.105011,26.504829],[94.148711,26.555421],[94.285082,26.623657],[94.371932,26.657799],[94.434602,26.745955],[94.509816,26.734962],[94.583429,26.745133],[94.778896,26.754989],[94.909909,26.82618],[94.931864,26.874575],[94.893971,26.904352],[94.793347,26.910273],[94.800292,27.016255],[94.721093,27.094737],[94.702984,27.20652],[94.866026,27.441608],[94.625201,27.463841],[94.462501,27.378886],[94.194504,27.365893],[93.843312,27.254758],[93.508491,27.082493],[93.313737,27.090103],[93.255344,27.104609],[93.218063,27.155417],[93.162549,27.137686],[93.16555,27.072265],[93.230363,27.039654],[92.95747,26.865603],[92.785668,26.699113],[92.756507,26.565555],[92.61926,26.487037],[92.462117,26.480511],[92.200608,26.482708],[91.998992,26.453744],[91.709771,26.588876],[91.623703,26.580513],[91.450124,26.50605],[91.292332,26.471697],[91.177986,26.444711],[91.107171,26.465286]]]}},{"type":"Feature","id":"IMD_SUB_ASSAM_MEGHALAYA","properties":{"region_id":"IMD_SUB_ASSAM_MEGHALAYA","region_name":"ASSAM & MEGHALAYA","source_name":"ASSAM & MEGHALAYA","region_group":"EAST AND NORTH EAST INDIA"},"geometry":{"type":"Polygon","coordinates":[[[94.105011,26.504829],[93.921614,26.417844],[93.784649,26.407097],[93.712649,26.302928],[93.583362,26.244552],[93.500074,26.204004],[93.425779,26.204306],[93.226557,25.972008],[93.185968,26.0569],[93.068002,25.885823],[92.917731,25.717317],[92.862088,25.523846],[92.890288,25.459919],[92.775493,25.402891],[92.635604,25.44981],[92.309649,25.165396],[92.29528,25.073468],[92.378165,24.995022],[92.38465,24.859553],[92.326277,24.875407],[92.256224,24.811105],[92.148038,24.527132],[92.094733,24.456174],[92.060507,24.40558],[92.007227,24.404862],[91.949943,24.302387],[92.039118,24.21015],[92.024259,24.111451],[91.908452,24.092197],[91.883174,23.903581],[91.746428,23.894929],[91.667809,24.01459],[91.435743,23.662552],[91.333988,23.704331],[91.293003,23.74341],[91.260768,23.795636],[91.131309,23.787671],[91.185513,23.871167],[91.151967,24.068982],[91.199614,24.29474],[91.138569,24.403395],[91.163128,24.476755],[91.345868,24.400225],[91.380126,24.437367],[91.393814,24.503865],[91.331051,24.590212],[91.090836,24.699946],[90.956171,24.778723],[90.584654,24.710398],[90.330308,24.769206],[90.046788,24.809077],[89.908152,24.774177],[89.286579,24.769543],[88.785679,24.916858],[88.759548,24.949343],[88.830842,25.223009],[88.79077,25.421752],[88.827875,25.457593],[88.837482,25.558782],[88.689875,25.863961],[88.741841,25.902105],[88.787948,25.934218],[88.805981,25.991456],[88.813302,26.036595],[88.822167,26.183522],[88.840133,26.31923],[89.159825,26.358574],[89.237172,26.467826],[89.370505,26.498695],[89.456934,26.428291],[89.627677,26.363163],[89.951691,26.353222],[90.073028,26.404469],[90.298433,26.360069],[90.394602,26.41649],[90.497268,26.368599],[90.680625,26.377602],[90.850802,26.484856],[91.041459,26.406023],[91.107171,26.465286],[91.177986,26.444711],[91.292332,26.471697],[91.450124,26.50605],[91.623703,26.580513],[91.709771,26.588876],[91.998992,26.453744],[92.200608,26.482708],[92.462117,26.480511],[92.61926,26.487037],[92.756507,26.565555],[92.785668,26.699113],[92.95747,26.865603],[93.230363,27.039654],[93.16555,27.072265],[93.162549,27.137686],[93.218063,27.155417],[93.255344,27.104609],[93.313737,27.090103],[93.508491,27.082493],[93.843312,27.254758],[94.194504,27.365893],[94.462501,27.378886],[94.625201,27.463841],[94.866026,27.441608],[94.702984,27.20652],[94.721093,27.094737],[94.800292,27.016255],[94.793347,26.910273],[94.893971,26.904352],[94.931864,26.874575],[94.909909,26.82618],[94.778896,26.754989],[94.583429,26.745133],[94.509816,26.734962],[94.434602,26.745955],[94.371932,26.657799],[94.285082,26.623657],[94.148711,26.555421],[94.105011,26.504829]]]}},{"type":"Feature","id":"IMD_SUB_BIHAR","properties":{"region_id":"IMD_SUB_BIHAR","region_name":"BIHAR","source_name":"BIHAR","region_group":"EAST AND NORTH EAST INDIA"},"geometry":{"type":"Polygon","coordinates":[[[86.834702,24.912775],[86.604409,24.9718],[86.486623,25.046908],[86.373998,24.921201],[86.250214,24.921125],[86.144582,24.823051],[86.062929,24.761206],[86.048622,24.61339],[85.980954,24.544899],[85.93217,24.331653],[85.839433,24.375631],[85.794365,24.303232],[85.484385,24.33841],[85.413899,24.285],[85.346883,24.125096],[85.171768,24.211595],[85.211472,24.333583],[85.045479,24.343681],[84.955483,24.532775],[84.610949,24.534347],[84.574356,24.362353],[84.290757,24.309675],[84.05964,24.198447],[83.80225,24.189308],[83.729385,24.32055],[83.387586,24.099582],[83.189515,24.36112],[83.024002,24.298088],[82.94206,24.452815],[82.85088,24.3745],[82.723744,24.356553],[82.468686,24.357424],[82.340448,24.541324],[82.294887,24.593335],[82.286646,24.837429],[82.349839,25.000402],[82.45418,25.052149],[82.600202,25.106763],[82.710073,25.135359],[82.838377,25.251253],[82.91504,25.315847],[83.387204,25.501102],[83.49059,25.388472],[83.587985,25.389174],[83.561266,25.48894],[83.479276,25.536092],[83.157068,25.737191],[83.012548,25.834544],[82.987697,25.948164],[83.149165,25.977557],[83.147957,26.086688],[82.899143,26.196725],[82.919516,26.241387],[83.023941,26.269982],[83.120299,26.375141],[83.377453,26.337554],[83.370683,26.428157],[83.290384,26.43941],[83.243175,26.53281],[83.074817,26.612978],[83.008039,27.00496],[82.95755,27.0628],[82.911729,27.040631],[82.845497,27.046863],[82.837207,27.086964],[82.873829,27.12383],[82.921284,27.12808],[82.86762,27.198289],[82.896434,27.229098],[83.06712,27.205167],[83.164822,27.245212],[83.330823,27.121175],[83.66478,27.043085],[83.721085,26.913475],[83.693424,26.767379],[83.758568,26.737378],[84.15696,26.588283],[84.250879,26.487556],[84.64389,26.570518],[84.720521,26.488752],[84.724776,26.345912],[84.842773,26.274034],[85.032467,26.344712],[85.134355,26.333949],[85.383437,26.276828],[85.743524,26.095159],[86.0299,26.249878],[86.045309,26.14552],[86.327109,26.030288],[86.459982,26.10255],[86.622486,26.048997],[86.869557,26.11263],[86.994358,26.009107],[87.121636,26.191908],[87.195386,26.154549],[87.233113,26.074455],[87.254383,25.961128],[86.979702,25.811698],[86.830565,25.652006],[86.804582,25.531337],[87.005163,25.325478],[86.965437,25.231281],[87.052871,25.179608],[87.013191,25.135143],[86.896176,25.149898],[86.781726,25.099562],[86.834702,24.912775]]]}},{"type":"Feature","id":"IMD_SUB_KONKAN_GOA","properties":{"region_id":"IMD_SUB_KONKAN_GOA","region_name":"KONKAN & GOA","source_name":"KONKAN & GOA","region_group":"CENTRAL INDIA"},"geometry":{"type":"Polygon","coordinates":[[[71.99291,20.224601],[72.004745,20.246874],[72.132693,20.182543],[72.224885,20.119527],[72.167165,19.953788],[72.259939,19.847745],[72.361096,19.684427],[72.46836,19.59996],[72.438794,19.556536],[72.553379,19.479276],[72.410496,19.434284],[72.411517,19.36979],[72.314418,19.303877],[72.263017,19.217109],[72.279985,19.102687],[72.175313,19.050943],[72.065561,18.862907],[72.127593,18.756376],[72.015286,18.725952],[72.153863,18.534605],[72.216617,18.370693],[72.390641,18.279973],[72.331393,18.228979],[72.348017,18.121689],[72.259749,18.012937],[72.306752,17.877405],[72.307938,17.798573],[72.420367,17.785751],[72.444944,17.635529],[72.370817,17.591543],[72.372265,17.491202],[72.420195,17.269596],[72.517182,17.270819],[72.645836,17.128969],[72.736348,17.043958],[72.997988,16.97499],[73.207187,16.91956],[73.349495,16.834685],[73.386279,16.804197],[73.35651,16.797892],[73.327975,16.692884],[73.220335,16.670269],[73.219197,16.717915],[73.110421,16.735419],[73.039935,16.641779],[72.909908,16.633864],[72.99496,16.501446],[72.973182,16.394819],[73.104289,16.334521],[73.123292,16.20096],[73.008264,16.164115],[73.079113,16.126064],[72.970271,15.857433],[72.851605,15.820424],[72.8029,15.877191],[72.755093,15.799353],[72.733144,15.759035],[72.890762,15.741179],[72.878865,15.639249],[72.859147,15.555037],[72.929359,15.443264],[72.935405,15.404053],[72.837443,15.348389],[72.905385,15.280556],[72.855002,15.054134],[72.729038,15.035577],[72.660564,15.049128],[72.583552,15.156069],[72.541888,15.401633],[72.460276,15.463673],[72.500549,15.493896],[72.410166,15.666223],[72.354592,15.825724],[72.252955,16.038212],[72.179228,16.050735],[72.006498,16.65099],[72.037281,16.683992],[71.990652,17.193652],[71.916416,17.4177],[71.968239,17.406855],[71.894078,17.511122],[71.882846,17.671072],[71.950993,17.702435],[71.880326,17.733757],[71.79224,18.061604],[71.820909,18.143217],[71.743296,18.164183],[71.697393,18.358504],[71.705767,18.40817],[71.751919,18.40569],[71.679386,18.504367],[71.702351,18.68419],[71.645663,18.870925],[71.678558,18.936646],[71.745624,18.920242],[71.744171,18.979167],[71.670928,19.025463],[71.786496,19.238511],[71.655252,19.133878],[71.621764,19.131794],[71.614073,19.212518],[71.573719,19.452318],[71.666072,19.50901],[71.558175,19.541078],[71.550386,19.648576],[71.61444,19.672351],[71.609006,19.734971],[71.516179,19.721304],[71.472519,19.980988],[71.490319,20.109176],[71.556662,20.114237],[71.635435,20.48005],[71.706135,20.442069],[71.75715,20.374098],[71.749761,20.283436],[71.824429,20.228634],[71.99291,20.224601]]]}},{"type":"Feature","id":"IMD_SUB_SAURASHTRA_KUTCH","properties":{"region_id":"IMD_SUB_SAURASHTRA_KUTCH","region_name":"SAURASHTRA & KUTCH","source_name":"SAURASHTRA & KUTCH","region_group":"CENTRAL INDIA"},"geometry":{"type":"MultiPolygon","coordinates":[[[[71.635435,20.48005],[71.689711,20.530748],[71.736905,20.61128],[71.754417,20.501141],[71.635435,20.48005]]],[[[70.190469,24.925462],[70.161594,24.737447],[70.267241,24.705064],[70.323827,24.587623],[70.120569,24.450045],[70.204458,24.297766],[70.196843,24.154477],[70.01474,24.160542],[69.844099,23.880778],[70.048478,23.959021],[70.168183,23.879401],[70.271344,23.894535],[70.290756,23.716303],[70.655789,23.643524],[70.846424,23.75611],[70.863511,23.625359],[70.760804,23.598727],[70.714493,23.430479],[70.882395,23.435005],[70.744134,23.312018],[70.940601,23.221804],[70.840381,23.123753],[70.93668,22.923466],[70.874144,22.862206],[70.994102,22.722113],[70.894854,22.600298],[70.786319,22.788332],[70.714405,22.61943],[70.496214,22.613443],[70.477929,22.386357],[70.68625,22.284712],[70.970424,22.208515],[71.271087,22.286171],[71.26026,22.249071],[71.23874,22.216381],[71.191653,22.159252],[71.231966,21.782627],[71.030244,21.379927],[70.527465,21.173239],[70.323323,21.059973],[70.267164,21.081838],[70.247859,21.032988],[70.049716,21.006432],[69.997101,20.988964],[69.881073,20.943553],[69.742606,20.931451],[69.705875,20.919721],[69.595253,20.971567],[69.485409,21.031812],[69.112201,21.264641],[68.301211,22.153728],[68.138961,22.279177],[67.929189,22.588159],[67.981057,22.796202],[68.028449,22.712756],[68.155961,22.697248],[68.179083,22.572034],[68.629344,22.652743],[68.696899,22.723996],[69.151836,22.800351],[69.326654,23.102078],[69.436773,23.187185],[69.490095,23.280164],[69.429553,23.285095],[69.293297,23.174509],[69.260906,23.313603],[69.233156,23.203024],[68.856758,23.131992],[68.716907,23.038535],[68.177191,23.175296],[67.674613,23.482507],[67.602143,23.564818],[67.715935,23.579517],[67.680564,23.672473],[67.621452,23.672087],[67.543655,23.781318],[67.441289,23.766013],[67.477208,23.875778],[67.43786,23.92128],[67.5653,24.240805],[67.506346,24.252327],[67.494368,24.116998],[67.343825,23.928892],[67.18735,23.957995],[67.210556,24.239664],[67.257592,24.313123],[67.416587,24.343314],[67.451487,24.668199],[67.499507,24.707864],[67.573626,24.620904],[67.619568,24.658616],[67.693399,24.607148],[68.316543,24.62191],[68.4583,24.530058],[68.653259,24.487111],[68.772652,24.538969],[68.862781,24.655955],[69.303139,24.728125],[69.34965,24.518138],[69.534848,24.504168],[69.855109,24.698196],[69.750885,24.789675],[69.88308,24.976566],[69.917424,24.937138],[69.97613,24.936799],[70.021935,24.893456],[70.190469,24.925462]]]]}},{"type":"Feature","id":"IMD_SUB_HAR_CHD_DEL","properties":{"region_id":"IMD_SUB_HAR_CHD_DEL","region_name":"HAR. CHD & DELHI","source_name":"HAR. CHD & DELHI","region_group":"NORTH WEST INDIA"},"geometry":{"type":"Polygon","coordinates":[[[76.805284,30.358396],[76.63675,30.129774],[76.429667,30.048887],[76.381775,29.995801],[76.33302,29.96606],[76.326857,29.811264],[76.294485,29.68548],[76.226582,29.63492],[76.173263,29.542654],[76.281155,29.370774],[76.283704,29.276119],[76.232876,29.242565],[76.230182,29.190225],[76.240621,29.082061],[76.285565,28.87779],[76.415856,28.656018],[76.423106,28.489447],[76.594661,28.357635],[76.530563,28.099895],[76.492107,28.051595],[76.547041,27.92336],[76.517505,27.883143],[76.373538,27.860584],[76.357728,27.818849],[76.333994,27.787758],[76.087612,27.812255],[76.100287,27.744916],[75.984179,27.659759],[75.922073,27.665819],[75.997182,27.869313],[76.001946,28.170278],[75.896891,28.23628],[75.587737,27.994415],[75.529083,28.175351],[75.372209,28.203456],[75.414284,28.170925],[75.402017,28.085695],[75.25719,28.072802],[75.199893,28.022951],[75.271968,27.849976],[75.21488,27.852856],[75.109792,27.87334],[75.035166,27.88807],[74.995586,28.007158],[75.054193,28.089059],[75.036724,28.17816],[75.094367,28.309893],[74.959855,28.420711],[74.720483,28.599737],[74.634276,28.756708],[74.579975,29.017763],[74.622583,29.092449],[74.508564,29.150551],[74.523094,29.346204],[74.455032,29.355887],[74.451945,29.41038],[74.341779,29.333197],[74.306008,29.374647],[74.053716,29.409582],[74.037427,29.486062],[73.729435,29.443495],[73.66773,29.570986],[73.743713,29.624145],[73.755994,29.834693],[73.638355,29.904613],[73.725851,30.084674],[73.787177,30.085682],[73.896328,30.126403],[74.160687,29.991976],[74.299028,29.986689],[74.281659,29.904875],[74.346761,29.946802],[74.335717,29.73368],[74.439971,29.66148],[74.580225,29.884007],[74.755837,29.851955],[74.974749,29.901542],[75.058514,29.834073],[75.123958,29.788736],[75.223077,29.822629],[75.276488,29.909563],[75.342946,29.909025],[75.393749,29.917451],[75.328561,30.05629],[75.445497,30.099636],[75.39784,30.178916],[75.568341,30.174423],[75.587266,30.209186],[75.755644,30.120609],[75.914338,30.4074],[75.968122,30.449098],[76.110527,30.438726],[76.145339,30.625511],[76.063008,30.734989],[75.900488,30.75894],[75.916499,30.816906],[76.074858,30.818926],[76.042713,30.861142],[76.013911,30.942614],[76.136549,30.898571],[76.321235,30.770933],[76.377381,30.69694],[76.36971,30.500902],[76.602551,30.418343],[76.805284,30.358396]]]}},{"type":"Feature","id":"IMD_SUB_HIMACHAL","properties":{"region_id":"IMD_SUB_HIMACHAL","region_name":"HIMACHAL PRADESH","source_name":"HIMACHAL PRADESH","region_group":"NORTH WEST INDIA"},"geometry":{"type":"Polygon","coordinates":[[[77.76637,32.482148],[77.856674,32.390106],[77.799416,32.188187],[77.942557,32.141391],[78.004235,32.030308],[78.104648,31.870085],[78.044084,31.823231],[78.012725,31.664847],[78.128704,31.51285],[77.997388,31.406461],[78.08116,31.353209],[78.183952,31.168305],[78.227896,31.022382],[78.160466,31.011847],[78.012919,31.10729],[77.729851,31.143367],[77.580092,31.227515],[77.33361,31.097163],[77.189284,31.115888],[77.076388,30.978958],[77.003812,30.882812],[77.027829,30.816674],[76.962848,30.755429],[76.995882,30.623743],[76.950487,30.54665],[77.026925,30.494864],[76.790988,30.389757],[76.805284,30.358396],[76.602551,30.418343],[76.36971,30.500902],[76.377381,30.69694],[76.321235,30.770933],[76.136549,30.898571],[76.013911,30.942614],[75.853363,31.045766],[75.893073,31.221691],[75.870139,31.296922],[75.695056,31.35774],[75.682605,31.468756],[75.611525,31.434364],[75.548388,31.365319],[75.486118,31.332429],[75.401441,31.49354],[75.346424,31.748011],[75.267383,31.854847],[75.284761,31.938516],[75.122241,32.071563],[74.934399,32.160944],[75.04434,32.353046],[75.254309,32.473584],[75.245164,32.526601],[75.179903,32.569744],[75.280499,32.696993],[75.263337,32.823145],[75.172493,32.960376],[75.208288,32.995858],[75.315811,32.964018],[75.465809,33.067723],[75.615762,33.071819],[75.795652,33.214459],[76.107386,33.198551],[76.161193,33.238542],[76.165644,33.257658],[76.234943,33.228912],[76.230862,33.108601],[76.318849,33.011834],[76.647046,32.834349],[76.823887,32.852347],[77.084982,32.948643],[77.149082,32.912503],[77.285174,32.616041],[77.406298,32.556823],[77.71514,32.701116],[77.655457,32.512485],[77.701621,32.408838],[77.76637,32.482148]]]}},{"type":"Feature","id":"IMD_SUB_JK_LADAKH","properties":{"region_id":"IMD_SUB_JK_LADAKH","region_name":"JAMMU & KASHMIR","source_name":"JAMMU & KASHMIR","region_group":"NORTH WEST INDIA"},"geometry":{"type":"Polygon","coordinates":[[[77.76637,32.482148],[77.701621,32.408838],[77.655457,32.512485],[77.71514,32.701116],[77.406298,32.556823],[77.285174,32.616041],[77.149082,32.912503],[77.084982,32.948643],[76.823887,32.852347],[76.647046,32.834349],[76.318849,33.011834],[76.230862,33.108601],[76.234943,33.228912],[76.165644,33.257658],[76.161193,33.238542],[76.107386,33.198551],[75.795652,33.214459],[75.615762,33.071819],[75.465809,33.067723],[75.315811,32.964018],[75.208288,32.995858],[75.172493,32.960376],[75.263337,32.823145],[75.280499,32.696993],[75.179903,32.569744],[74.961763,32.525319],[74.903202,32.403606],[74.684476,32.432746],[74.460221,32.569323],[74.481222,32.597247],[74.076599,32.64903],[74.022478,32.753434],[74.098387,32.972523],[73.905522,32.91897],[73.80693,32.963752],[73.730184,32.960699],[73.441008,33.081581],[73.308758,33.190874],[73.211791,33.179985],[72.968241,33.31087],[73.048782,33.477225],[72.985744,33.57216],[73.037622,33.833879],[73.068964,33.896384],[73.034614,34.06928],[72.954804,34.18741],[73.021374,34.320289],[73.038104,34.472902],[72.937893,34.606989],[73.007803,34.758632],[73.225992,34.781974],[73.316101,34.953673],[73.618228,35.076972],[73.685254,35.239791],[73.680773,35.304653],[73.323104,35.419648],[73.30812,35.544911],[73.417817,35.668646],[73.305935,35.703304],[73.114794,35.667718],[72.793193,35.916171],[72.793695,36.045147],[72.50279,36.085867],[72.412833,36.049493],[72.191616,36.129548],[72.246251,36.452761],[72.50656,36.531015],[72.804,36.790372],[72.806591,36.865274],[72.872001,36.915532],[73.59653,36.878279],[73.674131,36.90167],[73.493064,36.977554],[73.427346,37.070911],[73.58589,37.072528],[73.823126,36.996367],[74.178701,37.105617],[74.317096,37.091299],[74.46034,37.193692],[74.613947,37.04453],[74.701416,37.025721],[75.038283,37.118096],[75.188346,36.891312],[75.475721,36.632134],[75.835882,36.455769],[75.913738,36.370148],[76.011473,36.363955],[76.170917,36.203157],[76.345134,36.146347],[76.419126,36.011804],[76.37331,35.913498],[76.418723,35.863413],[76.549456,35.779438],[77.026892,35.67415],[77.069111,35.493544],[76.946829,35.503115],[77.088644,35.427291],[77.311686,35.493346],[77.506868,35.423689],[77.545967,35.530468],[77.714694,35.478321],[77.888752,35.651299],[78.30402,35.758471],[78.754023,35.694743],[78.81408,35.841345],[78.923679,35.865834],[79.06071,35.733342],[79.339404,35.629512],[79.562632,35.639818],[79.65518,35.487853],[79.838882,35.369155],[79.812955,35.203245],[79.500427,34.535587],[79.286708,34.488853],[79.205802,34.321406],[78.999902,34.353123],[79.025678,34.117379],[78.853265,33.906984],[78.583707,33.988432],[78.566089,33.930924],[78.380216,33.963742],[78.353059,33.909452],[78.393118,33.760111],[78.471585,33.684568],[78.440149,33.602049],[78.509138,33.560822],[78.372527,33.546126],[78.362661,33.283626],[78.507841,33.197974],[78.813176,33.14298],[78.837965,33.111352],[78.732769,32.888475],[78.95388,32.637475],[78.925193,32.574657],[78.786146,32.443239],[78.66609,32.492033],[78.632767,32.437638],[78.501054,32.416993],[78.50716,32.352179],[78.455421,32.311589],[78.280485,32.276432],[78.126249,32.395875],[78.110387,32.585513],[77.835062,32.56441],[77.76637,32.482148]]]}},{"type":"Feature","id":"IMD_SUB_S_INT_KARNATAKA","properties":{"region_id":"IMD_SUB_S_INT_KARNATAKA","region_name":"S. I. KARNATAKA","source_name":"S. I. KARNATAKA","region_group":"SOUTH PENINSULA"},"geometry":{"type":"Polygon","coordinates":[[[73.704411,14.702581],[73.832294,14.696347],[73.928542,14.610704],[73.995478,14.474662],[74.091595,14.381764],[74.202173,14.339105],[74.268277,14.382376],[74.267831,14.518725],[74.422416,14.562215],[74.466226,14.727377],[74.355495,14.770153],[74.296172,14.870445],[74.377148,14.935265],[74.303134,14.999636],[74.413856,15.007124],[74.487481,15.093416],[74.553791,15.172495],[74.708892,15.222982],[74.827105,15.273339],[74.901045,15.244678],[75.026721,15.381048],[75.14507,15.388179],[75.315367,15.50282],[75.470861,15.538423],[75.508188,15.667506],[75.582537,15.767781],[75.716496,15.855932],[75.748286,15.675455],[75.683605,15.649967],[75.682375,15.500061],[75.630582,15.515407],[75.811037,15.145182],[75.74756,15.003308],[75.467026,15.070628],[75.414704,14.984379],[75.483663,14.971805],[75.512886,14.891531],[75.423088,14.778545],[75.394403,14.612059],[75.413205,14.549575],[75.596443,14.476716],[75.50004,14.338678],[75.617004,14.242064],[75.728688,14.234776],[75.762856,14.345246],[75.99186,14.192713],[76.009945,14.305092],[76.059453,14.288849],[76.135965,14.194225],[75.987476,14.120216],[75.965929,14.045991],[76.055555,13.925304],[75.977216,13.898054],[75.900798,14.007455],[75.667313,14.034254],[75.629977,14.175921],[75.535386,14.162568],[75.546547,14.108525],[75.63043,13.923798],[75.597988,13.737963],[75.763883,13.766659],[75.753197,13.888566],[75.798994,13.896619],[75.865359,13.843122],[76.020554,13.831688],[76.05582,13.709618],[76.107138,13.700834],[76.319674,13.737026],[76.418469,13.81875],[76.41365,13.91173],[76.565182,13.923123],[76.534687,13.826833],[76.698492,13.837079],[76.743061,13.738105],[76.711355,13.621454],[76.9982,13.528872],[76.991527,13.289482],[77.194672,13.228418],[77.028045,12.926254],[77.06803,12.863618],[76.992813,12.908115],[76.90523,12.864608],[76.823262,12.717089],[76.827468,12.758789],[76.672954,12.830001],[76.596734,12.777857],[76.463977,12.862639],[76.422249,12.856523],[76.392985,12.867922],[76.352014,12.716033],[76.298564,12.657071],[76.231418,12.662238],[76.150433,12.581158],[76.212815,12.428492],[76.189781,12.373903],[76.011349,12.235885],[76.042987,12.146614],[76.309156,12.142027],[76.340529,12.036066],[76.214631,11.960914],[76.225642,11.909834],[76.107746,11.901315],[75.894036,11.753165],[75.824407,11.782242],[75.64796,11.723588],[75.590627,11.789655],[75.503891,11.797357],[75.389559,11.625041],[75.130378,11.56787],[75.074714,11.679303],[74.985145,11.660767],[74.910519,11.760122],[74.6686,11.89374],[74.657088,11.974574],[74.529619,11.933489],[74.50033,11.933434],[74.411347,11.977864],[74.315312,12.120808],[74.118076,12.2067],[73.989408,12.369053],[73.933098,12.440489],[73.966587,12.541711],[74.144776,12.542337],[74.251678,12.628785],[74.270675,12.801092],[74.172379,13.040036],[73.976351,13.24028],[73.888835,13.153798],[73.82966,13.277922],[73.682516,13.392016],[73.750379,13.497607],[73.681678,13.545093],[73.621897,13.736116],[73.571916,13.908037],[73.454082,13.955151],[73.316264,14.049894],[73.265751,14.250411],[73.383568,14.232107],[73.382748,14.346892],[73.530233,14.30002],[73.519984,14.366921],[73.617996,14.386647],[73.51878,14.548673],[73.587099,14.61606],[73.65639,14.53037],[73.704411,14.702581]]]}},{"type":"Feature","id":"IMD_SUB_KERALA_MAHE","properties":{"region_id":"IMD_SUB_KERALA_MAHE","region_name":"KERALA","source_name":"KERALA","region_group":"SOUTH PENINSULA"},"geometry":{"type":"Polygon","coordinates":[[[74.076151,11.715505],[73.932666,11.854321],[73.790117,12.03792],[73.545566,12.519538],[73.464754,12.791081],[73.555809,12.818628],[73.6392,12.710073],[73.704572,12.737424],[73.70389,12.692714],[73.877188,12.606899],[73.864288,12.535149],[73.966712,12.542091],[73.933098,12.440489],[73.989408,12.369053],[74.118076,12.2067],[74.315312,12.120808],[74.411347,11.977864],[74.50033,11.933434],[74.529619,11.933489],[74.657088,11.974574],[74.6686,11.89374],[74.910519,11.760122],[74.985145,11.660767],[74.898503,11.576259],[74.795782,11.554842],[74.79785,11.462919],[75.060813,11.338679],[75.079699,11.282072],[75.006402,11.199494],[75.138102,11.190227],[75.269765,11.221679],[75.258493,11.114104],[75.337437,11.042642],[75.225652,10.990805],[75.19566,10.899034],[75.305532,10.866542],[75.420965,10.745042],[75.325345,10.621904],[75.34333,10.344046],[75.359273,10.307011],[75.369594,10.273676],[75.469733,10.21809],[75.71958,10.339905],[75.806402,10.217582],[75.802609,10.177811],[75.776347,10.100171],[75.736146,10.080823],[75.779922,9.92908],[75.714458,9.552073],[75.839323,9.558371],[75.924006,9.449228],[75.896966,9.410493],[75.867145,9.364373],[75.860609,9.306214],[75.797324,9.235205],[75.776877,9.121685],[75.662647,8.963921],[75.751945,8.802466],[75.680621,8.685343],[75.690006,8.606974],[75.751318,8.509279],[75.687507,8.413411],[75.613839,8.203286],[75.383528,8.424974],[75.1541,8.755547],[75.048786,8.836453],[74.964838,9.104014],[74.845341,9.367016],[74.779624,9.861755],[74.742697,9.969953],[74.682826,10.178149],[74.601309,10.389144],[74.487508,10.650206],[74.431879,10.699145],[74.505457,10.82744],[74.427512,10.818813],[74.352424,11.1731],[74.246755,11.394668],[74.076151,11.715505]],[[74.076151,11.715505],[74.115149,11.664551],[74.159421,11.682387],[74.197073,11.707639],[74.17283,11.75986],[74.166569,11.763294],[74.076151,11.715505]]]}},{"type":"Feature","id":"IMD_SUB_W_MP","properties":{"region_id":"IMD_SUB_W_MP","region_name":"WEST MADHYA PRADESH","source_name":"WEST MADHYA PRADESH","region_group":"CENTRAL INDIA"},"geometry":{"type":"Polygon","coordinates":[[[77.13606,24.403606],[77.020954,24.357577],[76.992646,24.214627],[77.054692,24.022704],[77.159092,24.045154],[77.192655,23.722209],[77.281984,23.637315],[77.375079,23.767284],[77.409834,23.539842],[77.61819,23.596179],[77.511388,23.430758],[77.650609,23.27322],[77.673125,23.105661],[77.348178,22.979456],[77.513611,22.857491],[77.574438,22.66544],[77.38187,22.692309],[77.404492,22.512815],[77.38898,22.357775],[77.210372,22.431983],[77.120447,22.43319],[77.116662,22.182379],[77.204198,22.037873],[77.215154,21.918269],[77.35594,21.916312],[77.302449,21.773727],[77.286135,21.547712],[77.268427,21.564974],[77.054509,21.503073],[76.872964,21.380133],[76.567218,21.343393],[76.365527,21.380567],[76.306566,21.483371],[76.2968,21.52423],[76.448808,21.520636],[76.35781,21.757236],[75.890793,21.705432],[75.821147,21.606788],[75.662825,21.593331],[75.657212,21.476817],[75.517331,21.367985],[75.513337,21.297546],[75.325422,21.204593],[75.226912,21.113022],[75.000153,21.131384],[74.908544,21.423761],[74.333132,21.458727],[74.193958,21.41476],[74.105655,21.458074],[74.012964,21.499092],[73.907313,21.658857],[73.473709,21.779881],[73.427916,21.846909],[73.427366,21.997139],[73.354407,22.10141],[73.187351,22.034641],[73.036463,22.064806],[73.047966,22.241043],[72.978034,22.434079],[73.086567,22.428045],[73.164914,22.496499],[73.087038,22.556089],[73.017964,22.544221],[72.984643,22.647268],[73.029501,22.604412],[73.287883,22.720115],[73.40555,22.898772],[73.417041,22.941362],[73.283145,23.026132],[73.264289,23.127917],[73.464768,23.16849],[73.70949,23.248885],[73.508159,23.386275],[73.588907,23.521293],[73.745769,23.572221],[73.897581,23.661055],[73.923451,23.797517],[73.68553,24.189977],[73.725684,24.291135],[73.549692,24.32087],[73.633475,24.535463],[73.568161,24.54648],[73.567335,24.632297],[73.640572,24.832645],[73.733635,24.692324],[73.818522,24.81893],[73.678686,24.852723],[73.668442,25.045333],[73.86796,24.905352],[73.969891,24.96569],[74.013094,25.117838],[74.064222,25.116546],[74.098393,25.107107],[74.218444,25.073548],[74.153765,24.973412],[74.112154,25.011589],[74.127369,24.929352],[74.289437,24.908967],[74.199419,24.864673],[74.046332,24.939973],[74.080886,24.87531],[74.023149,24.792972],[74.420708,24.711286],[74.624237,24.78856],[74.666348,24.645568],[74.738312,24.588347],[74.706843,24.486398],[74.585351,24.459256],[74.560197,24.388501],[74.625295,24.31242],[74.564636,24.16921],[74.625607,24.128487],[74.5579,24.021621],[74.584771,23.971184],[74.485713,23.998672],[74.451517,23.936671],[74.48427,23.907535],[74.536653,23.81239],[74.653743,23.787698],[74.683187,23.800409],[74.704454,23.81104],[74.690294,23.879415],[74.826211,23.898269],[74.768705,24.030216],[74.941631,24.115901],[74.969441,24.293251],[75.020248,24.321296],[75.028539,24.231671],[75.360984,24.155917],[75.439936,24.244891],[75.496934,24.243119],[75.521546,24.151899],[75.629127,24.090436],[75.706298,24.103209],[75.765691,24.166016],[75.66899,24.267173],[75.668227,24.409937],[75.677053,24.504772],[75.78526,24.429904],[75.922285,24.508103],[75.865289,24.745777],[75.66672,24.747589],[75.634248,24.795225],[75.76089,24.840492],[75.722218,24.993802],[75.755093,25.034505],[76.039309,25.081815],[76.18711,25.054801],[76.262435,25.087244],[76.281427,25.16534],[76.207151,25.400444],[76.082625,25.318533],[75.926002,25.314494],[75.674576,25.28882],[75.531483,25.33815],[75.42416,25.477374],[75.446057,25.636076],[75.384238,25.792691],[75.498758,25.881865],[75.65292,25.888094],[75.777903,26.072384],[76.371359,26.358584],[76.485494,26.376966],[76.850331,26.609361],[77.045189,26.643026],[77.342569,26.76937],[77.448105,26.779013],[77.544302,26.703492],[77.642994,26.713003],[77.840883,26.65912],[78.008788,26.499514],[78.097513,26.325585],[78.088167,26.195708],[78.01806,26.176207],[77.930094,26.059223],[77.922702,25.981113],[77.978331,25.947446],[77.901573,25.841192],[77.881348,25.81466],[77.840835,25.818333],[77.827216,25.699755],[77.737142,25.693262],[77.750469,25.589546],[77.597228,25.489148],[77.515786,25.506782],[77.420464,25.518346],[77.371695,25.502378],[77.216039,25.305076],[77.345429,25.078016],[77.248447,24.987128],[77.261675,24.938232],[77.08384,24.870371],[77.055744,24.803152],[77.190663,24.626037],[77.082064,24.50023],[77.121104,24.425575],[77.13606,24.403606]]]}},{"type":"Feature","id":"IMD_SUB_MADHYA_MAHARASHTRA","properties":{"region_id":"IMD_SUB_MADHYA_MAHARASHTRA","region_name":"MADHYA MAHARASHTRA","source_name":"MADHYA MAHARASHTRA","region_group":"CENTRAL INDIA"},"geometry":{"type":"Polygon","coordinates":[[[72.645836,17.128969],[72.517182,17.270819],[72.420195,17.269596],[72.372265,17.491202],[72.370817,17.591543],[72.444944,17.635529],[72.420367,17.785751],[72.307938,17.798573],[72.306752,17.877405],[72.259749,18.012937],[72.348017,18.121689],[72.331393,18.228979],[72.390641,18.279973],[72.216617,18.370693],[72.153863,18.534605],[72.015286,18.725952],[72.127593,18.756376],[72.065561,18.862907],[72.175313,19.050943],[72.279985,19.102687],[72.263017,19.217109],[72.314418,19.303877],[72.411517,19.36979],[72.410496,19.434284],[72.553379,19.479276],[72.438794,19.556536],[72.46836,19.59996],[72.361096,19.684427],[72.259939,19.847745],[72.167165,19.953788],[72.224885,20.119527],[72.132693,20.182543],[72.004745,20.246874],[72.03121,20.296656],[72.248051,20.348564],[72.211688,20.551084],[72.307729,20.629647],[72.226808,20.807787],[72.304169,20.871332],[72.464392,20.710035],[72.546788,20.709132],[72.619239,20.72778],[72.64698,20.835959],[72.773115,20.874078],[72.753276,20.969214],[72.73643,21.098823],[72.579236,21.228574],[72.58596,21.293493],[72.764561,21.401652],[72.808716,21.491445],[73.223932,21.599716],[73.218419,21.641558],[73.033893,21.663305],[72.810432,21.622846],[72.731477,21.616179],[72.669748,21.75172],[72.771217,21.797937],[72.698182,21.9358],[72.801368,21.979053],[72.899102,21.956584],[73.036463,22.064806],[73.187351,22.034641],[73.354407,22.10141],[73.427366,21.997139],[73.427916,21.846909],[73.473709,21.779881],[73.907313,21.658857],[74.012964,21.499092],[74.105655,21.458074],[74.193958,21.41476],[74.333132,21.458727],[74.908544,21.423761],[75.000153,21.131384],[75.209834,21.114416],[75.171472,21.036649],[75.102709,21.022361],[74.988125,21.08694],[74.888844,21.000839],[74.927049,20.965],[74.858416,20.871719],[74.797407,20.842969],[74.797531,20.749731],[74.815414,20.703637],[74.706205,20.661141],[74.645193,20.682543],[74.622435,20.639462],[74.500319,20.703701],[74.469705,20.739469],[74.35562,20.674532],[74.249145,20.63107],[74.188313,20.609279],[74.149949,20.659297],[74.073712,20.666076],[73.990182,20.622579],[73.899598,20.507283],[73.89245,20.442694],[73.839516,20.39932],[73.77078,20.434706],[73.680286,20.340819],[73.711408,20.254996],[73.642587,20.304674],[73.573656,20.361493],[73.505917,20.289219],[73.499213,20.195941],[73.44002,20.03767],[73.365261,19.929435],[73.426482,19.87262],[73.609138,19.788084],[73.69294,19.731343],[73.920536,19.675482],[74.049673,19.604487],[74.103286,19.490001],[74.224229,19.504905],[74.285024,19.4406],[74.255269,19.332887],[74.149634,19.303733],[74.187619,19.260869],[74.184109,19.207056],[74.233219,19.200095],[74.165468,19.160348],[74.127709,19.163759],[74.055901,19.181336],[74.029564,19.166853],[74.06002,19.120389],[74.086668,19.077486],[74.037693,19.066477],[74.007349,19.095007],[74.007092,19.138042],[73.976728,19.166567],[73.957587,19.209494],[73.92387,19.169851],[73.943151,19.105409],[73.890264,19.115857],[73.822127,19.147709],[73.859466,19.205324],[73.814196,19.201451],[73.723581,19.204428],[73.685608,19.232848],[73.663334,19.186069],[73.66371,19.139453],[73.701636,19.114623],[73.686886,19.071485],[73.645546,19.053256],[73.611459,19.070933],[73.543514,19.077581],[73.585425,19.027704],[73.642416,18.974341],[73.699537,18.899442],[73.790423,18.835503],[73.896535,18.735743],[73.90353,18.818271],[73.990193,18.811587],[74.068845,18.8909],[74.118015,18.855274],[74.136556,18.912746],[74.193323,18.862789],[74.197295,18.819767],[74.28772,18.812961],[74.314287,18.762846],[74.276696,18.748358],[74.231664,18.715898],[74.149373,18.61153],[74.081508,18.639904],[74.040385,18.593073],[74.018392,18.492535],[74.120379,18.396195],[74.143346,18.310218],[74.151135,18.252864],[74.245186,18.206628],[74.286162,18.28211],[74.323528,18.328876],[74.375903,18.386445],[74.447161,18.426121],[74.443183,18.494261],[74.492003,18.512333],[74.533526,18.451462],[74.627551,18.422974],[74.665304,18.333368],[74.665469,18.247279],[74.665627,18.164776],[74.729479,18.125418],[74.692119,18.035684],[74.62836,18.042746],[74.598296,18.071383],[74.549606,18.046166],[74.564878,17.934999],[74.632421,17.892093],[74.722352,17.885067],[74.726208,17.813328],[74.801093,17.827767],[74.868522,17.809888],[74.88353,17.76685],[74.917238,17.741756],[75.007085,17.791996],[75.108148,17.723807],[75.166855,17.670976],[75.151756,17.654812],[75.108569,17.60858],[75.036651,17.619433],[75.094148,17.384101],[75.065724,17.3517],[74.763731,17.392094],[74.720754,17.356939],[74.597242,17.348344],[74.370351,17.509933],[74.301906,17.425342],[74.33377,17.358973],[74.379255,17.026661],[74.044259,17.033361],[73.955856,17.015824],[73.999488,16.954138],[73.875162,16.897419],[73.749918,17.053485],[73.606088,17.046104],[73.581022,16.845331],[73.386279,16.804197],[73.349495,16.834685],[73.207187,16.91956],[72.997988,16.97499],[72.736348,17.043958],[72.645836,17.128969]]]}},{"type":"Feature","id":"IMD_SUB_NMMT","properties":{"region_id":"IMD_SUB_NMMT","region_name":"N M M T","source_name":"N M M T","region_group":"EAST AND NORTH EAST INDIA"},"geometry":{"type":"Polygon","coordinates":[[[91.151967,24.068982],[91.185513,23.871167],[91.131309,23.787671],[91.260768,23.795636],[91.293003,23.74341],[91.333988,23.704331],[91.435743,23.662552],[91.667809,24.01459],[91.746428,23.894929],[91.883174,23.903581],[91.908452,24.092197],[92.024259,24.111451],[92.039118,24.21015],[91.949943,24.302387],[92.007227,24.404862],[92.060507,24.40558],[92.094733,24.456174],[92.148038,24.527132],[92.256224,24.811105],[92.326277,24.875407],[92.38465,24.859553],[92.378165,24.995022],[92.29528,25.073468],[92.309649,25.165396],[92.635604,25.44981],[92.775493,25.402891],[92.890288,25.459919],[92.862088,25.523846],[92.917731,25.717317],[93.068002,25.885823],[93.185968,26.0569],[93.226557,25.972008],[93.425779,26.204306],[93.500074,26.204004],[93.583362,26.244552],[93.712649,26.302928],[93.784649,26.407097],[93.921614,26.417844],[94.105011,26.504829],[94.091368,26.279319],[94.178036,26.19532],[94.106594,26.151724],[94.052689,26.107862],[94.000855,25.950952],[94.078901,25.553621],[93.916325,25.381626],[93.923268,25.236983],[93.8693,25.204149],[93.694669,25.000495],[93.585533,24.989921],[93.498851,24.773749],[93.64693,24.581497],[93.491889,24.245743],[93.452332,24.255025],[93.317314,24.014906],[93.207153,23.827003],[93.126898,23.54922],[93.0053,23.450665],[92.908669,23.424408],[92.626848,23.494823],[92.647147,23.559408],[92.521916,23.550875],[92.246162,23.566408],[92.012084,23.182375],[92.040126,22.991379],[91.914152,22.741782],[91.777744,22.599465],[91.748328,22.530581],[91.71062,22.414288],[91.636616,22.32087],[91.763194,21.961091],[91.716988,21.82152],[91.640041,21.791295],[91.551613,21.61621],[91.291966,21.76224],[91.25531,21.627894],[91.197541,21.610342],[91.220315,21.744153],[91.104913,22.023092],[91.146529,22.326864],[90.997987,22.489133],[91.012217,22.682047],[90.954988,22.818341],[91.021345,22.880073],[90.948419,22.978014],[90.912704,23.146787],[90.951199,23.26997],[90.906676,23.347994],[90.703555,23.267334],[90.645721,23.289459],[90.589876,23.310522],[90.588526,23.06615],[90.453376,22.939337],[90.459662,22.71553],[90.330371,22.571945],[90.225764,22.616463],[90.054208,22.882462],[90.054657,22.734803],[89.974793,22.770067],[89.959081,22.881734],[89.85696,23.167896],[89.939412,23.341253],[90.269501,23.587271],[90.311577,23.670089],[90.548805,23.701438],[90.599612,23.801462],[90.667656,23.748457],[90.713801,23.801006],[90.834264,23.735036],[90.849641,23.910929],[91.029167,23.959841],[91.069822,24.065399],[91.151967,24.068982]]]}},{"type":"Feature","id":"IMD_SUB_ODISHA","properties":{"region_id":"IMD_SUB_ODISHA","region_name":"ORISSA","source_name":"ORISSA","region_group":"CENTRAL INDIA"},"geometry":{"type":"Polygon","coordinates":[[[82.820585,22.305496],[83.091507,22.116414],[83.238349,22.120895],[83.344083,22.181299],[83.842908,22.194657],[83.888526,22.185778],[83.898765,22.123911],[83.809256,21.821988],[84.045165,21.776163],[84.150319,21.90256],[84.471534,21.803998],[84.595788,21.82406],[84.561637,21.725015],[84.599512,21.70571],[84.718732,21.739758],[84.799815,21.90672],[84.764523,21.94448],[84.772895,22.237868],[84.830458,22.250179],[85.457735,21.924692],[85.464561,21.865756],[85.718789,21.75441],[85.765833,21.557318],[85.825794,21.561477],[85.905456,21.676598],[85.965778,21.546868],[86.158283,21.48617],[86.220474,21.284943],[85.802605,21.182971],[85.552003,20.909143],[85.698356,20.521583],[85.638016,20.510693],[85.757442,20.431434],[85.518769,20.255213],[85.457132,20.16707],[85.489084,20.149453],[85.516055,20.215835],[85.527055,20.120429],[85.124923,19.730028],[84.97745,19.646749],[84.318077,19.477364],[84.28123,19.414916],[83.883993,19.239293],[83.541036,18.928043],[83.454394,18.923241],[83.346198,18.94994],[83.363762,18.898321],[83.138251,18.800681],[83.110926,18.706036],[82.998624,18.597973],[82.601344,18.659277],[82.542473,18.840235],[82.520297,18.804322],[82.497378,18.773056],[82.403101,18.849421],[82.371109,18.988486],[82.172667,18.823793],[82.084025,18.838806],[82.05381,18.816121],[82.133153,18.708222],[81.979155,18.611481],[81.87086,18.619838],[81.743015,18.475532],[81.770628,18.227552],[81.641115,18.233874],[81.552032,18.301329],[81.522821,18.231324],[81.355923,18.111345],[81.294204,18.117487],[81.242752,18.345207],[81.113479,18.361371],[81.05685,18.305278],[81.082797,18.158108],[80.997302,17.936524],[80.951526,17.904941],[80.829994,17.940006],[80.712183,17.87213],[80.619723,17.858813],[80.513097,17.828352],[80.343399,17.766672],[80.113048,17.710548],[80.183201,17.833251],[80.214368,18.080401],[80.702085,18.458379],[80.666407,18.538367],[80.817908,18.610449],[80.951387,18.784847],[80.917095,19.269904],[80.78162,19.436058],[80.775728,19.669318],[80.621135,19.78342],[80.641595,19.899149],[80.719186,19.952567],[81.01601,19.847537],[81.105507,19.703455],[81.15744,19.751271],[81.351383,19.718359],[81.362675,19.643971],[81.462934,19.786689],[81.227776,19.860217],[81.143247,19.938516],[81.182002,20.278771],[81.131373,20.67613],[81.27138,20.687826],[81.435937,20.90603],[81.433577,20.979957],[81.474479,20.992028],[81.941436,20.950949],[82.074113,21.179966],[82.172737,21.176816],[82.14522,21.343172],[82.244338,21.460985],[82.194895,21.528658],[82.380249,21.604048],[82.405312,21.674977],[82.3464,21.805266],[82.37658,21.909488],[82.863937,22.164524],[82.791527,22.284057],[82.820585,22.305496]]]}},{"type":"Feature","id":"IMD_SUB_PUNJAB","properties":{"region_id":"IMD_SUB_PUNJAB","region_name":"PUNJAB","source_name":"PUNJAB","region_group":"NORTH WEST INDIA"},"geometry":{"type":"Polygon","coordinates":[[[74.684476,32.432746],[74.903202,32.403606],[74.961763,32.525319],[75.179903,32.569744],[75.245164,32.526601],[75.254309,32.473584],[75.04434,32.353046],[74.934399,32.160944],[75.122241,32.071563],[75.284761,31.938516],[75.267383,31.854847],[75.346424,31.748011],[75.401441,31.49354],[75.486118,31.332429],[75.548388,31.365319],[75.611525,31.434364],[75.682605,31.468756],[75.695056,31.35774],[75.870139,31.296922],[75.893073,31.221691],[75.853363,31.045766],[76.013911,30.942614],[76.042713,30.861142],[76.074858,30.818926],[75.916499,30.816906],[75.900488,30.75894],[76.063008,30.734989],[76.145339,30.625511],[76.110527,30.438726],[75.968122,30.449098],[75.914338,30.4074],[75.755644,30.120609],[75.587266,30.209186],[75.568341,30.174423],[75.39784,30.178916],[75.445497,30.099636],[75.328561,30.05629],[75.393749,29.917451],[75.342946,29.909025],[75.276488,29.909563],[75.223077,29.822629],[75.123958,29.788736],[75.058514,29.834073],[74.974749,29.901542],[74.755837,29.851955],[74.580225,29.884007],[74.439971,29.66148],[74.335717,29.73368],[74.346761,29.946802],[74.281659,29.904875],[74.299028,29.986689],[74.160687,29.991976],[73.896328,30.126403],[73.787177,30.085682],[73.725851,30.084674],[73.676682,30.092661],[73.618159,30.109334],[73.070917,30.153475],[73.050148,30.206465],[73.151479,30.360058],[73.173774,30.440825],[73.100783,30.570896],[73.161613,30.611302],[73.142483,30.649198],[73.296197,30.717807],[73.661388,31.1009],[74.004805,31.238378],[73.834777,31.237199],[73.78812,31.287054],[73.809458,31.485525],[73.921145,31.586154],[73.815503,31.881177],[73.947631,32.01801],[74.274812,32.177756],[74.604298,32.239522],[74.724784,32.386061],[74.684476,32.432746]]]}},{"type":"Feature","id":"IMD_SUB_W_RAJASTHAN","properties":{"region_id":"IMD_SUB_W_RAJASTHAN","region_name":"WEST RAJASTHAN","source_name":"WEST RAJASTHAN","region_group":"NORTH WEST INDIA"},"geometry":{"type":"Polygon","coordinates":[[[74.764198,28.56712],[74.449698,28.441008],[74.318995,28.598038],[73.996341,28.381104],[73.837758,28.064612],[73.711776,27.791237],[73.876842,27.405764],[74.116773,27.522138],[74.245852,27.451242],[74.118027,27.364505],[74.423524,27.265777],[74.184839,27.006618],[73.943507,27.148328],[73.689716,26.931229],[73.708143,26.716432],[73.580138,26.743871],[73.248732,26.49656],[73.409936,26.355141],[73.128721,26.036486],[72.970139,26.034344],[72.756538,25.587003],[72.461874,25.324297],[72.140361,24.917301],[71.931278,25.113671],[72.022842,25.230133],[71.974914,25.257806],[71.955589,25.400642],[71.796098,25.468859],[71.673504,25.337242],[71.428266,25.102397],[71.41713,24.944622],[71.291588,24.941546],[71.079068,24.804291],[70.82762,24.902231],[70.653767,24.901025],[70.624026,24.862098],[70.310531,24.940248],[70.197226,24.926741],[70.021935,24.893456],[69.97613,24.936799],[69.917424,24.937138],[69.88308,24.976566],[69.695244,25.317138],[69.673048,25.467337],[69.506021,25.704211],[69.486902,26.034718],[69.149052,26.04287],[68.974183,26.184749],[68.923062,26.387244],[69.013641,26.533856],[69.029307,26.934088],[68.726719,26.957998],[68.42848,27.138709],[68.35633,27.261686],[68.516971,27.589681],[69.000167,27.961155],[69.21639,28.28236],[69.496866,28.408188],[69.627636,28.330367],[69.719125,28.097414],[69.872315,28.047678],[70.305217,28.168184],[70.704328,28.162251],[70.883502,28.216552],[70.954085,28.396166],[71.256789,28.673892],[71.463325,29.00995],[71.732887,29.123681],[72.049196,29.290559],[72.230268,29.474789],[72.449626,29.809859],[72.591872,30.16],[72.978872,30.263573],[73.151479,30.360058],[73.050148,30.206465],[73.070917,30.153475],[73.618159,30.109334],[73.676682,30.092661],[73.725851,30.084674],[73.638355,29.904613],[73.755994,29.834693],[73.743713,29.624145],[73.66773,29.570986],[73.729435,29.443495],[74.037427,29.486062],[74.053716,29.409582],[74.306008,29.374647],[74.341779,29.333197],[74.451945,29.41038],[74.455032,29.355887],[74.523094,29.346204],[74.508564,29.150551],[74.622583,29.092449],[74.579975,29.017763],[74.634276,28.756708],[74.720483,28.599737],[74.764198,28.56712]]]}},{"type":"Feature","id":"IMD_SUB_E_UP","properties":{"region_id":"IMD_SUB_E_UP","region_name":"EAST UTTAR PRADESH","source_name":"EAST UTTAR PRADESH","region_group":"NORTH WEST INDIA"},"geometry":{"type":"Polygon","coordinates":[[[79.065637,25.229261],[79.114846,25.381526],[79.246027,25.528058],[79.328667,25.63296],[79.23097,25.771782],[79.351467,25.825461],[79.28984,25.870227],[79.20293,25.872775],[79.086371,25.933359],[79.088846,26.004851],[78.962492,26.015531],[78.964901,26.087033],[78.860548,26.046923],[78.744527,26.135877],[78.564879,26.226345],[78.528253,26.327474],[78.652955,26.503302],[78.736391,26.62282],[78.698913,26.695379],[78.804081,26.742697],[78.664155,26.853756],[78.57554,26.827394],[78.378755,26.918146],[78.478257,27.037424],[78.356636,27.247994],[78.328464,27.377531],[78.299815,27.492759],[78.216366,27.65938],[78.313645,27.685722],[78.567046,27.564896],[78.688373,27.590353],[78.71542,27.439329],[78.811345,27.429578],[78.776408,27.580826],[78.827291,27.658155],[78.906311,27.620166],[79.141725,27.684878],[79.133241,27.885473],[79.323625,28.01555],[79.375987,28.11404],[79.495068,28.260393],[79.411636,28.391878],[79.549563,28.401638],[79.511552,28.531181],[79.512186,28.530894],[79.646666,28.516101],[79.652505,28.554139],[79.87874,28.386338],[80.280471,28.208099],[80.43278,28.001024],[80.500042,27.998063],[80.874846,27.726798],[80.966084,27.681039],[81.045127,27.752189],[81.129395,27.739585],[81.301712,27.641917],[81.546911,27.485209],[81.751159,27.492041],[81.811481,27.313866],[82.241594,27.227052],[82.308155,27.195497],[82.331858,27.114239],[82.406065,27.099972],[82.461777,27.266879],[82.688904,27.23947],[82.873829,27.12383],[82.837207,27.086964],[82.845497,27.046863],[82.911729,27.040631],[82.95755,27.0628],[83.008039,27.00496],[83.074817,26.612978],[83.243175,26.53281],[83.290384,26.43941],[83.370683,26.428157],[83.377453,26.337554],[83.120299,26.375141],[83.023941,26.269982],[82.919516,26.241387],[82.899143,26.196725],[83.147957,26.086688],[83.149165,25.977557],[82.987697,25.948164],[83.012548,25.834544],[83.157068,25.737191],[83.479276,25.536092],[83.561266,25.48894],[83.587985,25.389174],[83.49059,25.388472],[83.387204,25.501102],[82.91504,25.315847],[82.838377,25.251253],[82.710073,25.135359],[82.600202,25.106763],[82.45418,25.052149],[82.349839,25.000402],[82.286646,24.837429],[82.294887,24.593335],[82.340448,24.541324],[82.468686,24.357424],[82.466636,24.303704],[82.405504,24.271717],[82.343204,24.210475],[82.374575,24.121528],[82.294314,23.901571],[82.154171,23.757102],[82.071181,23.652898],[81.877907,23.607603],[81.668013,23.708393],[81.675976,23.781534],[81.528571,23.876568],[81.552299,23.921532],[81.617196,23.908187],[81.703736,24.054386],[81.630253,24.178956],[81.653781,24.320338],[81.730149,24.307196],[81.709382,24.376529],[81.621159,24.440474],[81.325952,24.468498],[81.296807,24.376587],[81.243016,24.404333],[81.220059,24.474719],[81.137541,24.475744],[81.145806,24.547878],[81.091527,24.5569],[81.00654,24.62799],[80.867038,24.673811],[80.791338,24.807628],[80.618311,24.835348],[80.531521,24.899743],[80.558924,24.937918],[80.502758,25.043117],[80.444218,25.0199],[80.424309,24.891502],[80.342226,24.887499],[80.349534,24.951389],[80.221656,24.992398],[80.139013,24.7557],[80.062873,24.730439],[79.985886,24.773322],[79.764905,24.749891],[79.735734,24.813869],[79.849424,25.00754],[79.80288,24.959853],[79.646521,24.946201],[79.708077,24.90235],[79.67024,24.893897],[79.548237,24.983409],[79.514268,24.919862],[79.460808,24.94434],[79.482062,24.867552],[79.400398,24.819621],[79.376919,24.911663],[79.309554,24.86013],[79.206881,24.894572],[79.302441,24.966496],[79.278608,25.001746],[79.362156,25.010818],[79.3746,25.079257],[79.255842,25.123989],[79.22009,25.27238],[79.065637,25.229261]]]}},{"type":"Feature","id":"IMD_SUB_GANGETIC_WB","properties":{"region_id":"IMD_SUB_GANGETIC_WB","region_name":"GANGETIC WEST BENGAL","source_name":"GANGETIC WEST BENGAL","region_group":"EAST AND NORTH EAST INDIA"},"geometry":{"type":"Polygon","coordinates":[[[87.019037,24.345365],[86.99266,24.269078],[87.094505,24.097668],[87.236309,24.01202],[87.64266,23.913395],[87.668111,23.785002],[87.622004,23.705269],[87.666881,23.625974],[87.624319,23.572491],[87.416514,23.525053],[87.295442,23.317623],[87.422797,23.18647],[87.476703,23.197307],[87.464722,23.141923],[87.510194,23.124746],[87.500643,22.982083],[87.431169,22.92361],[87.463882,22.892677],[87.669702,22.86171],[87.582467,22.648833],[87.638182,22.563673],[87.610698,22.230762],[87.767028,21.828104],[87.680599,21.733259],[87.696673,21.57851],[87.481868,21.619728],[87.452313,21.700166],[87.376982,21.685108],[87.346845,21.70479],[87.293493,21.576683],[87.13492,21.478552],[86.892028,21.470329],[86.877356,21.619091],[86.937922,21.782361],[86.903854,21.868471],[86.847503,21.867655],[86.88817,21.785578],[86.571228,21.412671],[86.220474,21.284943],[86.158283,21.48617],[85.965778,21.546868],[85.905456,21.676598],[85.825794,21.561477],[85.765833,21.557318],[85.718789,21.75441],[85.464561,21.865756],[85.457735,21.924692],[85.506904,21.904305],[85.608626,21.992346],[85.49171,22.153294],[85.494572,22.253895],[85.404663,22.275736],[85.320962,22.408587],[85.224257,22.449924],[85.212485,22.509502],[85.227738,22.614226],[85.318657,22.682019],[84.974238,22.716378],[84.802302,22.834438],[84.740044,22.848373],[84.647364,22.938634],[84.660645,23.117883],[84.678964,23.166276],[84.692337,23.173694],[84.843021,23.191145],[84.827277,23.22957],[84.932774,23.255635],[84.967374,23.149303],[85.089396,23.081743],[85.135777,23.092699],[85.209753,23.266814],[85.408765,23.382656],[85.585177,23.347245],[85.665249,23.47138],[85.642451,23.514945],[85.695831,23.574659],[85.838062,23.474241],[86.035494,23.528298],[86.082985,23.50256],[86.177934,23.608433],[86.150213,23.657474],[86.230186,23.691503],[86.240988,23.654794],[86.379871,23.644643],[86.447118,23.776438],[86.651005,23.820735],[86.630427,23.923261],[86.73988,24.004503],[86.733292,24.184905],[86.823035,24.230968],[86.81079,24.323301],[86.808057,24.429988],[87.019037,24.345365]]]}},{"type":"Feature","id":"IMD_SUB_SHWB_SIKKIM","properties":{"region_id":"IMD_SUB_SHWB_SIKKIM","region_name":"SHWB & SIKKIM","source_name":"SHWB & SIKKIM","region_group":"EAST AND NORTH EAST INDIA"},"geometry":{"type":"Polygon","coordinates":[[[87.019037,24.345365],[86.808057,24.429988],[86.818974,24.667829],[86.754323,24.740076],[86.737949,24.892813],[86.834702,24.912775],[86.781726,25.099562],[86.896176,25.149898],[87.013191,25.135143],[87.052871,25.179608],[86.965437,25.231281],[87.005163,25.325478],[86.804582,25.531337],[86.830565,25.652006],[86.979702,25.811698],[87.254383,25.961128],[87.233113,26.074455],[87.195386,26.154549],[87.121636,26.191908],[87.178964,26.425554],[87.138109,26.575997],[87.001688,26.708549],[87.009536,26.829386],[87.053726,27.073103],[87.124262,27.269485],[87.211319,27.405481],[87.166589,27.548382],[87.447129,27.598921],[87.623842,27.709724],[87.727971,27.705856],[87.855324,27.622507],[87.920654,27.482356],[87.794387,27.052734],[87.89424,26.932551],[87.753441,26.80061],[87.860411,26.734846],[87.866753,26.643629],[87.9168,26.617576],[88.160892,26.43534],[88.403685,26.471671],[88.608089,26.409478],[88.650984,26.332527],[88.840133,26.31923],[88.822167,26.183522],[88.813302,26.036595],[88.805981,25.991456],[88.787948,25.934218],[88.741841,25.902105],[88.689875,25.863961],[88.562233,25.796421],[88.530796,25.620493],[88.285805,25.654532],[88.113486,25.785623],[88.070175,25.989979],[87.939204,26.087119],[87.874877,26.011531],[87.987377,25.878634],[87.869615,25.917442],[87.707455,25.891817],[87.743355,25.804273],[87.701491,25.790243],[87.627506,25.832472],[87.682313,25.945588],[87.408988,26.22184],[87.333295,26.183614],[87.342644,26.097094],[87.521687,26.019896],[87.493266,25.968105],[87.365147,25.95136],[87.312174,25.834233],[87.161334,25.778101],[87.076234,25.589548],[87.091374,25.41938],[87.231081,25.412834],[87.437868,25.184475],[87.601817,25.089217],[87.765946,25.140256],[87.765727,25.023887],[87.967502,24.92966],[87.874262,24.809442],[87.40692,24.814383],[87.27457,24.531784],[87.180024,24.521196],[87.16194,24.584819],[87.0995,24.577046],[87.019037,24.345365]]]}},{"type":"Feature","id":"IMD_SUB_JHARKHAND","properties":{"region_id":"IMD_SUB_JHARKHAND","region_name":"JHARKHAND","source_name":"JHARKHAND","region_group":"EAST AND NORTH EAST INDIA"},"geometry":{"type":"Polygon","coordinates":[[[86.834702,24.912775],[86.737949,24.892813],[86.754323,24.740076],[86.818974,24.667829],[86.808057,24.429988],[86.81079,24.323301],[86.823035,24.230968],[86.733292,24.184905],[86.73988,24.004503],[86.630427,23.923261],[86.651005,23.820735],[86.447118,23.776438],[86.379871,23.644643],[86.240988,23.654794],[86.230186,23.691503],[86.150213,23.657474],[86.177934,23.608433],[86.082985,23.50256],[86.035494,23.528298],[85.838062,23.474241],[85.695831,23.574659],[85.642451,23.514945],[85.665249,23.47138],[85.585177,23.347245],[85.408765,23.382656],[85.209753,23.266814],[85.135777,23.092699],[85.089396,23.081743],[84.967374,23.149303],[84.932774,23.255635],[84.827277,23.22957],[84.843021,23.191145],[84.692337,23.173694],[84.678964,23.166276],[84.660645,23.117883],[84.647364,22.938634],[84.740044,22.848373],[84.802302,22.834438],[84.974238,22.716378],[85.318657,22.682019],[85.227738,22.614226],[85.212485,22.509502],[85.224257,22.449924],[85.320962,22.408587],[85.404663,22.275736],[85.494572,22.253895],[85.49171,22.153294],[85.608626,21.992346],[85.506904,21.904305],[85.457735,21.924692],[84.830458,22.250179],[84.772895,22.237868],[84.764523,21.94448],[84.799815,21.90672],[84.718732,21.739758],[84.599512,21.70571],[84.561637,21.725015],[84.595788,21.82406],[84.471534,21.803998],[84.150319,21.90256],[84.045165,21.776163],[83.809256,21.821988],[83.898765,22.123911],[83.888526,22.185778],[83.842908,22.194657],[83.344083,22.181299],[83.238349,22.120895],[83.091507,22.116414],[82.820585,22.305496],[83.026165,22.415139],[83.197652,22.645651],[83.188927,22.704798],[82.965047,22.7443],[82.869141,22.929795],[82.894948,22.995718],[82.916125,23.084386],[82.817048,23.117631],[82.876921,23.364024],[82.801801,23.368967],[82.756247,23.297628],[82.651347,23.323684],[82.561226,23.446124],[82.494815,23.660323],[82.364561,23.741476],[82.154171,23.757102],[82.294314,23.901571],[82.374575,24.121528],[82.343204,24.210475],[82.405504,24.271717],[82.466636,24.303704],[82.468686,24.357424],[82.723744,24.356553],[82.85088,24.3745],[82.94206,24.452815],[83.024002,24.298088],[83.189515,24.36112],[83.387586,24.099582],[83.729385,24.32055],[83.80225,24.189308],[84.05964,24.198447],[84.290757,24.309675],[84.574356,24.362353],[84.610949,24.534347],[84.955483,24.532775],[85.045479,24.343681],[85.211472,24.333583],[85.171768,24.211595],[85.346883,24.125096],[85.413899,24.285],[85.484385,24.33841],[85.794365,24.303232],[85.839433,24.375631],[85.93217,24.331653],[85.980954,24.544899],[86.048622,24.61339],[86.062929,24.761206],[86.144582,24.823051],[86.250214,24.921125],[86.373998,24.921201],[86.486623,25.046908],[86.604409,24.9718],[86.834702,24.912775]]]}},{"type":"Feature","id":"IMD_SUB_UTTARAKHAND","properties":{"region_id":"IMD_SUB_UTTARAKHAND","region_name":"UTTARAKHAND","source_name":"UTTARAKHAND","region_group":"NORTH WEST INDIA"},"geometry":{"type":"Polygon","coordinates":[[[79.172204,28.737853],[79.0797,28.700554],[78.953147,28.752019],[78.989664,28.822497],[78.949084,28.823693],[78.737679,28.782014],[78.699843,28.860586],[78.576786,28.828126],[78.48543,28.931916],[78.297243,28.984383],[78.287277,29.097963],[78.192999,29.124104],[78.090449,29.102647],[78.017869,29.175891],[77.857964,29.29276],[77.946728,29.302761],[78.113226,29.406358],[77.8967,29.458973],[77.722905,29.587937],[77.692444,29.725785],[77.482102,29.789566],[77.315387,29.679217],[77.136261,29.610616],[77.124864,29.718216],[77.015034,29.696063],[76.934063,29.750982],[76.903949,29.966262],[77.016356,30.101842],[77.142685,30.23112],[76.804952,30.395996],[77.026925,30.494864],[76.950487,30.54665],[76.995882,30.623743],[76.962848,30.755429],[77.027829,30.816674],[77.003812,30.882812],[77.076388,30.978958],[77.189284,31.115888],[77.33361,31.097163],[77.580092,31.227515],[77.729851,31.143367],[78.012919,31.10729],[78.160466,31.011847],[78.227896,31.022382],[78.183952,31.168305],[78.335903,31.372757],[78.417016,31.345452],[78.544401,31.210128],[78.653759,30.958821],[78.877587,30.84132],[79.108017,30.86421],[79.332495,30.64604],[79.366986,30.677551],[79.440902,30.647484],[79.411619,30.468092],[79.759498,30.309341],[79.835824,30.314299],[80.268941,30.025388],[80.051216,30.039906],[79.964143,29.947258],[79.96014,29.865622],[79.782599,29.873838],[79.699275,29.814287],[79.536672,29.497236],[79.38297,29.356401],[79.37158,29.285166],[79.461113,29.182309],[79.447936,29.115802],[79.232545,28.965749],[79.188845,28.823175],[79.172204,28.737853]]]}},{"type":"Feature","id":"IMD_SUB_E_RAJASTHAN","properties":{"region_id":"IMD_SUB_E_RAJASTHAN","region_name":"EAST RAJASTHAN","source_name":"EAST RAJASTHAN","region_group":"NORTH WEST INDIA"},"geometry":{"type":"Polygon","coordinates":[[[74.764198,28.56712],[74.959855,28.420711],[75.094367,28.309893],[75.036724,28.17816],[75.054193,28.089059],[74.995586,28.007158],[75.035166,27.88807],[75.109792,27.87334],[75.21488,27.852856],[75.271968,27.849976],[75.199893,28.022951],[75.25719,28.072802],[75.402017,28.085695],[75.414284,28.170925],[75.372209,28.203456],[75.529083,28.175351],[75.587737,27.994415],[75.896891,28.23628],[76.001946,28.170278],[75.997182,27.869313],[75.922073,27.665819],[75.984179,27.659759],[76.100287,27.744916],[76.087612,27.812255],[76.333994,27.787758],[76.453003,27.412923],[76.636077,27.211523],[76.692428,27.221535],[76.60801,27.090961],[76.515608,27.053063],[76.746422,26.973198],[76.467544,26.863319],[76.425022,26.743125],[76.466876,26.716971],[76.49542,26.808427],[76.829443,26.866071],[77.029968,26.798466],[77.116085,26.899649],[77.233811,26.899445],[77.264979,26.83209],[77.105566,26.735893],[77.045189,26.643026],[76.850331,26.609361],[76.485494,26.376966],[76.371359,26.358584],[75.777903,26.072384],[75.65292,25.888094],[75.498758,25.881865],[75.384238,25.792691],[75.446057,25.636076],[75.42416,25.477374],[75.531483,25.33815],[75.674576,25.28882],[75.926002,25.314494],[76.082625,25.318533],[76.207151,25.400444],[76.281427,25.16534],[76.262435,25.087244],[76.18711,25.054801],[76.039309,25.081815],[75.755093,25.034505],[75.722218,24.993802],[75.76089,24.840492],[75.634248,24.795225],[75.66672,24.747589],[75.865289,24.745777],[75.922285,24.508103],[75.78526,24.429904],[75.677053,24.504772],[75.668227,24.409937],[75.66899,24.267173],[75.765691,24.166016],[75.706298,24.103209],[75.629127,24.090436],[75.521546,24.151899],[75.496934,24.243119],[75.439936,24.244891],[75.360984,24.155917],[75.028539,24.231671],[75.020248,24.321296],[74.969441,24.293251],[74.941631,24.115901],[74.768705,24.030216],[74.826211,23.898269],[74.690294,23.879415],[74.704454,23.81104],[74.683187,23.800409],[74.653743,23.787698],[74.536653,23.81239],[74.48427,23.907535],[74.451517,23.936671],[74.485713,23.998672],[74.584771,23.971184],[74.5579,24.021621],[74.625607,24.128487],[74.564636,24.16921],[74.625295,24.31242],[74.560197,24.388501],[74.585351,24.459256],[74.706843,24.486398],[74.738312,24.588347],[74.666348,24.645568],[74.624237,24.78856],[74.420708,24.711286],[74.023149,24.792972],[74.080886,24.87531],[74.046332,24.939973],[74.199419,24.864673],[74.289437,24.908967],[74.127369,24.929352],[74.112154,25.011589],[74.153765,24.973412],[74.218444,25.073548],[74.098393,25.107107],[74.064222,25.116546],[74.013094,25.117838],[73.969891,24.96569],[73.86796,24.905352],[73.668442,25.045333],[73.678686,24.852723],[73.818522,24.81893],[73.733635,24.692324],[73.640572,24.832645],[73.567335,24.632297],[73.568161,24.54648],[73.633475,24.535463],[73.549692,24.32087],[73.725684,24.291135],[73.68553,24.189977],[73.923451,23.797517],[73.897581,23.661055],[73.745769,23.572221],[73.588907,23.521293],[73.508159,23.386275],[73.70949,23.248885],[73.464768,23.16849],[73.264289,23.127917],[73.214332,23.248926],[73.088896,23.250988],[73.055989,23.368845],[72.952245,23.448202],[72.808261,23.502208],[72.63526,23.552751],[72.577792,23.751181],[72.499686,23.722483],[72.379052,23.925904],[72.135603,24.245242],[71.996438,24.168018],[71.870022,24.31035],[71.850228,24.372755],[71.970604,24.519119],[71.870537,24.585554],[71.873497,24.641864],[71.875022,24.670834],[71.820928,24.675118],[71.697568,24.54118],[71.020724,24.775959],[71.084874,24.802022],[71.079068,24.804291],[71.291588,24.941546],[71.41713,24.944622],[71.428266,25.102397],[71.673504,25.337242],[71.796098,25.468859],[71.955589,25.400642],[71.974914,25.257806],[72.022842,25.230133],[71.931278,25.113671],[72.140361,24.917301],[72.461874,25.324297],[72.756538,25.587003],[72.970139,26.034344],[73.128721,26.036486],[73.409936,26.355141],[73.248732,26.49656],[73.580138,26.743871],[73.708143,26.716432],[73.689716,26.931229],[73.943507,27.148328],[74.184839,27.006618],[74.423524,27.265777],[74.118027,27.364505],[74.245852,27.451242],[74.116773,27.522138],[73.876842,27.405764],[73.711776,27.791237],[73.837758,28.064612],[73.996341,28.381104],[74.318995,28.598038],[74.449698,28.441008],[74.764198,28.56712]]]}},{"type":"Feature","id":"IMD_SUB_GUJARAT","properties":{"region_id":"IMD_SUB_GUJARAT","region_name":"GUJARAT REGION","source_name":"GUJARAT REGION","region_group":"CENTRAL INDIA"},"geometry":{"type":"Polygon","coordinates":[[[70.82762,24.902231],[71.084874,24.802022],[71.020724,24.775959],[71.697568,24.54118],[71.820928,24.675118],[71.875022,24.670834],[71.873497,24.641864],[71.870537,24.585554],[71.970604,24.519119],[71.850228,24.372755],[71.870022,24.31035],[71.996438,24.168018],[72.135603,24.245242],[72.379052,23.925904],[72.499686,23.722483],[72.577792,23.751181],[72.63526,23.552751],[72.808261,23.502208],[72.952245,23.448202],[73.055989,23.368845],[73.088896,23.250988],[73.214332,23.248926],[73.264289,23.127917],[73.283145,23.026132],[73.417041,22.941362],[73.40555,22.898772],[73.287883,22.720115],[73.029501,22.604412],[72.984643,22.647268],[73.017964,22.544221],[73.087038,22.556089],[73.164914,22.496499],[73.086567,22.428045],[72.978034,22.434079],[73.047966,22.241043],[73.036463,22.064806],[72.899102,21.956584],[72.801368,21.979053],[72.698182,21.9358],[72.771217,21.797937],[72.669748,21.75172],[72.731477,21.616179],[72.810432,21.622846],[73.033893,21.663305],[73.218419,21.641558],[73.223932,21.599716],[72.808716,21.491445],[72.764561,21.401652],[72.58596,21.293493],[72.579236,21.228574],[72.73643,21.098823],[72.753276,20.969214],[72.773115,20.874078],[72.64698,20.835959],[72.619239,20.72778],[72.546788,20.709132],[72.464392,20.710035],[72.304169,20.871332],[72.226808,20.807787],[72.307729,20.629647],[72.211688,20.551084],[72.248051,20.348564],[72.03121,20.296656],[71.99291,20.224601],[71.824429,20.228634],[71.749761,20.283436],[71.75715,20.374098],[71.706135,20.442069],[71.635435,20.48005],[71.754417,20.501141],[71.736905,20.61128],[71.756869,20.772937],[71.594987,21.248458],[71.544898,21.23128],[71.503067,21.438412],[71.578007,21.623535],[71.624836,21.703219],[71.744526,21.74695],[71.753723,21.799317],[71.462239,21.80667],[71.524585,22.044674],[71.470113,22.033257],[71.434396,22.082411],[71.430997,22.277855],[71.496815,22.337588],[71.464302,22.355167],[71.365592,22.332632],[71.317633,22.4455],[71.271087,22.286171],[70.970424,22.208515],[70.68625,22.284712],[70.477929,22.386357],[70.496214,22.613443],[70.714405,22.61943],[70.786319,22.788332],[70.894854,22.600298],[70.994102,22.722113],[70.874144,22.862206],[70.93668,22.923466],[70.840381,23.123753],[70.940601,23.221804],[70.744134,23.312018],[70.882395,23.435005],[70.714493,23.430479],[70.760804,23.598727],[70.863511,23.625359],[70.846424,23.75611],[70.655789,23.643524],[70.290756,23.716303],[70.271344,23.894535],[70.168183,23.879401],[70.048478,23.959021],[69.844099,23.880778],[70.01474,24.160542],[70.196843,24.154477],[70.204458,24.297766],[70.120569,24.450045],[70.323827,24.587623],[70.267241,24.705064],[70.161594,24.737447],[70.190469,24.925462],[70.197226,24.926741],[70.310531,24.940248],[70.624026,24.862098],[70.653767,24.901025],[70.82762,24.902231]]]}},{"type":"Feature","id":"IMD_SUB_W_UP","properties":{"region_id":"IMD_SUB_W_UP","region_name":"WEST UTTAR PRADESH","source_name":"WEST UTTAR PRADESH","region_group":"NORTH WEST INDIA"},"geometry":{"type":"Polygon","coordinates":[[[79.511552,28.531181],[79.549563,28.401638],[79.411636,28.391878],[79.495068,28.260393],[79.375987,28.11404],[79.323625,28.01555],[79.133241,27.885473],[79.141725,27.684878],[78.906311,27.620166],[78.827291,27.658155],[78.776408,27.580826],[78.811345,27.429578],[78.71542,27.439329],[78.688373,27.590353],[78.567046,27.564896],[78.313645,27.685722],[78.216366,27.65938],[78.299815,27.492759],[78.328464,27.377531],[78.356636,27.247994],[78.478257,27.037424],[78.378755,26.918146],[78.57554,26.827394],[78.664155,26.853756],[78.804081,26.742697],[78.698913,26.695379],[78.736391,26.62282],[78.652955,26.503302],[78.528253,26.327474],[78.564879,26.226345],[78.744527,26.135877],[78.860548,26.046923],[78.964901,26.087033],[78.962492,26.015531],[79.088846,26.004851],[79.086371,25.933359],[79.20293,25.872775],[79.28984,25.870227],[79.351467,25.825461],[79.23097,25.771782],[79.328667,25.63296],[79.246027,25.528058],[79.114846,25.381526],[79.065637,25.229261],[79.053134,25.225762],[78.892273,25.121931],[78.777085,25.10567],[78.77671,24.990202],[78.515814,25.040307],[78.305886,24.96182],[78.409199,25.159782],[78.246792,25.231564],[78.211871,25.239767],[78.197398,25.16467],[78.224942,25.020411],[78.079747,25.024987],[77.953689,25.097801],[77.987446,25.146523],[77.920168,25.172202],[77.809454,25.103108],[77.846243,25.230355],[77.797343,25.250465],[77.724575,25.171173],[77.70013,25.201585],[77.82799,25.319222],[77.883679,25.309232],[77.881564,25.466485],[77.836035,25.492136],[77.786825,25.388242],[77.680343,25.322733],[77.53945,25.377948],[77.36186,25.221425],[77.493859,25.134465],[77.540231,24.897422],[77.691781,24.813319],[77.636708,24.542412],[77.794708,24.510149],[77.827372,24.418603],[77.793569,24.384918],[77.890477,24.356119],[77.907121,24.337376],[77.854169,24.293121],[77.757245,24.175667],[77.776233,24.120741],[77.659044,24.07147],[77.421514,24.293948],[77.257766,24.224506],[77.121104,24.425575],[77.082064,24.50023],[77.190663,24.626037],[77.055744,24.803152],[77.08384,24.870371],[77.261675,24.938232],[77.248447,24.987128],[77.345429,25.078016],[77.216039,25.305076],[77.371695,25.502378],[77.420464,25.518346],[77.515786,25.506782],[77.597228,25.489148],[77.750469,25.589546],[77.737142,25.693262],[77.827216,25.699755],[77.840835,25.818333],[77.881348,25.81466],[77.901573,25.841192],[77.978331,25.947446],[77.922702,25.981113],[77.930094,26.059223],[78.01806,26.176207],[78.088167,26.195708],[78.097513,26.325585],[78.008788,26.499514],[77.840883,26.65912],[77.642994,26.713003],[77.544302,26.703492],[77.448105,26.779013],[77.342569,26.76937],[77.045189,26.643026],[77.105566,26.735893],[77.264979,26.83209],[77.233811,26.899445],[77.116085,26.899649],[77.029968,26.798466],[76.829443,26.866071],[76.49542,26.808427],[76.466876,26.716971],[76.425022,26.743125],[76.467544,26.863319],[76.746422,26.973198],[76.515608,27.053063],[76.60801,27.090961],[76.692428,27.221535],[76.636077,27.211523],[76.453003,27.412923],[76.333994,27.787758],[76.357728,27.818849],[76.373538,27.860584],[76.517505,27.883143],[76.547041,27.92336],[76.492107,28.051595],[76.530563,28.099895],[76.594661,28.357635],[76.423106,28.489447],[76.415856,28.656018],[76.285565,28.87779],[76.240621,29.082061],[76.230182,29.190225],[76.232876,29.242565],[76.283704,29.276119],[76.281155,29.370774],[76.173263,29.542654],[76.226582,29.63492],[76.294485,29.68548],[76.326857,29.811264],[76.33302,29.96606],[76.381775,29.995801],[76.429667,30.048887],[76.63675,30.129774],[76.805284,30.358396],[76.790988,30.389757],[76.804952,30.395996],[77.142685,30.23112],[77.016356,30.101842],[76.903949,29.966262],[76.934063,29.750982],[77.015034,29.696063],[77.124864,29.718216],[77.136261,29.610616],[77.315387,29.679217],[77.482102,29.789566],[77.692444,29.725785],[77.722905,29.587937],[77.8967,29.458973],[78.113226,29.406358],[77.946728,29.302761],[77.857964,29.29276],[78.017869,29.175891],[78.090449,29.102647],[78.192999,29.124104],[78.287277,29.097963],[78.297243,28.984383],[78.48543,28.931916],[78.576786,28.828126],[78.699843,28.860586],[78.737679,28.782014],[78.949084,28.823693],[78.989664,28.822497],[78.953147,28.752019],[79.0797,28.700554],[79.172204,28.737853],[79.170972,28.731527],[79.419857,28.620071],[79.389985,28.586116],[79.511552,28.531181]]]}},{"type":"Feature","id":"IMD_SUB_TELANGANA","properties":{"region_id":"IMD_SUB_TELANGANA","region_name":"TELANGANA","source_name":"TELANGANA","region_group":"SOUTH PENINSULA"},"geometry":{"type":"Polygon","coordinates":[[[80.517866,17.829716],[80.504821,17.795616],[80.42739,17.702476],[80.295395,17.652465],[80.242273,17.534722],[80.214047,17.416296],[80.080495,17.30056],[80.019468,17.337862],[79.949172,17.262128],[79.874772,17.263951],[79.878622,17.17444],[79.691325,17.125228],[79.624481,17.180437],[79.635102,17.108638],[79.579323,17.109909],[79.526717,16.985856],[79.403658,17.024345],[79.365648,16.989378],[79.355052,17.067148],[79.256685,17.105032],[79.211405,17.022459],[79.161159,16.993664],[79.094022,17.042759],[79.098015,16.941248],[79.18937,16.867799],[79.196884,16.927305],[79.288723,16.877673],[79.26248,16.8126],[79.291691,16.734442],[79.198995,16.742317],[79.082159,16.780465],[79.045643,16.811021],[78.998993,16.94918],[78.900693,16.992859],[78.806852,16.952859],[78.68709,16.853587],[78.765519,16.744727],[78.614082,16.598201],[78.565785,16.664703],[78.479753,16.701988],[78.317896,16.656882],[78.106075,16.58253],[77.919683,16.543419],[77.892788,16.400438],[77.877534,16.203528],[77.741961,16.235192],[77.605309,16.18912],[77.591468,16.075772],[77.51205,16.148419],[77.510697,16.040886],[77.399137,16.012287],[77.307369,16.090977],[77.244897,16.031884],[77.103347,16.087106],[76.942115,16.03484],[76.922832,15.957313],[76.792039,15.838893],[76.706199,15.911317],[76.601095,15.900166],[76.323273,15.925961],[76.160147,15.932538],[76.191575,16.331679],[75.978987,16.395605],[75.985793,16.487693],[76.084638,16.514477],[76.156391,16.615998],[76.128246,16.765271],[76.185026,17.118252],[76.087478,17.220971],[76.280435,17.430603],[76.415413,17.501238],[76.22172,17.535645],[76.167277,17.60247],[76.243852,17.793115],[76.39423,17.960242],[76.365682,18.002543],[76.300005,17.97282],[76.273476,18.020668],[76.332035,18.094225],[76.314581,18.225675],[76.353397,18.276243],[76.312683,18.291754],[76.298183,18.299415],[76.265902,18.418985],[76.316972,18.4396],[76.311244,18.509463],[76.535952,18.579327],[76.514241,18.679187],[76.604381,18.804112],[76.620064,18.914482],[76.525354,18.978403],[76.627358,19.098411],[76.636624,19.279493],[76.743127,19.314716],[76.84137,19.179992],[76.969676,19.230485],[76.976424,19.366923],[77.073639,19.422565],[77.100631,19.537183],[77.080551,19.650892],[77.144726,19.756335],[77.102132,19.827794],[77.111166,19.880523],[77.255477,19.705704],[77.513331,19.737114],[77.571204,19.696805],[77.577342,19.627062],[77.722059,19.494693],[77.990748,19.394484],[78.049452,19.539595],[78.262203,19.442317],[78.5776,19.484821],[78.605563,19.405239],[78.761922,19.304434],[78.774996,19.252148],[78.636069,19.048347],[78.627886,19.002197],[78.729374,18.902953],[78.663769,18.726696],[78.834339,18.662625],[78.990695,18.647993],[79.069941,18.534441],[79.150604,18.531158],[79.340758,18.484699],[79.469248,18.280575],[79.507178,18.073654],[79.599032,18.123648],[79.595185,18.065374],[79.702982,18.069415],[79.731844,17.713588],[79.773713,17.691881],[79.904684,17.758127],[80.113048,17.710548],[80.343399,17.766672],[80.513097,17.828352],[80.517866,17.829716]]]}},{"type":"Feature","id":"IMD_SUB_RAYALASEEMA","properties":{"region_id":"IMD_SUB_RAYALASEEMA","region_name":"RAYALASEEMA","source_name":"RAYALASEEMA","region_group":"SOUTH PENINSULA"},"geometry":{"type":"Polygon","coordinates":[[[77.589263,16.07779],[77.596408,15.980118],[77.495828,15.837908],[77.399861,15.22709],[77.586456,15.186778],[77.714161,15.166156],[77.759676,14.878834],[77.844393,14.591043],[77.960243,14.446235],[78.074654,14.205842],[78.060663,13.890631],[78.197596,13.888875],[78.264588,13.782875],[78.344014,13.867803],[78.371697,13.752765],[78.575312,13.644809],[78.664796,13.463029],[78.660147,13.46476],[78.667345,13.400693],[78.574114,13.286836],[78.436831,13.238627],[78.412178,13.187231],[78.056145,13.291116],[78.026121,13.14243],[77.922371,13.050595],[77.907252,12.993392],[77.844546,12.976815],[77.340459,13.072466],[77.224036,13.004476],[77.161642,12.778994],[77.008267,12.59631],[76.896485,12.66342],[76.823262,12.717089],[76.90523,12.864608],[76.992813,12.908115],[77.06803,12.863618],[77.028045,12.926254],[77.194672,13.228418],[76.991527,13.289482],[76.9982,13.528872],[76.711355,13.621454],[76.743061,13.738105],[76.698492,13.837079],[76.534687,13.826833],[76.565182,13.923123],[76.41365,13.91173],[76.418469,13.81875],[76.319674,13.737026],[76.107138,13.700834],[76.05582,13.709618],[76.020554,13.831688],[75.865359,13.843122],[75.798994,13.896619],[75.753197,13.888566],[75.763883,13.766659],[75.597988,13.737963],[75.63043,13.923798],[75.546547,14.108525],[75.535386,14.162568],[75.629977,14.175921],[75.667313,14.034254],[75.900798,14.007455],[75.977216,13.898054],[76.055555,13.925304],[75.965929,14.045991],[75.987476,14.120216],[76.135965,14.194225],[76.059453,14.288849],[76.009945,14.305092],[75.99186,14.192713],[75.762856,14.345246],[75.728688,14.234776],[75.617004,14.242064],[75.50004,14.338678],[75.596443,14.476716],[75.413205,14.549575],[75.394403,14.612059],[75.423088,14.778545],[75.512886,14.891531],[75.483663,14.971805],[75.414704,14.984379],[75.467026,15.070628],[75.74756,15.003308],[75.811037,15.145182],[75.630582,15.515407],[75.682375,15.500061],[75.683605,15.649967],[75.748286,15.675455],[75.715263,15.862923],[75.863581,15.962984],[76.158779,15.915111],[76.160147,15.932538],[76.323273,15.925961],[76.601095,15.900166],[76.706199,15.911317],[76.792039,15.838893],[76.922832,15.957313],[76.942115,16.03484],[77.103347,16.087106],[77.244897,16.031884],[77.307369,16.090977],[77.399137,16.012287],[77.510697,16.040886],[77.51205,16.148419],[77.589263,16.07779]]]}},{"type":"Feature","id":"IMD_SUB_CHHATTISGARH","properties":{"region_id":"IMD_SUB_CHHATTISGARH","region_name":"CHHATTISGARH","source_name":"CHHATTISGARH","region_group":"CENTRAL INDIA"},"geometry":{"type":"Polygon","coordinates":[[[81.672647,23.750979],[81.668013,23.708393],[81.877907,23.607603],[82.071181,23.652898],[82.154171,23.757102],[82.364561,23.741476],[82.494815,23.660323],[82.561226,23.446124],[82.651347,23.323684],[82.756247,23.297628],[82.801801,23.368967],[82.876921,23.364024],[82.817048,23.117631],[82.916125,23.084386],[82.894948,22.995718],[82.869141,22.929795],[82.965047,22.7443],[83.188927,22.704798],[83.197652,22.645651],[83.026165,22.415139],[82.820585,22.305496],[82.791527,22.284057],[82.863937,22.164524],[82.37658,21.909488],[82.3464,21.805266],[82.405312,21.674977],[82.380249,21.604048],[82.194895,21.528658],[82.244338,21.460985],[82.14522,21.343172],[82.172737,21.176816],[82.074113,21.179966],[81.941436,20.950949],[81.474479,20.992028],[81.433577,20.979957],[81.435937,20.90603],[81.27138,20.687826],[81.131373,20.67613],[81.182002,20.278771],[81.143247,19.938516],[81.227776,19.860217],[81.462934,19.786689],[81.362675,19.643971],[81.351383,19.718359],[81.15744,19.751271],[81.105507,19.703455],[81.01601,19.847537],[80.719186,19.952567],[80.641595,19.899149],[80.621135,19.78342],[80.775728,19.669318],[80.78162,19.436058],[80.917095,19.269904],[80.951387,18.784847],[80.817908,18.610449],[80.666407,18.538367],[80.702085,18.458379],[80.214368,18.080401],[80.183201,17.833251],[80.113048,17.710548],[79.904684,17.758127],[79.773713,17.691881],[79.731844,17.713588],[79.702982,18.069415],[79.595185,18.065374],[79.599032,18.123648],[79.507178,18.073654],[79.469248,18.280575],[79.340758,18.484699],[79.150604,18.531158],[79.069941,18.534441],[78.990695,18.647993],[79.117198,18.738868],[79.018979,18.932709],[79.045633,19.005163],[79.168797,19.073785],[79.313128,19.306574],[79.388677,19.287539],[79.438352,19.168325],[79.63534,19.24815],[79.590537,19.307032],[79.654634,19.379947],[79.601804,19.433541],[79.429822,19.519655],[79.328211,19.695149],[79.175152,19.714753],[79.270085,19.771074],[79.200348,19.794555],[79.215012,19.85152],[79.291137,19.813942],[79.318259,19.862163],[79.294517,20.026803],[79.199254,20.052036],[79.203145,20.165811],[79.403863,20.207514],[79.405325,20.441616],[79.301408,20.532924],[79.384736,20.58017],[79.367092,20.718601],[79.274825,20.864099],[79.273649,21.023232],[79.509775,21.166977],[79.516614,21.217588],[79.442494,21.23187],[79.547575,21.402844],[79.572715,21.716971],[79.695105,21.713541],[79.750937,22.012389],[79.903211,21.979286],[79.993959,22.377025],[80.180926,22.442632],[80.269867,22.353955],[80.662843,22.569321],[80.720227,22.838806],[80.835331,23.006081],[81.020223,22.999136],[81.058724,23.169078],[80.85276,23.405511],[80.653616,23.455743],[80.542349,23.38828],[80.503678,23.575477],[80.599621,23.643503],[80.530012,23.83183],[80.724778,23.6675],[80.820883,23.735353],[81.189932,23.663839],[81.499356,23.651122],[81.672647,23.750979]]]}},{"type":"Feature","id":"IMD_SUB_E_MP","properties":{"region_id":"IMD_SUB_E_MP","region_name":"EAST MADHYA PRADESH","source_name":"EAST MADHYA PRADESH","region_group":"CENTRAL INDIA"},"geometry":{"type":"Polygon","coordinates":[[[77.286135,21.547712],[77.302449,21.773727],[77.35594,21.916312],[77.215154,21.918269],[77.204198,22.037873],[77.116662,22.182379],[77.120447,22.43319],[77.210372,22.431983],[77.38898,22.357775],[77.404492,22.512815],[77.38187,22.692309],[77.574438,22.66544],[77.513611,22.857491],[77.348178,22.979456],[77.673125,23.105661],[77.650609,23.27322],[77.511388,23.430758],[77.61819,23.596179],[77.409834,23.539842],[77.375079,23.767284],[77.281984,23.637315],[77.192655,23.722209],[77.159092,24.045154],[77.054692,24.022704],[76.992646,24.214627],[77.020954,24.357577],[77.13606,24.403606],[77.257766,24.224506],[77.421514,24.293948],[77.659044,24.07147],[77.776233,24.120741],[77.757245,24.175667],[77.854169,24.293121],[77.907121,24.337376],[77.890477,24.356119],[77.793569,24.384918],[77.827372,24.418603],[77.794708,24.510149],[77.636708,24.542412],[77.691781,24.813319],[77.540231,24.897422],[77.493859,25.134465],[77.36186,25.221425],[77.53945,25.377948],[77.680343,25.322733],[77.786825,25.388242],[77.836035,25.492136],[77.881564,25.466485],[77.883679,25.309232],[77.82799,25.319222],[77.70013,25.201585],[77.724575,25.171173],[77.797343,25.250465],[77.846243,25.230355],[77.809454,25.103108],[77.920168,25.172202],[77.987446,25.146523],[77.953689,25.097801],[78.079747,25.024987],[78.224942,25.020411],[78.197398,25.16467],[78.211871,25.239767],[78.246792,25.231564],[78.409199,25.159782],[78.305886,24.96182],[78.515814,25.040307],[78.77671,24.990202],[78.777085,25.10567],[78.892273,25.121931],[79.053134,25.225762],[79.22009,25.27238],[79.255842,25.123989],[79.3746,25.079257],[79.362156,25.010818],[79.278608,25.001746],[79.302441,24.966496],[79.206881,24.894572],[79.309554,24.86013],[79.376919,24.911663],[79.400398,24.819621],[79.482062,24.867552],[79.460808,24.94434],[79.514268,24.919862],[79.548237,24.983409],[79.67024,24.893897],[79.708077,24.90235],[79.646521,24.946201],[79.80288,24.959853],[79.849424,25.00754],[79.735734,24.813869],[79.764905,24.749891],[79.985886,24.773322],[80.062873,24.730439],[80.139013,24.7557],[80.221656,24.992398],[80.349534,24.951389],[80.342226,24.887499],[80.424309,24.891502],[80.444218,25.0199],[80.502758,25.043117],[80.558924,24.937918],[80.531521,24.899743],[80.618311,24.835348],[80.791338,24.807628],[80.867038,24.673811],[81.00654,24.62799],[81.091527,24.5569],[81.145806,24.547878],[81.137541,24.475744],[81.220059,24.474719],[81.243016,24.404333],[81.296807,24.376587],[81.325952,24.468498],[81.621159,24.440474],[81.709382,24.376529],[81.730149,24.307196],[81.653781,24.320338],[81.630253,24.178956],[81.703736,24.054386],[81.617196,23.908187],[81.552299,23.921532],[81.528571,23.876568],[81.675976,23.781534],[81.672647,23.750979],[81.499356,23.651122],[81.189932,23.663839],[80.820883,23.735353],[80.724778,23.6675],[80.530012,23.83183],[80.599621,23.643503],[80.503678,23.575477],[80.542349,23.38828],[80.653616,23.455743],[80.85276,23.405511],[81.058724,23.169078],[81.020223,22.999136],[80.835331,23.006081],[80.720227,22.838806],[80.662843,22.569321],[80.269867,22.353955],[80.180926,22.442632],[79.993959,22.377025],[79.903211,21.979286],[79.750937,22.012389],[79.695105,21.713541],[79.572715,21.716971],[79.547575,21.402844],[79.442494,21.23187],[79.2558,21.267692],[79.254543,21.370224],[79.151894,21.479651],[78.790064,21.468083],[78.654636,21.416978],[78.405292,21.486757],[78.299066,21.587475],[78.111406,21.651512],[78.059566,21.578277],[77.807473,21.519547],[77.786647,21.43229],[77.462735,21.399694],[77.301428,21.462284],[77.292748,21.541264],[77.286135,21.547712]]]}},{"type":"Feature","id":"IMD_SUB_COASTAL_KARNATAKA","properties":{"region_id":"IMD_SUB_COASTAL_KARNATAKA","region_name":"COASTAL KARNATAKA","source_name":"COASTAL KARNATAKA","region_group":"SOUTH PENINSULA"},"geometry":{"type":"Polygon","coordinates":[[[73.966587,12.541711],[73.966712,12.542091],[73.960752,12.541688],[73.864288,12.535149],[73.877188,12.606899],[73.70389,12.692714],[73.704572,12.737424],[73.6392,12.710073],[73.555809,12.818628],[73.464754,12.791081],[73.377824,12.972274],[73.276312,13.424791],[73.262071,13.675635],[73.314711,13.659142],[73.305829,13.701077],[73.259948,13.704545],[73.179636,13.971879],[73.100263,14.091808],[72.991112,14.589747],[72.940199,14.593168],[72.881619,14.840353],[72.817665,14.90347],[72.861489,14.95888],[72.758392,14.975971],[72.729038,15.035577],[72.855002,15.054134],[72.905385,15.280556],[72.837443,15.348389],[72.935405,15.404053],[72.929359,15.443264],[72.859147,15.555037],[72.876909,15.630897],[73.077292,15.597492],[73.068495,15.482653],[73.176804,15.5027],[73.285926,15.427057],[73.364205,15.504167],[73.543028,15.323671],[73.484716,15.208497],[73.55432,15.113297],[73.701671,15.171589],[73.732579,14.942167],[73.64522,14.750337],[73.704484,14.702843],[73.65639,14.53037],[73.587099,14.61606],[73.51878,14.548673],[73.617996,14.386647],[73.519984,14.366921],[73.530233,14.30002],[73.382748,14.346892],[73.383568,14.232107],[73.265751,14.250411],[73.316264,14.049894],[73.454082,13.955151],[73.571916,13.908037],[73.621897,13.736116],[73.681678,13.545093],[73.750379,13.497607],[73.682516,13.392016],[73.82966,13.277922],[73.888835,13.153798],[73.976351,13.24028],[74.172379,13.040036],[74.270675,12.801092],[74.251678,12.628785],[74.144776,12.542337],[73.966587,12.541711]]]}},{"type":"Feature","id":"IMD_SUB_N_INT_KARNATAKA","properties":{"region_id":"IMD_SUB_N_INT_KARNATAKA","region_name":"N. I. KARNATAKA","source_name":"N. I. KARNATAKA","region_group":"SOUTH PENINSULA"},"geometry":{"type":"Polygon","coordinates":[[[75.716496,15.855932],[75.582537,15.767781],[75.508188,15.667506],[75.470861,15.538423],[75.315367,15.50282],[75.14507,15.388179],[75.026721,15.381048],[74.901045,15.244678],[74.827105,15.273339],[74.708892,15.222982],[74.553791,15.172495],[74.487481,15.093416],[74.413856,15.007124],[74.303134,14.999636],[74.377148,14.935265],[74.296172,14.870445],[74.355495,14.770153],[74.466226,14.727377],[74.422416,14.562215],[74.267831,14.518725],[74.268277,14.382376],[74.202173,14.339105],[74.091595,14.381764],[73.995478,14.474662],[73.928542,14.610704],[73.832294,14.696347],[73.704411,14.702581],[73.704484,14.702843],[73.64522,14.750337],[73.732579,14.942167],[73.701671,15.171589],[73.55432,15.113297],[73.484716,15.208497],[73.543028,15.323671],[73.364205,15.504167],[73.285926,15.427057],[73.176804,15.5027],[73.068495,15.482653],[73.077292,15.597492],[72.876909,15.630897],[72.878865,15.639249],[72.890762,15.741179],[72.733144,15.759035],[72.755093,15.799353],[72.8029,15.877191],[72.851605,15.820424],[72.970271,15.857433],[73.079113,16.126064],[73.008264,16.164115],[73.123292,16.20096],[73.104289,16.334521],[72.973182,16.394819],[72.99496,16.501446],[72.909908,16.633864],[73.039935,16.641779],[73.110421,16.735419],[73.219197,16.717915],[73.220335,16.670269],[73.327975,16.692884],[73.35651,16.797892],[73.581022,16.845331],[73.606088,17.046104],[73.749918,17.053485],[73.875162,16.897419],[73.999488,16.954138],[73.955856,17.015824],[74.044259,17.033361],[74.379255,17.026661],[74.33377,17.358973],[74.301906,17.425342],[74.370351,17.509933],[74.597242,17.348344],[74.720754,17.356939],[74.763731,17.392094],[75.065724,17.3517],[75.094148,17.384101],[75.036651,17.619433],[75.108569,17.60858],[75.151756,17.654812],[75.258859,17.769382],[75.425727,17.71185],[75.527186,17.829092],[75.478177,17.891083],[75.609952,17.917582],[75.68222,18.100193],[75.651489,18.139665],[75.845716,18.156831],[75.942801,18.271914],[75.912313,18.325375],[76.015115,18.419841],[76.125464,18.424788],[76.110192,18.315211],[76.298183,18.299415],[76.312683,18.291754],[76.353397,18.276243],[76.314581,18.225675],[76.332035,18.094225],[76.273476,18.020668],[76.300005,17.97282],[76.365682,18.002543],[76.39423,17.960242],[76.243852,17.793115],[76.167277,17.60247],[76.22172,17.535645],[76.415413,17.501238],[76.280435,17.430603],[76.087478,17.220971],[76.185026,17.118252],[76.128246,16.765271],[76.156391,16.615998],[76.084638,16.514477],[75.985793,16.487693],[75.978987,16.395605],[76.191575,16.331679],[76.158779,15.915111],[75.863581,15.962984],[75.715263,15.862923],[75.716496,15.855932]]]}},{"type":"Feature","id":"IMD_SUB_VIDARBHA","properties":{"region_id":"IMD_SUB_VIDARBHA","region_name":"VIDARBHA","source_name":"VIDARBHA","region_group":"CENTRAL INDIA"},"geometry":{"type":"Polygon","coordinates":[[[77.109954,19.873456],[77.088221,19.884058],[76.975177,19.935536],[76.815979,19.937235],[76.679284,19.917068],[76.625048,19.80284],[76.737979,19.737243],[76.851061,19.693089],[76.964163,19.656037],[76.955555,19.570091],[76.879007,19.492032],[76.750482,19.493321],[76.637647,19.551745],[76.583792,19.459001],[76.447841,19.47448],[76.501361,19.538587],[76.426039,19.575055],[76.418976,19.632482],[76.28337,19.71239],[76.170302,19.784883],[76.103106,19.928749],[76.027366,19.943547],[75.989982,20.029824],[75.89113,19.994489],[75.78509,20.030852],[75.693865,19.995371],[75.602844,20.002876],[75.465968,19.902871],[75.337053,19.903162],[75.246175,19.982212],[75.170303,19.982301],[75.079239,19.946501],[74.912373,19.917805],[74.821243,20.02533],[74.752872,20.068285],[74.859099,20.125784],[74.919782,20.262103],[74.972965,20.391227],[74.874056,20.412701],[74.714393,20.355133],[74.729453,20.441226],[74.691133,20.577438],[74.782527,20.577577],[74.828119,20.670869],[74.797531,20.749731],[74.797407,20.842969],[74.858416,20.871719],[74.927049,20.965],[74.888844,21.000839],[74.988125,21.08694],[75.102709,21.022361],[75.171472,21.036649],[75.209834,21.114416],[75.226912,21.113022],[75.325422,21.204593],[75.513337,21.297546],[75.517331,21.367985],[75.657212,21.476817],[75.662825,21.593331],[75.821147,21.606788],[75.890793,21.705432],[76.35781,21.757236],[76.448808,21.520636],[76.2968,21.52423],[76.306566,21.483371],[76.365527,21.380567],[76.567218,21.343393],[76.872964,21.380133],[77.054509,21.503073],[77.268427,21.564974],[77.292748,21.541264],[77.301428,21.462284],[77.462735,21.399694],[77.786647,21.43229],[77.807473,21.519547],[78.059566,21.578277],[78.111406,21.651512],[78.299066,21.587475],[78.405292,21.486757],[78.654636,21.416978],[78.790064,21.468083],[79.151894,21.479651],[79.254543,21.370224],[79.2558,21.267692],[79.516614,21.217588],[79.509775,21.166977],[79.273649,21.023232],[79.274825,20.864099],[79.367092,20.718601],[79.384736,20.58017],[79.301408,20.532924],[79.405325,20.441616],[79.403863,20.207514],[79.203145,20.165811],[79.199254,20.052036],[79.294517,20.026803],[79.318259,19.862163],[79.291137,19.813942],[79.215012,19.85152],[79.200348,19.794555],[79.270085,19.771074],[79.175152,19.714753],[79.328211,19.695149],[79.429822,19.519655],[79.601804,19.433541],[79.654634,19.379947],[79.590537,19.307032],[79.63534,19.24815],[79.438352,19.168325],[79.388677,19.287539],[79.313128,19.306574],[79.168797,19.073785],[79.045633,19.005163],[79.018979,18.932709],[79.117198,18.738868],[78.990695,18.647993],[78.834339,18.662625],[78.663769,18.726696],[78.729374,18.902953],[78.627886,19.002197],[78.636069,19.048347],[78.774996,19.252148],[78.761922,19.304434],[78.605563,19.405239],[78.5776,19.484821],[78.262203,19.442317],[78.049452,19.539595],[77.990748,19.394484],[77.722059,19.494693],[77.577342,19.627062],[77.571204,19.696805],[77.513331,19.737114],[77.255477,19.705704],[77.121773,19.867688],[77.111166,19.880523],[77.109954,19.873456]]]}},{"type":"Feature","id":"IMD_SUB_MARATHWADA","properties":{"region_id":"IMD_SUB_MARATHWADA","region_name":"MARATHWADA","source_name":"MARATHWADA","region_group":"CENTRAL INDIA"},"geometry":{"type":"Polygon","coordinates":[[[74.815414,20.703637],[74.828119,20.670869],[74.782527,20.577577],[74.691133,20.577438],[74.729453,20.441226],[74.714393,20.355133],[74.874056,20.412701],[74.972965,20.391227],[74.919782,20.262103],[74.859099,20.125784],[74.752872,20.068285],[74.821243,20.02533],[74.912373,19.917805],[75.079239,19.946501],[75.170303,19.982301],[75.246175,19.982212],[75.337053,19.903162],[75.465968,19.902871],[75.602844,20.002876],[75.693865,19.995371],[75.78509,20.030852],[75.89113,19.994489],[75.989982,20.029824],[76.027366,19.943547],[76.103106,19.928749],[76.170302,19.784883],[76.28337,19.71239],[76.418976,19.632482],[76.426039,19.575055],[76.501361,19.538587],[76.447841,19.47448],[76.583792,19.459001],[76.637647,19.551745],[76.750482,19.493321],[76.879007,19.492032],[76.955555,19.570091],[76.964163,19.656037],[76.851061,19.693089],[76.737979,19.737243],[76.625048,19.80284],[76.679284,19.917068],[76.815979,19.937235],[76.975177,19.935536],[77.088221,19.884058],[77.109954,19.873456],[77.102132,19.827794],[77.144726,19.756335],[77.080551,19.650892],[77.100631,19.537183],[77.073639,19.422565],[76.976424,19.366923],[76.969676,19.230485],[76.84137,19.179992],[76.743127,19.314716],[76.636624,19.279493],[76.627358,19.098411],[76.525354,18.978403],[76.620064,18.914482],[76.604381,18.804112],[76.514241,18.679187],[76.535952,18.579327],[76.311244,18.509463],[76.316972,18.4396],[76.265902,18.418985],[76.298183,18.299415],[76.110192,18.315211],[76.125464,18.424788],[76.015115,18.419841],[75.912313,18.325375],[75.942801,18.271914],[75.845716,18.156831],[75.651489,18.139665],[75.68222,18.100193],[75.609952,17.917582],[75.478177,17.891083],[75.527186,17.829092],[75.425727,17.71185],[75.258859,17.769382],[75.166855,17.670976],[75.108148,17.723807],[75.007085,17.791996],[74.917238,17.741756],[74.88353,17.76685],[74.868522,17.809888],[74.801093,17.827767],[74.726208,17.813328],[74.722352,17.885067],[74.632421,17.892093],[74.564878,17.934999],[74.549606,18.046166],[74.598296,18.071383],[74.62836,18.042746],[74.692119,18.035684],[74.729479,18.125418],[74.665627,18.164776],[74.665469,18.247279],[74.665304,18.333368],[74.627551,18.422974],[74.533526,18.451462],[74.492003,18.512333],[74.443183,18.494261],[74.447161,18.426121],[74.375903,18.386445],[74.323528,18.328876],[74.286162,18.28211],[74.245186,18.206628],[74.151135,18.252864],[74.143346,18.310218],[74.120379,18.396195],[74.018392,18.492535],[74.040385,18.593073],[74.081508,18.639904],[74.149373,18.61153],[74.231664,18.715898],[74.276696,18.748358],[74.314287,18.762846],[74.28772,18.812961],[74.197295,18.819767],[74.193323,18.862789],[74.136556,18.912746],[74.118015,18.855274],[74.068845,18.8909],[73.990193,18.811587],[73.90353,18.818271],[73.896535,18.735743],[73.790423,18.835503],[73.699537,18.899442],[73.642416,18.974341],[73.585425,19.027704],[73.543514,19.077581],[73.611459,19.070933],[73.645546,19.053256],[73.686886,19.071485],[73.701636,19.114623],[73.66371,19.139453],[73.663334,19.186069],[73.685608,19.232848],[73.723581,19.204428],[73.814196,19.201451],[73.859466,19.205324],[73.822127,19.147709],[73.890264,19.115857],[73.943151,19.105409],[73.92387,19.169851],[73.957587,19.209494],[73.976728,19.166567],[74.007092,19.138042],[74.007349,19.095007],[74.037693,19.066477],[74.086668,19.077486],[74.06002,19.120389],[74.029564,19.166853],[74.055901,19.181336],[74.127709,19.163759],[74.165468,19.160348],[74.233219,19.200095],[74.184109,19.207056],[74.187619,19.260869],[74.149634,19.303733],[74.255269,19.332887],[74.285024,19.4406],[74.224229,19.504905],[74.103286,19.490001],[74.049673,19.604487],[73.920536,19.675482],[73.69294,19.731343],[73.609138,19.788084],[73.426482,19.87262],[73.365261,19.929435],[73.44002,20.03767],[73.499213,20.195941],[73.505917,20.289219],[73.573656,20.361493],[73.642587,20.304674],[73.711408,20.254996],[73.680286,20.340819],[73.77078,20.434706],[73.839516,20.39932],[73.89245,20.442694],[73.899598,20.507283],[73.990182,20.622579],[74.073712,20.666076],[74.149949,20.659297],[74.188313,20.609279],[74.249145,20.63107],[74.35562,20.674532],[74.469705,20.739469],[74.500319,20.703701],[74.622435,20.639462],[74.645193,20.682543],[74.706205,20.661141],[74.815414,20.703637]]]}},{"type":"Feature","id":"IMD_SUB_TN_PUDUCHERRY","properties":{"region_id":"IMD_SUB_TN_PUDUCHERRY","region_name":"TAMILNADU & PONDICHERY","source_name":"TAMILNADU & PONDICHERY","region_group":"SOUTH PENINSULA"},"geometry":{"type":"Polygon","coordinates":[[[75.690006,8.606974],[75.680621,8.685343],[75.751945,8.802466],[75.662647,8.963921],[75.776877,9.121685],[75.797324,9.235205],[75.860609,9.306214],[75.867145,9.364373],[75.896966,9.410493],[75.924006,9.449228],[75.839323,9.558371],[75.714458,9.552073],[75.779922,9.92908],[75.736146,10.080823],[75.776347,10.100171],[75.802609,10.177811],[75.806402,10.217582],[75.71958,10.339905],[75.469733,10.21809],[75.369594,10.273676],[75.359273,10.307011],[75.34333,10.344046],[75.325345,10.621904],[75.420965,10.745042],[75.305532,10.866542],[75.19566,10.899034],[75.225652,10.990805],[75.337437,11.042642],[75.258493,11.114104],[75.269765,11.221679],[75.138102,11.190227],[75.006402,11.199494],[75.079699,11.282072],[75.060813,11.338679],[74.79785,11.462919],[74.795782,11.554842],[74.898503,11.576259],[74.985145,11.660767],[75.074714,11.679303],[75.130378,11.56787],[75.389559,11.625041],[75.503891,11.797357],[75.590627,11.789655],[75.64796,11.723588],[75.824407,11.782242],[75.894036,11.753165],[76.107746,11.901315],[76.225642,11.909834],[76.214631,11.960914],[76.340529,12.036066],[76.309156,12.142027],[76.042987,12.146614],[76.011349,12.235885],[76.189781,12.373903],[76.212815,12.428492],[76.150433,12.581158],[76.231418,12.662238],[76.298564,12.657071],[76.352014,12.716033],[76.392985,12.867922],[76.422249,12.856523],[76.463977,12.862639],[76.596734,12.777857],[76.672954,12.830001],[76.827468,12.758789],[76.823262,12.717089],[76.896485,12.66342],[77.008267,12.59631],[77.161642,12.778994],[77.224036,13.004476],[77.340459,13.072466],[77.844546,12.976815],[77.907252,12.993392],[77.922371,13.050595],[78.026121,13.14243],[78.056145,13.291116],[78.412178,13.187231],[78.436831,13.238627],[78.574114,13.286836],[78.667345,13.400693],[78.660147,13.46476],[78.794558,13.414665],[78.888332,13.371876],[78.976535,13.25141],[78.964165,13.075815],[78.938057,13.005116],[78.917816,12.942622],[78.769796,12.397956],[78.6354,12.415431],[78.73868,12.348633],[78.625821,12.158456],[78.570314,12.056851],[78.487671,11.959429],[78.449068,11.84823],[78.413742,11.706479],[78.373789,11.334695],[78.322521,11.282669],[78.394373,11.275217],[78.440209,10.924422],[78.426554,10.830491],[78.427184,10.752024],[78.430364,10.167145],[78.128664,10.181782],[78.111492,10.221681],[77.869568,10.18527],[77.803059,10.079095],[77.804217,9.935193],[77.69177,9.782523],[77.515591,9.556715],[77.454495,9.378524],[77.478564,9.263122],[77.71796,9.161221],[77.390265,9.13867],[76.939383,9.00953],[76.682427,8.80373],[76.674523,8.677586],[76.715215,8.658972],[76.649141,8.576416],[76.639262,8.39328],[76.553824,8.275828],[76.291871,8.102679],[76.070943,8.053317],[76.03678,7.976972],[75.876855,8.017492],[75.613839,8.203286],[75.687507,8.413411],[75.751318,8.509279],[75.690006,8.606974]]]}}]}