{"type":"Topology","arcs":[[[53345,1061],[7,-57],[39,4],[44,-207],[-7,-76],[60,-83],[11,-84],[30,-104],[-40,-38],[-42,-93],[9,-46],[-16,-75],[31,-19],[-26,-72],[-89,23],[-13,-78],[-39,-56],[-45,18],[14,99],[-58,61],[-24,62],[12,38],[-79,95],[7,81],[-95,108],[-61,3],[-10,63],[10,86],[-20,11],[-10,88],[42,29],[-2,80],[23,30],[99,-6],[45,52],[109,8],[1,31],[83,24]],[[53064,1505],[25,-101],[66,-50],[-66,-140],[-95,-56],[-20,-54],[-44,-38],[-41,57],[-5,82],[20,34],[-10,88],[64,41],[95,29],[11,108]],[[52372,2775],[62,-39],[-15,-71],[57,-15],[65,-70],[27,-87],[-26,-51],[-42,58],[-92,6],[-42,-44],[-68,44],[7,52],[-62,38],[-15,41],[53,110],[38,-9],[53,37]],[[52720,2782],[34,-7],[39,-73],[-18,-137],[-139,123],[74,65],[10,29]],[[52785,2994],[21,-35],[8,-156],[-44,64],[-21,113],[36,14]],[[52676,3226],[37,-14],[1,-63],[-84,-113],[92,-122],[10,-48],[-24,-63],[-68,-8],[-5,-71],[-30,-3],[-12,80],[82,40],[-21,63],[-67,-14],[-51,102],[-8,112],[74,51],[8,52],[66,19]],[[52071,3301],[35,-81],[-27,-17],[-39,53],[31,45]],[[51845,3498],[35,-21],[-36,-151],[59,-75],[83,-39],[3,-70],[-61,15],[-90,46],[-79,116],[0,74],[21,71],[65,34]],[[52863,3973],[14,-96],[24,-11],[17,-125],[-33,0],[-4,105],[-31,63],[13,64]],[[51141,5438],[54,-52],[37,-125],[-43,-86],[-165,1],[-25,48],[3,147],[92,2],[47,65]],[[50575,9049],[89,-75],[6,-112],[55,-55],[-10,-97],[30,-79],[0,-51],[-93,-99],[-26,-52],[9,-45],[50,-37],[-77,-126],[-67,-16],[-134,81],[-69,-37],[-36,27],[53,86],[22,69],[-25,74],[-57,39],[3,116],[-13,136],[77,15],[37,72],[55,40],[3,50],[70,57],[48,19]],[[50837,10386],[55,-43],[35,-124],[-43,-84],[59,-15],[-4,-40],[-109,-51],[-81,1],[-38,43],[14,76],[72,7],[2,79],[-26,39],[11,58],[53,54]],[[49958,10566],[106,-16],[10,-109],[-50,-20],[-70,6],[-18,42],[22,97]],[[50625,10590],[56,-24],[-27,-67],[-33,-1],[4,92]],[[51625,11114],[89,3],[-28,-71],[-68,41],[7,27]],[[51519,11530],[70,-10],[10,-68],[61,-110],[34,-113],[-65,11],[-71,107],[-31,-2],[-27,67],[-55,11],[-7,45],[81,62]],[[51564,11694],[25,-8],[-10,-128],[-76,56],[-5,76],[66,4]],[[51640,11799],[16,-129],[37,-49],[-96,1],[-2,70],[-91,32],[2,62],[62,-22],[72,35]],[[51725,11918],[35,-35],[17,-103],[-3,-90],[-46,-43],[-68,103],[39,124],[26,44]],[[50960,11971],[31,-147],[44,30],[42,-14],[-3,-47],[-38,-94],[-4,-49],[84,-126],[-29,-23],[-10,-70],[-65,-31],[-20,-51],[32,-113],[31,72],[64,14],[22,-28],[-19,-73],[17,-45],[-67,-337],[-76,-25],[-34,-30],[30,-57],[60,21],[23,-22],[-7,-122],[-47,-113],[-5,-88],[-61,-23],[-72,-1],[-37,37],[10,61],[-90,94],[1,87],[-27,67],[9,54],[-25,60],[-73,9],[8,112],[-22,121],[-43,-5],[-23,48],[26,103],[34,62],[47,43],[28,-35],[16,-84],[51,-38],[-10,114],[11,37],[4,145],[26,121],[-4,89],[46,167],[90,122],[24,1]],[[51022,11986],[66,-29],[3,-103],[-84,15],[-2,86],[17,31]],[[51460,12070],[-39,-47],[-44,46],[26,26],[57,-25]],[[51118,12134],[33,-13],[35,18],[42,-27],[83,1],[37,-92],[-58,-25],[26,-45],[-153,-258],[-11,-56],[-59,-42],[-53,46],[0,31],[54,170],[7,112],[-55,39],[82,86],[-10,55]],[[53328,12157],[68,-116],[17,-68],[-84,1],[-28,17],[-25,88],[52,78]],[[51276,12349],[77,-38],[-48,-30],[-29,68]],[[51489,12362],[-26,-31],[-22,-90],[-28,12],[30,118],[46,-9]],[[51372,13456],[21,-71],[40,0],[53,-165],[-40,-57],[53,-58],[35,-80],[-24,-82],[-19,-159],[40,-144],[-54,-170],[-54,-62],[-95,-40],[-101,24],[18,-66],[75,-98],[26,-66],[-112,-45],[-49,27],[-28,-19],[-49,26],[-50,-40],[-60,2],[-38,79],[-6,184],[22,154],[-30,50],[31,92],[-4,79],[17,95],[61,76],[-6,116],[-43,139],[7,87],[29,4],[69,74],[45,-1],[-2,59],[67,12],[7,-21],[13,-1],[12,13],[7,-12],[-6,-17],[3,-5],[6,-2],[62,15],[51,74]],[[50949,13623],[49,-28],[5,-199],[-14,-55],[-52,-62],[-37,-88],[-47,145],[32,43],[11,156],[53,88]],[[51643,14892],[22,-57],[8,-91],[-22,-104],[7,-84],[30,-30],[24,-98],[35,-42],[-15,-41],[-66,-1],[-27,50],[-50,18],[-54,-63],[75,-38],[68,-105],[21,-57],[-50,-120],[11,-86],[-14,-152],[-51,-84],[-73,-2],[-22,-32],[-92,85],[-26,-70],[10,-47],[62,-53],[-60,-31],[-4,48],[-52,-2],[-11,-80],[-42,-26],[4,-68],[27,-45],[-30,-9],[-14,0],[-16,-5],[-4,2],[5,18],[0,12],[-88,21],[-17,173],[53,45],[-58,26],[12,169],[49,25],[-22,113],[46,133],[-8,50],[46,5],[-57,84],[29,196],[34,43],[-16,48],[56,15],[10,130],[49,6],[7,42],[53,10],[-22,77],[96,16],[59,48],[46,-36],[29,51]],[[51615,15117],[-2,-71],[-59,-2],[-10,49],[71,24]],[[24867,14991],[38,-63],[-34,-84],[-48,59],[44,88]],[[29337,21752],[0,-1]],[[29337,21751],[0,1]],[[29405,21775],[15,-86],[-43,-72],[0,-78],[-44,-9],[-31,65],[-55,25],[5,79]],[[29252,21699],[56,17]],[[29308,21716],[65,15],[32,44]],[[29337,21752],[-39,18],[-125,-9],[-49,39],[-37,-44],[75,-14],[88,-43]],[[29250,21699],[-8,-82],[51,-36],[44,-97],[-81,-89],[-81,-31],[-308,-160],[-268,-149],[-110,-20],[-102,-35],[-142,-79],[-115,-49],[-67,45],[-261,29],[-38,28],[-151,-11],[-161,-24],[-154,-63],[-74,-49],[-84,-89],[-51,-88],[-27,-74],[-33,-158],[-100,-186],[10,-97],[-119,-95],[-189,-220],[-6,-57],[23,-49],[-16,-68],[-125,-70],[-44,5],[-164,-25],[-33,9],[-40,68],[18,36],[-37,105],[38,50],[-54,62],[-154,44],[-141,-5],[-161,-37],[-242,-100],[-138,-82],[-92,-66],[-144,-162],[-69,-158],[-76,-296],[-153,-196],[-62,-135],[-30,-112],[12,-94],[-46,-137],[-39,-148],[6,-133],[38,-220],[29,-84],[8,-146],[52,-170],[67,-95],[46,-172],[65,-62],[-31,-138],[-26,-370],[-65,-198],[-21,-124],[-4,-103],[13,-144],[31,-158],[50,-96],[49,-130],[103,-229],[15,-80],[-33,-152],[-8,-96],[22,-121],[-115,75],[-1,48],[-69,72],[-26,-20],[12,-70],[-18,-106],[-26,-4],[-47,93],[-66,-42],[1,-59],[-39,-55],[68,-67],[47,-72],[61,-15],[49,-50],[32,12],[125,-24],[52,-24],[24,-62],[44,-38],[37,2]],[[25207,14575],[5,-124],[-81,39],[-34,127],[-28,40],[-63,35],[-110,-9]],[[24896,14683],[-14,3]],[[24882,14686],[-9,0]],[[24873,14686],[-3,2]],[[24870,14688],[-12,11]],[[24858,14699],[-20,16]],[[24838,14715],[-5,8]],[[24833,14723],[-25,14]],[[24808,14737],[-43,6]],[[24765,14743],[-9,11]],[[24756,14754],[-15,34]],[[24741,14788],[-19,8]],[[24722,14796],[-8,-5]],[[24714,14791],[-13,23]],[[24701,14814],[-50,-34],[-116,11],[97,-93],[-63,7],[-22,-61],[-69,-18],[2,-73],[-64,-30],[44,-66],[-58,-83],[-45,-6],[-110,-65],[-105,2],[-43,-49],[-53,45],[-17,-49],[-51,-31],[128,-83],[-81,-72],[-152,89],[28,46],[-33,55],[-140,-31],[-33,-45],[-42,5],[-49,64],[-12,71],[-169,28],[-77,-5],[-89,-41],[64,-39],[34,3],[-30,-107],[27,-116],[-75,1],[-76,-48],[5,-82],[-107,-23],[-52,13],[-5,38],[-93,-8],[-26,-82],[-43,-16],[-50,-80],[3,-82],[-38,-18],[-100,37],[-73,-22],[-33,52],[-110,44],[-39,40],[-75,-28],[-65,9],[-68,-105],[-3,109],[-165,13],[-49,-49],[-79,-16],[-77,23],[-18,-113],[-88,29],[-64,-96],[55,-120],[-46,-10],[-69,-165],[-24,-156],[-46,-34],[-26,-51],[14,-68],[-58,-38],[-62,110],[-2,-132],[-74,-16],[4,-98],[-190,-13],[-124,84],[-38,6],[-54,85],[-77,-5],[-57,-30],[-11,43],[53,17],[18,37],[-17,71]],[[20858,13100],[18,20],[26,110],[-2,77],[45,20],[84,-21],[28,100],[22,-8],[38,85],[69,-72],[21,23],[60,-36],[38,25],[-30,50],[3,99],[73,-12],[7,35],[-20,114],[110,46],[19,70],[-10,76],[55,25],[7,45],[63,11],[-33,71],[14,97],[37,62],[-22,22],[-137,12],[-64,36],[-72,10],[-14,41],[-79,-30],[13,63],[-88,50],[34,78],[-18,133],[10,95],[63,155],[-36,33],[-76,-8],[-65,13],[-131,-21],[-116,45],[0,47],[-69,16],[-30,57],[-138,2],[-29,30],[82,44],[8,56],[-50,51],[69,95],[-22,58],[20,40],[-23,69],[-65,3],[-8,37],[-62,33],[-7,-74],[-110,19],[-40,-91],[-37,10],[-13,101],[75,49],[-9,68],[-47,8],[-82,-67],[-102,64],[-100,9],[-16,-29],[44,-124],[-52,-44],[-60,-19],[-10,-51],[-84,-15],[-69,-88],[-52,35],[-117,-37],[-68,-65],[-69,-23],[-18,51],[-41,1],[17,-81],[-100,-8],[-7,-56],[-56,-4],[-10,44],[37,104],[-25,92],[-87,30],[33,60],[-108,10],[-43,28],[-67,-40],[-27,68],[-117,-38],[-22,119],[-30,3],[-68,-86],[-37,11],[15,88],[-55,-4],[19,-73],[-53,-16],[47,-95],[-16,-32],[35,-63],[-9,-38],[-90,-8],[-59,22],[-73,-48],[-52,66],[-31,1],[-18,-81],[-39,22],[-50,148],[78,87],[23,94],[50,9],[-11,62],[-98,68],[12,54],[-132,90],[14,54],[70,11],[-7,59],[-35,13],[-17,57],[-124,42],[17,61],[53,-3],[86,39],[127,-6],[-19,-176],[28,-19],[0,-66],[139,-32],[63,8],[28,-96],[41,-16],[36,39],[48,-13],[100,8],[60,47],[14,-46],[73,39],[41,-80],[43,-13],[-21,-68],[39,-19],[-42,-66],[12,-34],[147,-3],[-23,90],[43,15],[-17,74],[-70,-7],[-7,73],[-119,34],[25,68],[71,39],[48,69],[-12,33],[-77,-29],[-10,42],[60,11],[27,78],[153,-2],[78,-29],[20,46],[-42,121],[19,72],[-42,51],[-74,-14],[-2,71],[-99,42],[-41,-74],[54,-76],[29,-125],[-65,-25],[-15,54],[-44,29],[8,86],[-166,15],[4,120],[-75,-36],[-102,0],[-91,51],[-43,-16],[-12,-63],[-29,-31],[7,-67],[-11,-77],[-72,-27],[-54,66],[-94,-17],[-138,19],[-27,70],[39,20],[-1,52],[-92,30],[-42,71],[9,84],[63,51],[59,-30],[4,99],[31,1],[31,72],[-139,12],[-55,-29],[-34,9],[-41,75],[-92,41],[-45,112],[-36,37],[22,170],[55,132],[-36,98],[111,12],[13,99],[42,133],[8,159],[-48,-6],[-161,19],[-14,29],[57,73],[-25,106],[51,56],[132,-74],[34,-61],[76,5],[78,-15],[33,-24],[71,36],[96,-1],[-13,-52],[79,-12],[7,49],[57,13],[33,87],[5,56],[41,29],[35,134],[-48,108],[-42,7],[40,66],[16,75],[-68,9],[-12,82],[-84,-17],[-13,40],[-52,46],[12,54],[-31,38],[-3,74],[-44,29],[-74,93],[117,20],[-6,167],[7,115],[86,26],[27,26],[72,-61],[18,74],[-102,70],[1,67],[-61,7],[-1,58],[33,59],[3,98],[-74,5],[10,60],[91,124],[138,67],[78,21],[142,17],[69,-23],[148,-8],[47,-23],[105,20],[84,-32],[88,-15],[12,92],[-10,86],[-41,62],[26,93],[-34,93],[-6,93],[23,63],[-15,137],[28,39],[48,4],[139,92],[-14,35],[-102,55],[-34,37],[-78,17],[-90,-7],[-55,-26],[-80,38],[-43,-8],[-141,58],[-42,59],[-27,83],[152,28],[87,7],[31,60],[71,14],[11,103],[74,35],[-5,57],[36,79],[-80,-13],[-34,55],[101,34],[8,67],[-95,12],[29,107],[63,29],[9,43],[-31,60],[7,44],[-14,142],[30,18],[-8,78],[31,33],[-1,49],[43,37],[-76,211],[-122,42],[-57,32],[-34,52],[42,127],[154,122],[-42,27],[46,124],[134,38],[-22,142],[48,30],[82,-25],[1,54],[78,-22],[0,56],[78,25],[74,-18],[8,56],[-65,49],[-73,2],[-62,23],[-13,56],[-77,-19],[-43,52],[-54,-71],[-24,56],[-104,33],[22,111],[-10,55],[25,90],[76,38],[93,20],[48,47],[-16,31],[-104,47],[45,97],[59,8],[27,77],[52,30],[-15,62],[65,-11],[7,90],[50,5],[20,50],[-98,106],[-111,36],[-15,42],[45,49],[62,18],[1,147],[-38,23],[-20,59],[31,60],[-26,52],[64,82],[-110,29]],[[19464,25196],[42,37],[-35,50],[-55,18],[-12,55],[58,51],[12,65],[57,55],[-24,52],[32,79],[23,98],[90,13],[35,-58],[114,60],[33,-7],[39,82],[-8,71],[-28,46],[7,73],[34,30],[77,10],[77,162],[29,85],[146,48],[73,-15],[3,43],[-93,56],[-37,89],[-85,6],[27,89],[-85,-6],[9,72],[-104,-2],[-20,103],[9,73],[73,-23],[7,104],[31,10],[56,-37],[6,60],[-23,41],[32,49],[-10,72],[49,126],[68,68],[-81,15],[-2,40],[107,34],[76,51],[76,-71],[54,-17],[71,-66],[25,-68],[51,33],[93,-18],[47,-36],[70,25],[0,82],[29,115],[-37,47],[17,93],[76,84],[58,-9],[44,52],[50,-11],[31,37],[-26,84],[-7,118],[31,29],[0,71],[-49,110],[-37,19],[33,58],[63,2],[61,50],[0,46],[47,101],[-15,54],[-45,17],[0,56],[-93,23],[33,138],[54,-65],[100,-8],[28,-94],[64,-29],[99,-14],[37,-51],[67,62],[194,-28],[171,-51],[30,-41],[46,28],[97,-2],[47,-45],[79,1],[37,-135],[-10,-88],[67,-2],[52,27],[58,-6],[52,-34],[-12,-70],[31,-82],[84,-87],[69,12],[25,-31],[82,-7],[4,-34],[74,-25],[59,-73],[42,-20],[62,13],[-21,44],[14,57],[44,35],[39,185],[103,-46],[19,-54],[56,18],[63,-27],[88,-61],[57,0],[61,-79],[89,45],[4,52],[57,15],[11,-49],[37,-34],[73,-6],[43,125],[38,21],[152,19],[57,43],[77,-12],[82,-63],[24,-70],[104,-79],[68,-18],[70,-73],[2,-40],[57,-87],[-33,-145],[9,-81],[-34,-29],[-52,-126],[5,-50],[41,-60],[-76,-75],[-72,-41],[-27,-41],[6,-96],[21,-54],[41,22],[73,-7],[18,-45],[-7,-102],[20,-81],[-4,-172],[-28,-47],[-66,-15],[79,-101],[167,-39],[71,-100],[75,-40],[50,-55],[107,41],[65,-45],[27,48],[93,8],[43,37]],[[25113,26128],[60,-71],[48,-139],[46,-78],[53,40],[30,-24],[143,72],[79,0],[47,-24],[44,-64],[143,-90],[66,-57],[38,-102],[62,-41],[21,-74],[46,-30],[20,-97],[128,-258],[-106,-53],[3,-103],[58,-19],[74,7],[43,56],[11,91],[73,-17],[-21,-56],[27,-147],[80,4],[152,73],[-2,-54],[-49,-44],[-2,-70],[37,-104],[39,-264],[20,-19],[21,-165],[58,-106],[86,-8],[50,67],[128,78],[68,-12],[129,-77],[127,1],[145,-13]],[[27436,24137],[50,-3],[127,40],[23,-45],[151,30],[44,24],[75,-26],[66,52],[42,82],[53,17],[30,-52],[151,96],[53,68],[281,105],[136,86],[0,47],[48,28],[73,-28],[26,45],[42,-28],[148,-24],[28,-68],[41,-4],[93,-63],[53,14],[8,53],[-27,53],[62,56],[34,-46],[67,17],[14,77],[-23,25],[3,106],[32,42],[-80,28],[-9,46],[55,44],[9,110],[63,10],[54,78],[-18,27],[-81,7],[64,68],[17,42],[-48,82],[75,91],[61,55],[21,45],[77,86],[15,-47],[87,-25],[13,-133],[51,-11],[-37,-65],[41,-43],[94,-49],[-24,-102],[-1,-137],[89,-61],[69,135],[69,13],[143,76],[36,50],[7,79],[-24,64],[48,43],[41,-13],[150,-90],[-13,-29],[37,-50],[62,-10],[91,8],[33,44],[99,-11],[56,48],[-61,93],[-43,28],[73,66],[76,120],[-77,5],[-90,117],[26,37],[-19,73],[82,33],[56,112],[115,147],[74,-29],[35,-33],[168,28],[27,71],[168,39],[80,57],[-22,82],[-84,109],[28,71],[-99,29],[45,87],[57,-26],[96,3],[13,-40],[58,-65],[40,25],[-28,88],[54,1],[-32,152],[37,12],[59,-23],[17,-87],[44,8],[35,48],[57,-2],[7,57],[46,37],[-21,60],[51,48],[54,-63],[25,-84],[57,-67],[45,-129],[42,-21],[129,71],[58,-129],[-6,-33],[45,-53],[18,-127],[43,-27],[12,-45],[78,-4],[156,-36],[52,9],[84,-45],[37,-70],[54,-14],[141,65],[42,-13],[77,40],[61,-30],[78,38],[35,-20],[66,22],[25,44],[-21,113],[59,-28],[49,70],[49,17],[41,50],[-29,53],[52,63],[-12,22]],[[33776,26693],[-17,16]],[[33759,26709],[-2,11]],[[33757,26720],[-1,14]],[[33756,26734],[-22,37]],[[33734,26771],[11,0]],[[33745,26771],[5,-9]],[[33750,26762],[32,-24]],[[33782,26738],[71,-35]],[[33853,26703],[8,23]],[[33861,26726],[5,35]],[[33866,26761],[24,28]],[[33890,26789],[17,9]],[[33907,26798],[25,27]],[[33932,26825],[79,19]],[[34011,26844],[25,30]],[[34036,26874],[17,8]],[[34053,26882],[5,-6]],[[34058,26876],[16,3]],[[34074,26879],[-9,-59]],[[34065,26820],[29,-48]],[[34094,26772],[27,44]],[[34121,26816],[18,30]],[[34139,26846],[6,6]],[[34145,26852],[23,13]],[[34168,26865],[4,-6]],[[34172,26859],[10,-7]],[[34182,26852],[9,13]],[[34191,26865],[28,1]],[[34219,26866],[14,-8]],[[34233,26858],[18,26]],[[34251,26884],[-39,44]],[[34212,26928],[-23,-21]],[[34189,26907],[-19,-1]],[[34170,26906],[-16,34]],[[34154,26940],[-23,6]],[[34131,26946],[-20,49]],[[34111,26995],[70,12]],[[34181,27007],[37,0]],[[34218,27007],[29,3]],[[34247,27010],[10,29]],[[34257,27039],[-2,47]],[[34255,27086],[34,-15]],[[34289,27071],[33,1]],[[34322,27072],[10,2]],[[34332,27074],[-10,-57]],[[34322,27017],[-7,-8]],[[34315,27009],[9,-24]],[[34324,26985],[-2,-4]],[[34322,26981],[45,-28]],[[34367,26953],[23,-14]],[[34390,26939],[64,-40],[-151,-214],[-153,-155],[-53,-64],[-26,-78],[-41,-43],[-5,-47],[-134,-124],[-102,-129],[-1,-35],[-161,-165],[-14,-69],[-146,-121],[-139,-130],[-137,-143],[-58,-105],[9,-31],[-125,-84],[-121,-57],[-126,-72],[-134,-46],[-49,-44],[-163,-61],[-147,-80],[-298,-211],[-23,-67],[-62,-75],[-162,-107],[-16,-61],[-52,-34],[-18,-101],[-50,-69],[-66,-48],[-26,-74],[-90,-63],[-6,-42],[-116,-91],[-10,-49],[-40,-37],[-83,-40],[-31,-33],[-118,-36],[-202,-100],[-45,-62],[-65,-22],[-521,-253],[-167,-97],[-189,-122],[-194,-155],[-223,-219],[-60,-69],[-51,-106],[11,-33],[-68,-92],[0,-64],[40,-66],[86,-45],[99,-13],[-7,-81],[-30,-128],[-87,-85]],[[56234,43530],[-3,56],[-42,51],[7,44],[48,63],[-57,31],[-64,145],[59,45],[36,0],[8,77],[-35,29],[-45,122],[0,116]],[[56146,44309],[110,-28],[127,111],[119,69],[82,12],[29,28],[78,10],[23,120],[-20,42],[59,79],[99,54],[82,-43],[32,-47],[98,16],[99,45],[261,52],[105,29],[24,-60],[54,-6],[17,60],[118,55],[14,44],[94,84],[-87,134],[-83,22],[-106,-6],[-13,59],[11,179],[-40,-1],[-85,63],[6,47],[-54,10],[-39,116],[-19,129],[36,49],[-15,35],[89,111],[60,55],[51,16],[96,97],[68,89],[-7,33],[53,58],[-315,20],[-456,-43],[-87,-77],[-44,-20],[-58,-69],[-273,-87],[-141,63],[-167,-49],[-384,-127],[-27,-27],[-107,-16],[-215,-62],[-48,-6],[-25,-63],[-57,-32],[-54,5],[-109,-76],[-93,8],[-103,-55],[-18,-24],[-101,-18],[-37,-34],[-98,-25],[-54,-40],[-97,-14],[-68,66],[-111,-53],[-166,32],[-109,89],[-26,-69],[8,-55],[62,-40],[5,-76],[-211,-97],[6,-25],[-154,-135],[-52,-90],[-127,-63],[-127,-134],[-79,-69],[-70,-94],[-125,-106],[38,-67],[23,-90],[-55,-22],[-189,-107],[-90,-105],[-107,-15],[-83,-25],[-122,-9],[-120,-21],[-42,33],[-208,20],[-168,-16],[-172,-38],[-156,-25],[-36,-25],[-48,18],[-103,-16],[-45,30],[-166,74],[-2,44],[-92,51],[-215,55],[-115,-15],[-114,27],[-30,-62],[2,-49],[-125,-56],[-66,-6],[-101,16],[-122,-13],[-97,-75],[-97,20],[-104,-25],[-55,-47],[-46,21],[-124,-46],[-181,6]],[[49727,43983],[19,84],[-28,165],[-49,28],[-33,69],[-40,0],[-35,58],[-12,79],[30,51],[-23,73],[64,39],[28,74],[-8,47],[-54,37],[63,34],[65,-18],[33,52],[-82,38],[-40,37],[-26,113],[17,46],[-32,79],[-46,47],[4,48],[-165,-42],[-187,48],[-43,-30],[-114,-10],[-36,20],[-89,0],[-49,64],[-77,-43],[-122,123],[-67,98],[30,33],[-39,74],[71,109],[66,50],[15,143],[-6,64],[-61,44],[-69,-12],[-41,68],[50,31],[78,-15],[129,6],[83,-95],[128,-26],[118,14],[68,-155],[38,-33],[138,15],[22,48],[59,43],[112,-28],[36,4],[210,170],[92,44],[114,11],[25,-18],[36,-101],[47,-62],[151,34],[6,45],[64,16],[63,-48],[101,79],[47,7],[60,-50],[35,8],[92,123],[133,50],[67,73],[79,122],[-91,129],[-68,31],[36,121],[214,143],[34,41],[41,-11],[4,-51],[154,67],[37,66],[107,59],[75,-68],[69,71],[-24,80],[104,20],[48,-4],[61,43],[144,-20],[60,51],[-7,44],[25,86],[-85,55],[80,114],[98,58],[27,85],[34,50],[-12,72],[58,19],[10,56],[165,42],[70,50],[60,-49],[44,67],[60,-50],[172,-12],[259,73],[90,-45],[144,85],[44,-8],[81,-59],[63,1],[64,100],[6,62],[69,53],[-34,49],[31,47],[-11,47],[73,27],[102,114],[158,107],[37,81],[25,103],[62,98],[90,72],[62,68],[130,5],[28,15],[18,72],[122,80],[132,-22],[80,5],[52,22],[33,101],[76,57],[37,103],[102,-45],[70,-52],[115,-112],[66,-94],[0,-99],[101,40],[52,3],[98,-48],[102,-5],[90,-58],[-13,81],[72,-39],[122,-19],[49,-60],[116,-17],[152,3],[-1,-90],[34,-24],[75,11],[89,-36],[134,-27],[92,7],[72,115],[6,74],[24,42],[90,-31],[-3,190],[85,5],[26,96],[68,-28],[87,48],[60,64],[52,4],[38,59],[67,59],[28,-40],[103,34],[84,83],[158,-19],[120,84],[85,81],[78,-4],[42,-64],[76,-61],[75,-120],[-6,-77],[42,-34],[64,-109],[35,-23],[88,6],[40,51],[130,53],[37,-59],[-71,-163],[-25,-24],[-180,-23],[-88,-49],[-36,-70],[-64,-40],[-94,-15],[54,-60],[72,-142],[-9,-43],[-73,-68],[44,-69],[128,52],[136,151],[110,73],[186,12],[185,91],[-99,-186],[21,-63],[70,0],[37,-97],[-3,-80],[97,-137],[50,-51],[15,-73],[-61,-94],[-112,-22],[-128,-59],[51,-89],[-105,-83],[-91,-95],[-96,-4],[-63,-66],[76,-45],[12,-66],[-210,-136],[81,-27],[32,-41],[106,18],[19,-66],[40,-43],[49,14],[19,89],[54,60],[108,-2],[103,76],[81,29],[137,-1],[35,-32],[158,-78],[35,-90],[109,-15],[150,41],[56,-90],[56,-11],[91,-51],[55,21],[60,70],[85,25],[69,-29],[69,-64],[22,-54],[48,-17],[66,12],[35,-54],[85,2],[192,-110],[-5,-55],[-86,-82],[-13,-32],[30,-63],[-60,-57],[4,-51],[112,-4],[23,-64],[45,-11],[-43,-104],[1,-149],[22,-47],[-50,-25],[-44,20],[-73,78],[-108,-45],[-112,-98],[-88,-92],[-75,-52],[-46,-11],[-12,-95],[-60,21],[-108,-42],[-78,-150],[-41,6],[-61,-40],[-20,-54],[-45,-23],[34,-71],[3,-66],[46,-61],[-50,-91],[-4,-56],[45,-27],[17,-52],[50,-25],[7,-63],[59,-68],[12,-55],[77,-49],[7,-39],[105,-92],[2,-57],[45,-27],[22,-53],[47,-15],[45,-90],[-52,-74],[-79,40],[-95,-22],[-68,67],[-94,54],[-138,19],[-109,53],[-6,43],[56,38],[-10,68],[-62,27],[-12,57],[-68,51],[-30,54],[-62,23],[-67,-1],[-58,35],[-39,-33],[-49,15],[-104,1],[-40,-61],[-81,-43],[-65,-59],[-64,25],[-138,1],[-87,-34],[-57,13],[-35,-26],[-76,30],[-67,-50],[-92,12],[-34,-33],[-113,-33],[-265,-128],[-40,-90],[-79,-96],[-46,-93],[-166,-104],[-81,-12],[-47,16],[-75,-71],[-39,-57],[-12,-122],[-50,-45],[-57,0],[-62,50],[-77,-68],[-9,-65],[-43,-61],[-137,36],[-64,-54],[-65,-127],[-37,-10],[-88,-117],[-120,-42],[-40,1],[-91,-48],[-64,15],[-25,51],[-46,0]],[[56146,44309],[-85,-81],[-78,-49],[-63,-67],[-101,-31],[-35,-29],[-74,-16],[-59,56],[-90,-2],[-58,-22],[-72,-112],[-63,-59],[-39,-106],[-61,-24],[-35,-49],[-51,-18],[-94,-69],[-136,-25],[-58,11],[-2,-51],[-98,18],[-52,-21],[-45,-61],[-63,-8],[-28,-67],[-93,-50],[10,-72],[-38,-117],[-151,-110],[-62,3],[-24,181],[-88,-114],[-111,-111],[-23,-63],[7,-94],[-30,-62],[-118,-74],[-78,-145],[-36,-9],[-36,-115],[-47,-37],[-14,-85],[-42,-139],[10,-24],[-52,-66],[-23,-77],[2,-72],[56,-105],[-48,-46],[-91,-38],[-69,-91],[-64,37],[-57,-35],[-12,-45],[-48,-26],[-33,69],[39,139],[-28,106],[-73,-46],[-129,-61],[39,-122],[-59,-54],[-62,-10],[-40,-43],[-14,-54],[-80,-48],[-81,-67],[-3,-55],[-125,-123],[-37,-3],[-98,-50],[-94,-114],[-83,-44],[50,-46],[69,-92],[0,-36],[55,-36],[83,-24],[44,-135],[-55,-78],[46,-76]],[[52567,40523],[-146,-101],[-105,-178],[-4,-81],[-32,-107],[-25,-9],[-56,-96],[-59,5],[-45,-100],[34,-82],[-40,-49],[19,-55],[-41,-74],[-78,-84],[-6,-88],[-74,-30],[-54,30],[-39,-9],[-49,-203],[21,-93],[-30,-41],[4,-80],[22,-63],[-92,-82],[0,-55],[-36,-49],[27,-47],[-34,-102],[14,-39],[-80,-17]],[[51583,38544],[-42,14],[-93,-31],[-50,38],[-101,-29],[-33,-38],[-90,86],[-80,217],[-72,-149],[-81,-210],[-136,-48],[-30,-177],[-49,-19],[-78,2],[-44,-155],[-33,-3]],[[50571,38042],[-10,-9]],[[50561,38033],[8,-15]],[[50569,38018],[-7,1]],[[50562,38019],[-9,10]],[[50553,38029],[-5,-12]],[[50548,38017],[-30,1]],[[50518,38018],[-7,-7]],[[50511,38011],[-5,-5]],[[50506,38006],[2,-7]],[[50508,37999],[-21,-26]],[[50487,37973],[-13,-15]],[[50474,37958],[-8,3]],[[50466,37961],[-44,36]],[[50422,37997],[-10,-3]],[[50412,37994],[-4,24]],[[50408,38018],[-2,26]],[[50406,38044],[-32,44],[7,128]],[[50381,38216],[-225,-1]],[[50156,38215],[-36,-2]],[[50120,38213],[-174,-5],[106,246],[19,58],[-35,104],[-52,53],[-1,95]],[[49983,38764],[18,210],[48,193],[74,105],[-11,103],[-31,102],[-70,41],[12,78],[-10,55],[144,-6],[70,-62],[36,6],[61,-58],[202,41],[20,82],[-17,53],[-72,22],[4,66],[-53,-21],[-24,65],[5,78]],[[50389,39917],[83,55],[38,111],[88,-5],[-4,75],[118,-18],[83,-31],[47,73],[69,68],[145,56],[68,-10],[49,40],[-64,26],[-6,77],[47,40],[-16,99],[-50,6],[-51,85],[-37,2],[-92,92],[-48,32],[-91,-29],[-18,116],[-36,52],[84,45],[48,47],[33,104],[-152,-70],[-55,46],[-7,83],[-124,32],[-67,122],[-65,11],[-37,115],[-94,13],[-67,-42],[-142,-35],[-70,-6],[-140,-91],[-29,93],[19,78],[-29,85],[4,63],[58,84],[0,45],[92,65],[-135,30],[-8,65],[19,42],[74,47],[114,94],[37,81],[-68,-7],[-130,37],[-94,-74],[-83,6],[-84,-34],[-128,18],[-27,-33],[-92,-25],[-106,34],[-28,58],[13,90],[-117,45],[-61,-69],[-123,-61],[-16,-63],[-7,-166],[-105,-107],[-45,19],[-37,67],[16,44],[-27,46],[15,80],[-129,11],[-39,-115],[-68,-36],[-103,-217],[-57,-38],[-60,27],[-167,-48],[-118,-186],[-42,2],[-65,-53],[-73,34],[-19,82],[48,140],[-104,21],[-67,-41],[-112,-12],[-37,50],[-58,-57],[-40,7],[25,127],[-96,7],[-20,102],[-156,39],[-28,-21],[-102,13],[-49,-15],[-39,-72],[-78,15],[-1,56],[-56,25],[-178,-77],[3,44],[-104,45],[-16,-41],[-95,-83],[18,124],[-59,83],[-59,42],[-102,-57],[-66,55],[-66,-8],[-73,-48],[-11,-31],[-79,-23],[-153,-22],[-206,8],[-28,-33]],[[45554,41905],[-9,-6]],[[45545,41899],[-8,-23]],[[45537,41876],[-24,-10]],[[45513,41866],[-5,-15]],[[45508,41851],[-12,4]],[[45496,41855],[-19,-8]],[[45477,41847],[-9,-12]],[[45468,41835],[-14,-25]],[[45454,41810],[-51,-10]],[[45403,41800],[-26,-12]],[[45377,41788],[-2,-37]],[[45375,41751],[9,-1]],[[45384,41750],[7,-13]],[[45391,41737],[-22,-34]],[[45369,41703],[-29,-12]],[[45340,41691],[9,-4]],[[45349,41687],[-70,-36]],[[45279,41651],[-36,-2]],[[45243,41649],[-10,-11]],[[45233,41638],[-1,-9]],[[45232,41629],[14,-11]],[[45246,41618],[1,-60]],[[45247,41558],[5,-19],[-81,-77]],[[45171,41462],[-35,10]],[[45136,41472],[-10,-37],[38,-44]],[[45164,41391],[12,-9]],[[45176,41382],[29,-28]],[[45205,41354],[19,-26]],[[45224,41328],[11,-42],[70,-46]],[[45305,41240],[39,-35]],[[45344,41205],[11,5]],[[45355,41210],[29,-34],[-26,-44]],[[45358,41132],[-22,-4]],[[45336,41128],[-47,-26],[-114,-26]],[[45175,41076],[-84,-30]],[[45091,41046],[-16,-10]],[[45075,41036],[34,139],[-26,108],[-75,119],[-15,50],[30,49],[-33,112],[-30,18],[78,158],[61,66],[10,53],[-113,-5],[44,101],[-56,47],[-24,69],[-60,104],[9,26],[-87,126],[-61,18]],[[44761,42394],[29,15]],[[44790,42409],[3,4]],[[44793,42413],[-36,5]],[[44757,42418],[-22,-9]],[[44735,42409],[-8,9]],[[44727,42418],[-16,26]],[[44711,42444],[33,-1]],[[44744,42443],[11,6]],[[44755,42449],[-4,32]],[[44751,42481],[24,0]],[[44775,42481],[-3,25]],[[44772,42506],[-18,-6]],[[44754,42500],[-37,3]],[[44717,42503],[4,6]],[[44721,42509],[12,-4]],[[44733,42505],[13,23]],[[44746,42528],[14,9]],[[44760,42537],[22,14]],[[44782,42551],[-28,18]],[[44754,42569],[2,20]],[[44756,42589],[-11,6]],[[44745,42595],[-22,6]],[[44723,42601],[21,8]],[[44744,42609],[14,-12]],[[44758,42597],[31,3]],[[44789,42600],[3,13]],[[44792,42613],[-26,47]],[[44766,42660],[-12,31]],[[44754,42691],[15,12]],[[44769,42703],[-4,-25]],[[44765,42678],[53,-12]],[[44818,42666],[22,-5]],[[44840,42661],[5,9]],[[44845,42670],[-16,65]],[[44829,42735],[61,19],[2,49],[94,29],[63,39],[-26,56],[51,83],[-35,86],[26,181],[26,30],[-13,217],[-30,44]],[[45048,43568],[11,73],[56,-28],[143,-3],[92,25],[110,-11],[151,43],[127,47],[-13,73],[25,63],[66,55],[133,-21],[44,5],[71,56],[20,43],[113,13],[320,-224],[139,-17],[39,-38],[63,13],[42,-27],[86,16],[127,-2],[197,10],[206,21],[120,-20],[73,85],[85,-21],[105,6],[171,-14],[68,-43],[85,-12],[90,47],[60,75],[145,-96],[31,-4],[203,33],[69,36],[115,-36],[99,17],[156,86],[63,53],[45,78],[91,9],[117,-62],[66,-65],[145,-22],[88,45],[21,55]],[[45078,41021],[9,-20]],[[45087,41001],[-4,-32]],[[45083,40969],[13,-55]],[[45096,40914],[-24,-26]],[[45072,40888],[-28,-1]],[[45044,40887],[34,134]],[[45078,41021],[7,9]],[[45085,41030],[-7,-9]],[[41409,43202],[-2,7]],[[41407,43209],[2,-7]],[[41408,43201],[54,-50],[70,19],[42,49],[99,-25],[-113,-84],[30,-48],[57,-11],[47,-39]],[[41694,43012],[18,-34]],[[41712,42978],[7,-39],[-52,-48]],[[41667,42891],[2,-19]],[[41669,42872],[28,-20]],[[41697,42852],[21,-3]],[[41718,42849],[31,10]],[[41749,42859],[25,-41]],[[41774,42818],[16,-7]],[[41790,42811],[-1,-13]],[[41789,42798],[-21,-11]],[[41768,42787],[-14,-34]],[[41754,42753],[-6,5]],[[41748,42758],[-9,8]],[[41739,42766],[-80,-87]],[[41659,42679],[-12,-18]],[[41647,42661],[-14,-15]],[[41633,42646],[-21,-4]],[[41612,42642],[-57,-39]],[[41555,42603],[-28,-9]],[[41527,42594],[-9,-2]],[[41518,42592],[-45,-29]],[[41473,42563],[-23,-36]],[[41450,42527],[-13,2]],[[41437,42529],[-8,-11]],[[41429,42518],[-22,-14]],[[41407,42504],[-6,-9]],[[41401,42495],[-19,-13]],[[41382,42482],[-8,-7]],[[41374,42475],[-5,-19]],[[41369,42456],[-30,-20]],[[41339,42436],[-6,-21]],[[41333,42415],[-23,-4]],[[41310,42411],[-44,8]],[[41266,42419],[-8,-16]],[[41258,42403],[-46,-34]],[[41212,42369],[7,-26]],[[41219,42343],[-17,1]],[[41202,42344],[-23,-3]],[[41179,42341],[-28,38]],[[41151,42379],[-40,-23]],[[41111,42356],[12,-21]],[[41123,42335],[-2,-16]],[[41121,42319],[-1,-14]],[[41120,42305],[4,-35]],[[41124,42270],[-31,-14]],[[41093,42256],[31,-25]],[[41124,42231],[6,-15]],[[41130,42216],[-9,-7]],[[41121,42209],[-17,6]],[[41104,42215],[-59,-33]],[[41045,42182],[-20,17]],[[41025,42199],[-9,24]],[[41016,42223],[-45,-17]],[[40971,42206],[-7,1]],[[40964,42207],[-9,-19]],[[40955,42188],[-25,-12]],[[40930,42176],[-71,-74]],[[40859,42102],[-18,-69]],[[40841,42033],[-13,-19]],[[40828,42014],[-2,-19]],[[40826,41995],[10,-46]],[[40836,41949],[-8,-19]],[[40828,41930],[-6,-16]],[[40822,41914],[9,-12]],[[40831,41902],[-3,-20]],[[40828,41882],[-42,-4]],[[40786,41878],[33,-128],[183,-43],[-48,-41],[48,-39],[-20,-76],[76,-48],[14,-31],[73,-56],[144,-61]],[[41289,41355],[1,-20]],[[41290,41335],[-11,-63]],[[41279,41272],[10,-19]],[[41289,41253],[-3,-2]],[[41286,41251],[-6,0]],[[41280,41251],[-18,-13]],[[41262,41238],[16,-10]],[[41278,41228],[-13,-36]],[[41265,41192],[4,-16]],[[41269,41176],[5,-6]],[[41274,41170],[-25,-12]],[[41249,41158],[13,-7]],[[41262,41151],[6,-4]],[[41268,41147],[-15,-17]],[[41253,41130],[-13,-40]],[[41240,41090],[21,-19]],[[41261,41071],[-12,-2]],[[41249,41069],[-5,-14]],[[41244,41055],[25,-43]],[[41269,41012],[14,2]],[[41283,41014],[21,-10]],[[41304,41004],[16,-51]],[[41320,40953],[6,-3]],[[41326,40950],[7,-7]],[[41333,40943],[-4,-26]],[[41329,40917],[-4,-19]],[[41325,40898],[-128,28],[-102,96],[-65,-5],[-49,-62],[-64,-9],[-13,-82],[-62,-2],[-52,-67],[-46,32],[-49,-116],[54,-51],[-15,-74],[98,-76],[45,-13],[-3,-96],[-55,-42],[15,-66],[-88,36]],[[40746,40329],[-9,56],[-157,22],[-49,117],[-161,3],[-82,49],[-41,-6],[-19,-76],[-118,-2],[29,-65],[-48,-54],[-1,-101],[-35,6],[-132,66],[-48,-45],[-94,35],[-32,-159],[-21,-34],[-14,-99],[-67,34],[-52,-41],[-47,8],[-72,-56],[-68,-116],[20,-44],[-12,-159],[22,-71],[-23,-50],[-86,-33],[-59,-85],[11,-64],[-17,-75],[15,-44],[-56,-118],[-22,-102],[13,-38],[-84,-1],[-93,56],[-61,-3],[-79,-96],[-90,-79],[-37,39],[-59,-10],[-6,68],[-29,45],[-78,-1],[-18,-55],[-161,-63],[-47,14],[-95,70],[-35,-58],[-59,-29],[-17,-53],[-48,1],[-69,-112],[-3,-130],[-48,-6],[-8,-99],[-32,-18],[-64,23],[-88,80],[-41,58],[-71,-4],[-53,79],[38,70],[-23,51],[6,58],[-24,60],[-160,11],[-104,-16],[-83,61],[-15,66],[32,74],[-59,132],[-88,34],[-31,58],[-87,-28],[-116,-73],[-83,47],[-68,102],[-105,20],[-35,-33],[-69,10],[-84,52],[-69,-143],[2,-62],[-93,-118],[25,-121],[-15,-82],[-117,7],[-66,39],[-32,-42],[15,-40],[-59,-33],[-12,-39],[-62,-6],[-21,46],[-127,-32],[-63,19],[-42,-27],[-215,-29],[5,-48],[-57,2],[-63,-59],[-148,-15],[34,-76],[-113,-44],[-47,-61],[-56,12],[19,47],[-88,37],[-87,-28],[-45,-80],[-136,-8],[-84,187],[-74,27],[11,90],[-27,29],[-75,-15],[-7,-28],[-79,-19],[-36,-51],[-95,-36],[-43,-137],[-119,16],[-60,25],[-55,-85],[-51,6],[-8,-93],[-50,-102],[-59,47],[-22,66],[-77,-16],[11,61],[-58,18],[-26,48],[-97,14],[-11,77],[-77,43],[2,65],[57,20],[-5,71],[-55,95],[-49,-3],[-22,-58],[-79,27],[-99,-18],[-40,-53],[-92,-79],[-43,49],[2,65],[-63,94],[-27,77],[-46,37],[-67,20],[-41,-91],[-91,-106],[-126,-33],[-22,10],[-122,-17],[-104,-42],[-67,-12],[-71,23],[-171,-5],[-120,28],[-92,2]],[[31829,38814],[40,49],[36,145],[-39,59],[-38,19],[32,60],[-49,59],[-20,70],[-56,-10],[-87,91],[-50,20],[18,58],[-11,49],[-46,65],[-35,87],[12,115],[-28,18],[0,102],[-50,11],[8,71],[62,221],[-21,21],[13,88],[80,17],[44,93],[70,21],[36,-16],[42,67],[58,8],[75,59],[138,43],[19,-9],[75,76],[63,13],[48,56],[81,20],[71,-12],[43,75],[73,8],[-9,57],[181,216],[49,12],[145,107],[129,46],[-14,127],[80,62],[123,-5],[56,-40],[11,-67],[37,-19],[151,-2],[60,20],[14,142],[60,14],[82,-32],[17,-64],[97,33],[37,-64],[48,12],[56,-29],[88,51],[-7,77],[147,12],[-53,41],[42,70],[-70,59],[-84,48],[-41,-16],[3,95],[-46,-12],[-44,37],[-112,8],[-48,84],[-118,61],[-125,-24],[-106,75],[-80,39],[-61,-4],[-11,59],[-64,47],[-94,108],[-88,7],[-14,69],[-50,30],[20,39],[-53,59],[65,92],[83,-16],[77,37],[5,44],[92,-2],[51,122],[-30,46],[8,79],[-113,24],[-115,11],[-53,39],[-41,74],[-68,-15],[-169,33],[9,124],[50,39],[72,-28],[19,44],[55,-15],[98,40],[3,40],[73,107],[-9,65],[149,-4],[32,-32],[72,1],[146,-55],[52,36],[59,-1],[185,26],[-26,96],[-73,17]],[[33635,43514],[-35,5]],[[33600,43519],[-27,0]],[[33573,43519],[-29,16]],[[33544,43535],[-10,60]],[[33534,43595],[-26,47]],[[33508,43642],[-16,34]],[[33492,43676],[-41,-4]],[[33451,43672],[-24,-20]],[[33427,43652],[-26,-17]],[[33401,43635],[-25,-8]],[[33376,43627],[-37,58]],[[33339,43685],[35,40]],[[33374,43725],[15,37]],[[33389,43762],[8,35]],[[33397,43797],[-8,27]],[[33389,43824],[-12,2]],[[33377,43826],[16,35]],[[33393,43861],[-10,45]],[[33383,43906],[-21,13]],[[33362,43919],[-28,12]],[[33334,43931],[-27,2]],[[33307,43933],[-68,-38]],[[33239,43895],[-2,-16]],[[33237,43879],[-14,-25]],[[33223,43854],[-38,10]],[[33185,43864],[-39,36],[16,40]],[[33162,43940],[3,21]],[[33165,43961],[-22,3]],[[33143,43964],[-63,6]],[[33080,43970],[-15,-22]],[[33065,43948],[-10,10]],[[33055,43958],[-24,-8]],[[33031,43950],[-36,26]],[[32995,43976],[-21,20]],[[32974,43996],[4,4]],[[32978,44000],[-12,7]],[[32966,44007],[-6,10]],[[32960,44017],[15,11]],[[32975,44028],[-9,35]],[[32966,44063],[-32,20]],[[32934,44083],[-10,7]],[[32924,44090],[14,14]],[[32938,44104],[7,-1]],[[32945,44103],[8,20]],[[32953,44123],[16,9]],[[32969,44132],[-11,13]],[[32958,44145],[5,27]],[[32963,44172],[-15,8]],[[32948,44180],[27,15]],[[32975,44195],[-14,27]],[[32961,44222],[-15,95]],[[32946,44317],[-23,-4]],[[32923,44313],[-70,52]],[[32853,44365],[54,33]],[[32907,44398],[5,21]],[[32912,44419],[-10,15]],[[32902,44434],[-19,8]],[[32883,44442],[-57,-25]],[[32826,44417],[-62,-14]],[[32764,44403],[-15,8]],[[32749,44411],[-1,27]],[[32748,44438],[3,39]],[[32751,44477],[19,14]],[[32770,44491],[6,12]],[[32776,44503],[-6,20]],[[32770,44523],[36,54]],[[32806,44577],[33,28]],[[32839,44605],[2,7]],[[32841,44612],[-17,47]],[[32824,44659],[-28,39]],[[32796,44698],[-4,15]],[[32792,44713],[-28,23]],[[32764,44736],[-84,21]],[[32680,44757],[-12,9]],[[32668,44766],[-12,54]],[[32656,44820],[48,34],[9,52],[-32,31],[-111,-42],[8,86]],[[32578,44981],[65,16],[37,69],[-67,5],[-10,80],[130,45],[31,-18],[221,4],[35,79],[55,23],[27,70],[88,-11],[-4,-67],[219,-74],[38,-51],[6,-61],[33,-34],[209,-37],[103,4],[93,-25],[283,-49],[44,-66],[96,-183],[-28,-113],[16,-59],[-17,-88],[-61,-60],[-7,-62],[237,-97],[33,32],[43,-48],[51,55],[77,-28],[8,-44],[108,-44],[107,-16],[34,-44],[-16,-51],[60,-10],[9,-38],[82,-8],[-30,-70],[31,-18],[95,20],[45,27],[162,-5],[10,-62],[-35,-58],[42,-100],[131,-31],[120,-13],[33,-17],[44,41],[41,1],[68,67],[94,-21],[90,36],[97,87],[134,42],[35,36],[38,-45],[79,-22],[85,-50],[28,-53],[-23,-266],[49,-75],[110,-33],[36,-48],[70,15],[16,-89],[67,57],[134,76],[2,42],[90,13],[60,25],[86,-21],[99,-57],[44,-4],[34,-42],[77,11],[11,-46],[70,-3],[45,52],[115,8],[69,-30],[110,-25],[2,-21],[126,-37],[90,-57],[89,-8],[47,-81],[128,-44],[12,-32],[134,-39],[62,-50],[43,6],[47,68],[133,-45],[58,41],[71,21],[-4,44],[76,5],[6,59],[88,7],[84,27],[56,78],[5,42],[56,-3],[41,-296],[99,-77],[49,-24],[49,22],[123,0],[43,-19],[0,-69],[99,-14],[57,-43],[36,29],[-4,59],[67,67],[81,8],[81,39],[104,-20],[75,-56],[73,-28],[133,2],[55,48],[65,26],[50,-43],[82,26],[8,61],[32,46],[117,-70],[20,59],[87,30],[50,-67],[18,-63],[69,-45],[54,-10],[1,-50],[72,26],[141,122],[18,64],[-17,108],[17,43]],[[17926,52263],[-9,-11]],[[17917,52252],[-24,-24]],[[17893,52228],[-116,44]],[[17777,52272],[-12,17]],[[17765,52289],[-17,15]],[[17748,52304],[5,8]],[[17753,52312],[-25,13]],[[17728,52325],[0,3]],[[17728,52328],[-11,45]],[[17717,52373],[-35,48]],[[17682,52421],[-5,6]],[[17677,52427],[58,19]],[[17735,52446],[22,16]],[[17757,52462],[13,15]],[[17770,52477],[6,15]],[[17776,52492],[4,2]],[[17780,52494],[12,8]],[[17792,52502],[10,5]],[[17802,52507],[35,-4]],[[17837,52503],[18,-24]],[[17855,52479],[-7,-2]],[[17848,52477],[17,-20]],[[17865,52457],[31,26]],[[17896,52483],[13,-9]],[[17909,52474],[3,-9]],[[17912,52465],[-22,-24]],[[17890,52441],[73,-6]],[[17963,52435],[-7,-72]],[[17956,52363],[24,-36],[-32,-39]],[[17948,52288],[-22,-25]],[[32877,34433],[-54,-41],[136,-83],[-4,-68],[-53,-63],[-27,-75],[-71,-26],[-107,4],[-39,-44],[-75,9],[-80,-61],[-3,-43],[-48,-13],[-55,-72],[-53,-35],[-110,10],[-98,-46],[-55,-62],[-28,-84],[-101,-126],[89,-76],[-35,-23],[-93,1],[-9,-72],[30,-34],[-28,-94],[109,-82],[27,-33],[-60,-85],[26,-42],[-22,-51],[-88,5],[11,-83],[-94,33],[-32,-77],[17,-70],[-58,-103],[-51,-1],[-25,-41],[44,-44],[88,-34],[-42,-74],[-45,27],[0,68],[-126,-79],[-38,-88],[-43,-191],[18,-90],[41,-17],[49,-80],[1,-84],[-40,-46],[-218,77],[-32,-95],[27,-138],[-53,17],[-58,-56],[10,-59],[-24,-49],[-31,-135],[-65,-17],[-86,-67],[-101,16],[-64,23],[-63,58],[-63,26],[-162,12],[-48,-30],[-81,31],[-57,-10],[-64,-39],[-51,39],[-151,-1],[-101,-19],[18,-104],[-74,-83],[27,-60],[-37,-67],[-46,-41],[-61,-99],[-145,-92],[-12,-115],[-37,-24],[-92,-20],[-29,78],[-69,4],[-45,43],[-26,-95],[10,-110],[-8,-69],[23,-65],[-6,-65],[47,-83],[4,-68],[-52,-119],[-39,-47],[52,-67],[66,-29],[15,-125],[65,10],[21,-69],[-40,-50],[1,-56],[-35,-91],[60,-56],[11,-68],[-47,-33],[17,-134],[-16,-51],[-56,-75],[25,-55],[10,-153],[167,-42],[54,-36],[87,-3],[80,-48],[67,-7],[75,27],[104,-14],[21,-21],[-21,-167],[22,-127],[-27,-48],[-109,-3],[-56,-86],[-84,-22],[-14,114],[53,71],[-140,47],[-65,7],[-48,33],[-69,6],[-111,-47],[-103,-113],[-85,117],[-76,192],[-65,58],[-55,-38],[-42,1],[-109,69],[-32,-5],[-121,87],[-19,-32],[-71,-35],[-4,47],[-42,15],[-39,61],[-83,51],[-92,-122],[-61,-43],[-48,-160],[18,-77],[26,-34],[83,-46],[129,-52],[-6,-41],[47,-87],[150,-10],[10,-83],[-27,-34],[-13,-74],[28,-174],[-34,-90],[23,-97],[-49,-80],[145,17],[10,-106],[47,-82],[106,13],[27,-38],[-36,-101],[-50,-39],[79,-35],[-24,-91],[-35,-55],[8,-150],[37,-27],[11,-55],[-22,-55],[48,-38],[36,-83],[-30,-40],[59,-85],[36,-242],[-54,4],[-89,-45],[-27,-87],[14,-47],[-40,-124],[-113,-38],[-26,-96],[-93,15],[-164,-85],[-16,-112],[-66,15],[-47,40],[-10,-72],[138,-75],[-16,-60],[-96,-4],[-8,-63],[-70,-25],[-28,-61],[-182,-170],[-36,-144],[-180,-13],[5,-52],[-93,-32],[-47,1],[-53,-62],[-83,-30],[-4,-50],[-44,-115],[37,-58],[-22,-61],[-7,-80],[-72,-140],[6,-119],[-67,-113],[-15,-101],[-86,25],[4,-89],[-27,-88]],[[25113,26128],[-56,67],[65,29],[57,69],[98,38],[-22,98],[-149,185],[7,102],[58,90],[-14,39],[56,40],[33,79],[-22,52],[51,83],[74,39],[-8,80],[23,57],[64,15],[55,43],[52,129],[90,42],[37,57],[58,51],[51,-45],[3,-52],[38,-90],[29,-16],[97,48],[43,-31],[-3,-56],[136,0],[36,47],[151,102],[-55,61],[-51,96],[98,34],[67,2],[51,49],[-5,73],[-22,43],[-55,11],[-68,90],[-72,-10],[-43,53],[-90,51],[-123,1],[-12,36],[20,146],[-67,58],[-107,43],[-88,79],[9,80],[-55,39],[-87,-2],[-49,-77],[-108,2],[-6,49],[71,-13],[60,39],[30,63],[47,26],[-16,54],[-59,22],[-35,-22],[-87,35],[7,50],[78,44],[55,-41],[66,-20],[39,14],[49,110],[-24,49],[28,135],[-23,43],[11,53],[-35,32],[-150,45],[-51,-32],[-68,30],[-20,32],[21,50],[39,13],[-63,118],[153,60],[113,1],[65,82],[155,41],[-30,111],[-34,34],[36,90],[20,343],[20,29],[-91,23],[-123,-65],[-41,5],[-38,66],[17,50],[61,48],[123,37],[-38,72],[-35,175],[26,61],[-12,151],[-30,93],[-159,-7],[-73,177],[44,47],[7,41],[-28,108],[46,161],[109,23],[23,44],[85,5],[87,47],[74,60],[70,123],[-33,43]],[[25922,31834],[57,91],[31,91],[65,126],[-17,52],[18,94],[-44,143],[25,28],[-30,119],[34,48],[6,82],[28,56],[46,3],[43,-40],[59,17],[1,36],[42,89],[0,91],[16,63],[-29,25],[16,131],[74,141],[21,108],[26,11],[14,78],[39,42],[70,-17],[31,-68],[-4,-51],[74,7],[10,72],[-36,79],[61,4],[20,142],[-13,69],[61,33],[75,5],[25,67],[35,37],[4,109],[-30,85],[18,127],[80,32],[46,70],[46,-12],[3,-44],[61,-23],[67,45],[10,46],[41,12],[74,-20],[15,76],[116,-42],[21,-132],[53,8],[7,55],[59,48],[70,-5],[28,57],[46,38],[86,-10],[13,41],[96,-32],[84,87],[-17,68],[77,91],[43,-7],[79,51],[60,15],[-40,110],[78,88],[-49,148],[18,85],[129,21],[62,24],[109,118],[55,20],[-6,114],[-39,69],[41,80],[87,17],[100,-8],[69,75],[113,-27],[36,61],[38,22],[-29,51],[11,137],[57,92],[40,32],[-4,82],[-57,22],[-46,65],[-69,2],[-13,76],[-156,-31],[0,58],[-110,30],[2,52],[-44,40],[-3,67],[-67,77],[-77,-29],[-109,-16],[-61,82],[-86,8],[-56,27],[-75,-91],[-81,18],[-14,-63],[-34,-24],[-54,42],[-6,94],[-53,2],[-15,74],[69,25],[22,133],[62,-2],[13,51],[49,22],[29,61],[-37,78],[-64,45],[8,58],[-35,69],[-56,39],[19,108],[112,49],[74,-87],[11,-49],[51,-49],[95,-59],[81,-10],[105,55],[66,21],[47,63],[71,-44],[104,22],[72,-45],[21,-48],[184,-5],[136,30],[67,-53],[49,31],[88,-30],[189,-15],[156,21],[45,-49],[65,-9],[59,22],[7,71],[79,-9],[90,36],[64,68],[-29,40],[18,39],[98,40],[96,-5],[124,89]],[[30394,37583],[85,-36],[67,-80],[151,-82],[172,23],[51,-17],[138,32],[37,44],[92,24],[45,86],[10,63],[125,74],[2,49],[32,69],[65,53]],[[31466,37885],[124,-4],[36,-39],[52,4],[46,-90],[129,-37],[6,-128],[55,-73],[21,-89],[44,-5],[23,-62],[156,-40],[33,-52],[48,-27],[71,-115],[5,-110],[-36,-48],[78,-73],[47,-108],[97,-32],[237,-48],[-12,67],[17,63],[78,18],[55,-23],[38,-44],[5,-122],[-29,-98],[-23,-14],[-58,-99],[21,-46],[-27,-114],[83,-47],[29,49],[47,-3],[56,-96],[-41,-194],[12,-98],[-56,-93],[9,-33],[69,-69],[44,5],[89,-100],[-13,-72],[41,-92],[49,-38],[23,113],[79,-101],[128,-33],[111,39],[81,-9],[38,-79],[-27,-143],[-116,-53],[-21,-110],[-41,-25],[-11,-52],[-52,3],[-72,-65],[14,-102],[-36,-52],[-37,-2],[-98,-64],[-145,5],[-67,-93],[-55,-15],[-34,-39],[-6,-106]],[[9985,29565],[65,2],[-4,54]],[[10046,29621],[36,-59]],[[10082,29562],[15,1]],[[10097,29563],[22,75]],[[10119,29638],[24,2]],[[10143,29640],[18,7]],[[10161,29647],[23,-7]],[[10184,29640],[23,19]],[[10207,29659],[10,51]],[[10217,29710],[7,5]],[[10224,29715],[12,-10]],[[10236,29705],[6,-7]],[[10242,29698],[8,-22]],[[10250,29676],[8,-21]],[[10258,29655],[-13,-63]],[[10245,29592],[49,12]],[[10294,29604],[17,16]],[[10311,29620],[62,-10]],[[10373,29610],[2,-4]],[[10375,29606],[-2,-7]],[[10373,29599],[5,-38]],[[10378,29561],[-26,-14]],[[10352,29547],[-12,18]],[[10340,29565],[-6,-3]],[[10334,29562],[-7,-11]],[[10327,29551],[-3,-18]],[[10324,29533],[-14,8]],[[10310,29541],[-1,-1]],[[10309,29540],[-8,-26]],[[10301,29514],[-12,-18]],[[10289,29496],[-49,-35]],[[10240,29461],[-10,-12]],[[10230,29449],[-13,-21]],[[10217,29428],[-30,11]],[[10187,29439],[-22,-10]],[[10165,29429],[-22,-69]],[[10143,29360],[8,-1]],[[10151,29359],[11,-82]],[[10162,29277],[23,-7]],[[10185,29270],[7,30]],[[10192,29300],[16,6]],[[10208,29306],[4,-2]],[[10212,29304],[20,-29]],[[10232,29275],[16,-1]],[[10248,29274],[17,-4]],[[10265,29270],[48,63]],[[10313,29333],[-5,4]],[[10308,29337],[-8,37]],[[10300,29374],[16,3]],[[10316,29377],[7,-7]],[[10323,29370],[1,-1]],[[10324,29369],[55,14]],[[10379,29383],[18,-17]],[[10397,29366],[33,-5]],[[10430,29361],[11,-2]],[[10441,29359],[40,-29]],[[10481,29330],[-5,-17]],[[10476,29313],[-57,-32]],[[10419,29281],[-8,-24]],[[10411,29257],[1,-24]],[[10412,29233],[31,-35]],[[10443,29198],[14,-38]],[[10457,29160],[-7,-34]],[[10450,29126],[-59,-83]],[[10391,29043],[-4,-1]],[[10387,29042],[-18,12]],[[10369,29054],[-10,17]],[[10359,29071],[-54,27]],[[10305,29098],[-16,16]],[[10289,29114],[-19,-16]],[[10270,29098],[-9,0]],[[10261,29098],[-24,11]],[[10237,29109],[-3,3]],[[10234,29112],[-11,6]],[[10223,29118],[-35,16]],[[10188,29134],[-63,5]],[[10125,29139],[3,-63]],[[10128,29076],[-29,8]],[[10099,29084],[-73,85],[13,44]],[[10039,29213],[2,9]],[[10041,29222],[-20,-5]],[[10021,29217],[0,-7]],[[10021,29210],[-7,-25]],[[10014,29185],[-40,-10]],[[9974,29175],[-25,38]],[[9949,29213],[27,59],[-33,119]],[[9943,29391],[9,6]],[[9952,29397],[-19,49]],[[9933,29446],[-45,16]],[[9888,29462],[-45,65]],[[9843,29527],[5,9]],[[9848,29536],[28,21]],[[9876,29557],[26,8]],[[9902,29565],[40,-37]],[[9942,29528],[21,-9]],[[9963,29519],[16,8]],[[9979,29527],[6,38]],[[9726,29949],[-31,-28]],[[9695,29921],[-26,-36]],[[9669,29885],[4,-45]],[[9673,29840],[8,-5]],[[9681,29835],[14,-7]],[[9695,29828],[37,-14]],[[9732,29814],[1,-4]],[[9733,29810],[11,-23]],[[9744,29787],[2,-27]],[[9746,29760],[-11,22]],[[9735,29782],[-58,17]],[[9677,29799],[-43,-61]],[[9634,29738],[14,137],[30,53],[48,21]],[[5615,30476],[-30,2]],[[5585,30478],[30,-2]],[[5740,30530],[29,-9]],[[5769,30521],[31,-57],[-177,10]],[[5623,30474],[26,40]],[[5649,30514],[52,12]],[[5701,30526],[39,4]],[[5365,31028],[10,-1]],[[5375,31027],[13,12]],[[5388,31039],[30,-16]],[[5418,31023],[30,11]],[[5448,31034],[35,-9]],[[5483,31025],[44,22]],[[5527,31047],[11,-16]],[[5538,31031],[22,-5]],[[5560,31026],[38,-12]],[[5598,31014],[20,-43]],[[5618,30971],[25,-71],[-36,-65],[-91,-34],[20,-57],[84,3],[6,-84],[-64,-28],[-18,-62]],[[5544,30573],[1,-3]],[[5545,30570],[-30,-48],[63,-25]],[[5578,30497],[-3,-28],[-157,11],[-104,20],[-113,60],[-26,46]],[[5175,30606],[-3,4]],[[5172,30610],[16,30]],[[5188,30640],[-2,37]],[[5186,30677],[-12,39]],[[5174,30716],[37,140]],[[5211,30856],[49,64]],[[5260,30920],[27,104]],[[5287,31024],[7,62]],[[5294,31086],[16,4]],[[5310,31090],[29,-36]],[[5339,31054],[26,-26]],[[18724,48151],[6,-15]],[[18730,48136],[24,-18]],[[18754,48118],[9,-2]],[[18763,48116],[24,3]],[[18787,48119],[-8,-21]],[[18779,48098],[17,-12]],[[18796,48086],[35,-33]],[[18831,48053],[16,-10]],[[18847,48043],[6,-28]],[[18853,48015],[21,-2]],[[18874,48013],[10,-2]],[[18884,48011],[26,-42]],[[18910,47969],[19,-20]],[[18929,47949],[6,7]],[[18935,47956],[45,9]],[[18980,47965],[9,-12]],[[18989,47953],[-9,-87]],[[18980,47866],[-13,-59],[54,-50],[-19,-37]],[[19002,47720],[-37,-13]],[[18965,47707],[-32,-36]],[[18933,47671],[-2,-6]],[[18931,47665],[19,-64]],[[18950,47601],[25,-20]],[[18975,47581],[32,-37]],[[19007,47544],[13,-19]],[[19020,47525],[-16,-16]],[[19004,47509],[-29,-30]],[[18975,47479],[-29,-10]],[[18946,47469],[-48,18]],[[18898,47487],[-50,-28]],[[18848,47459],[-45,-21]],[[18803,47438],[-13,-26]],[[18790,47412],[36,-36]],[[18826,47376],[-6,-40]],[[18820,47336],[-52,-29]],[[18768,47307],[-42,-7]],[[18726,47300],[-61,-9]],[[18665,47291],[-29,43]],[[18636,47334],[-43,23]],[[18593,47357],[-39,25]],[[18554,47382],[-19,72]],[[18535,47454],[9,23]],[[18544,47477],[-36,26]],[[18508,47503],[-37,32]],[[18471,47535],[-32,-14],[-78,43]],[[18361,47564],[-8,0]],[[18353,47564],[-32,19]],[[18321,47583],[11,-61]],[[18332,47522],[-61,21]],[[18271,47543],[-90,-17]],[[18181,47526],[-51,-3]],[[18130,47523],[-31,3]],[[18099,47526],[-30,-15]],[[18069,47511],[1,32]],[[18070,47543],[-42,39]],[[18028,47582],[-45,33],[-10,56]],[[17973,47671],[4,19]],[[17977,47690],[41,3]],[[18018,47693],[48,98]],[[18066,47791],[33,-10]],[[18099,47781],[35,11]],[[18134,47792],[16,34]],[[18150,47826],[51,47]],[[18201,47873],[10,5]],[[18211,47878],[5,37]],[[18216,47915],[-18,50]],[[18198,47965],[19,65]],[[18217,48030],[-25,28]],[[18192,48058],[17,31]],[[18209,48089],[-19,65],[23,31]],[[18213,48185],[20,27]],[[18233,48212],[45,14]],[[18278,48226],[8,5]],[[18286,48231],[100,-5],[13,35]],[[18399,48261],[25,45]],[[18424,48306],[70,3]],[[18494,48309],[33,-5]],[[18527,48304],[21,-14]],[[18548,48290],[39,-1]],[[18587,48289],[15,-28]],[[18602,48261],[31,-9]],[[18633,48252],[29,26]],[[18662,48278],[40,4]],[[18702,48282],[20,7]],[[18722,48289],[50,-66],[-8,-47],[-40,-25]],[[12346,19428],[98,4],[4,40],[102,-44],[64,9],[26,-81],[-28,-112],[38,-26],[31,-61],[-64,-80],[54,-101],[-14,-42],[29,-93],[80,-31],[-10,-82],[38,-80],[-135,-41],[-28,-71],[81,-30],[41,-96],[-67,-89],[7,-51],[-25,-40],[13,-71],[31,-64],[-27,-21]],[[12685,18074],[1,-19]],[[12686,18055],[-16,-13]],[[12670,18042],[-23,-37]],[[12647,18005],[1,-2]],[[12648,18003],[5,-49]],[[12653,17954],[-15,-18]],[[12638,17936],[-10,-21]],[[12628,17915],[-23,7]],[[12605,17922],[-14,-7]],[[12591,17915],[-52,-57]],[[12539,17858],[-33,-8]],[[12506,17850],[2,22]],[[12508,17872],[-14,12]],[[12494,17884],[-57,9]],[[12437,17893],[-1,-11]],[[12436,17882],[-7,-12]],[[12429,17870],[19,-45]],[[12448,17825],[0,-16]],[[12448,17809],[-61,19]],[[12387,17828],[-26,-4]],[[12361,17824],[-61,-26]],[[12300,17798],[-14,-18],[-113,50],[13,85],[-34,91],[-83,42],[-20,69],[-34,35],[-75,27],[-17,70],[37,20],[16,61],[-81,312],[-47,131],[-27,43],[-66,-21],[-69,35],[16,61],[57,10],[81,-23],[9,71],[-53,-5],[-26,51],[-100,19],[9,75],[-78,-9],[-27,120],[-48,95],[2,62],[-94,224],[-15,9]],[[11419,19590],[24,6]],[[11443,19596],[31,-12]],[[11474,19584],[25,0]],[[11499,19584],[62,20],[79,-16],[70,36],[94,126],[44,-60],[-13,-38],[59,-23],[76,-2],[54,-118],[10,-127],[55,-44],[53,-10],[23,36],[86,12],[95,52]],[[12755,35616],[10,-43],[45,-28],[44,-109],[-60,-34],[83,-119],[39,-23],[38,41],[68,12],[24,-23],[33,-119],[-29,-96],[-53,-12],[0,-52],[-75,-120],[-40,-190],[-42,-15],[-178,24],[-86,-74],[-48,-101],[-117,-77],[-62,-17],[-90,55],[-83,-17],[-2,-55],[87,-18],[-15,-94],[46,8],[10,-78],[37,-28],[37,73],[32,-31],[64,9],[105,-10],[56,-32],[20,-69],[-70,-36],[-27,-40],[-60,-33],[-15,-47],[-118,23],[-47,86],[-83,-25],[-26,-163],[39,-38],[-5,-101],[98,-20],[8,-176],[12,-78],[79,11],[-16,-89],[-52,-16],[-76,-77],[-2,-36],[111,-33],[-16,-71]],[[12387,33195],[-206,-68],[-49,-37],[-299,-147],[-79,0],[-29,-58],[32,-87],[7,-66],[91,-68],[17,-95],[-26,-49],[-84,-26],[-34,15],[-86,-32],[77,-59],[19,-98],[56,-126],[160,55],[77,7],[18,39],[176,38],[142,-6],[104,7],[43,-66],[65,45],[69,-30],[42,49],[91,-41],[-16,-97],[-42,-34],[-177,-46],[-77,17],[-52,-29],[-41,20],[-41,-28],[-132,13],[-12,-65],[-186,-72],[-28,-209],[-118,-76],[-124,11],[8,-55],[-33,-45],[5,-109],[-55,21],[-34,-37],[-79,5],[-11,-62],[-49,26],[-66,4],[-93,-43],[2,45],[-54,3],[36,-75],[60,2],[74,-44],[33,25],[55,-20],[25,-138],[38,0],[39,-45],[48,7],[18,-58],[187,-28],[-21,-110],[43,-39],[29,-64],[0,-82],[30,-18],[-10,-155],[19,-58],[-60,-41],[-66,16],[-53,-80],[-43,17],[7,-172],[-84,-48],[-39,2],[-81,-76],[-98,24],[-73,-34],[-60,36],[-31,100],[-64,43],[-59,5],[-68,57],[-66,-43],[-2,71],[-31,68],[-50,-6],[-39,-108],[-75,-28],[50,-61],[26,-64],[84,-25],[-10,-193],[-56,-62],[-54,-115],[-52,-33],[35,-38],[22,-133],[24,-84],[-34,-55],[13,-121],[-106,-15],[-134,27],[-36,-29],[-1,-87],[-64,-57],[-97,-13]],[[10454,29194],[-11,4]],[[10443,29198],[-31,35]],[[10411,29257],[8,24]],[[10476,29313],[5,17]],[[10481,29330],[-40,29]],[[10430,29361],[-33,5]],[[10397,29366],[-18,17]],[[10379,29383],[-55,-14]],[[10323,29370],[-7,7]],[[10316,29377],[-16,-3]],[[10300,29374],[8,-37]],[[10313,29333],[-48,-63]],[[10265,29270],[-17,4]],[[10232,29275],[-20,29]],[[10208,29306],[-16,-6]],[[10192,29300],[-7,-30]],[[10185,29270],[-23,7]],[[10162,29277],[-11,82]],[[10143,29360],[22,69]],[[10165,29429],[22,10]],[[10217,29428],[13,21]],[[10240,29461],[49,35]],[[10301,29514],[8,26]],[[10310,29541],[14,-8]],[[10327,29551],[7,11]],[[10340,29565],[12,-18]],[[10352,29547],[26,14]],[[10378,29561],[-5,38]],[[10373,29599],[2,7]],[[10373,29610],[-62,10]],[[10311,29620],[-17,-16]],[[10245,29592],[13,63]],[[10258,29655],[-8,21]],[[10250,29676],[-8,22]],[[10236,29705],[-12,10]],[[10217,29710],[-10,-51]],[[10184,29640],[-23,7]],[[10161,29647],[-18,-7]],[[10143,29640],[-24,-2]],[[10097,29563],[-15,-1]],[[10082,29562],[-36,59]],[[10046,29621],[4,-54],[-65,-2]],[[9985,29565],[-6,-38]],[[9963,29519],[-21,9]],[[9942,29528],[-40,37]],[[9902,29565],[-26,-8]],[[9876,29557],[-28,-21]],[[9843,29527],[45,-65]],[[9933,29446],[19,-49]],[[9943,29391],[-87,24],[-92,7],[-25,-40],[-45,0],[-35,-54],[-10,-58],[-56,-18],[-30,-40],[-104,14]],[[9459,29226],[19,137],[-12,99],[31,103],[39,26],[3,65],[65,41],[30,41]],[[9634,29738],[43,61]],[[9735,29782],[11,-22]],[[9744,29787],[-11,23]],[[9732,29814],[-37,14]],[[9681,29835],[-8,5]],[[9673,29840],[-4,45]],[[9695,29921],[31,28]],[[9726,29949],[37,67],[5,114],[24,52],[-23,147],[-25,26],[-47,176],[38,26],[-74,78],[9,37],[-98,214],[-13,55],[-66,46],[-62,204],[58,56],[-95,25],[-13,60],[33,87],[-72,39],[-33,-11],[-11,-32],[-2,-111],[-68,4],[-11,116],[-5,174],[-45,60],[-14,60],[6,75],[60,73],[2,65],[87,114],[-26,76],[27,38],[19,91],[-99,-42],[-59,92],[16,77],[46,82],[92,24],[67,53],[38,-30],[59,25],[75,-11],[22,36],[-75,17],[-53,45],[-52,-25],[-237,5],[-104,-48],[-49,47],[-9,72],[50,65],[18,108],[34,69],[-94,56],[-44,187],[11,129],[40,182],[43,158],[44,82],[68,57],[98,7],[106,-70],[121,-24],[85,139],[41,22],[107,-53],[-36,128],[-87,-37],[-107,-73],[-140,12],[-114,103],[-59,-11],[-73,-54],[-136,-50],[-42,-75],[-28,8],[41,91],[-49,0],[-73,128],[-40,-36],[1,-125],[-33,-56],[-52,66],[-19,-69],[49,-37],[-6,-51],[-64,-19],[-69,-63],[-17,-44],[-73,-295],[-59,44],[19,70],[-40,66],[-46,-222],[77,-126],[8,-232],[21,-59],[-47,-13],[67,-134],[54,-134],[-78,-123],[-36,-171],[-56,-117],[-111,-110],[-128,-195],[3,-31],[-59,-89],[60,-58],[9,-37],[-123,-65],[-17,-26],[-118,-39],[-82,-53],[-75,-14],[-247,-118],[-69,-80],[-90,1],[-85,-53],[-86,-17],[-4,-35],[-221,-67],[-43,2],[-67,-118],[-83,-47],[-86,-7],[-49,-25],[-103,-16],[-251,-126],[-85,-17],[-25,-51],[-131,-3],[-12,-39],[-60,-14],[-125,31],[-60,-36]],[[5740,30530],[-39,-4]],[[5701,30526],[-52,-12]],[[5623,30474],[-8,2]],[[5585,30478],[0,37],[-41,58]],[[5618,30971],[-20,43]],[[5560,31026],[-22,5]],[[5538,31031],[-11,16]],[[5483,31025],[-35,9]],[[5418,31023],[-30,16]],[[5375,31027],[-10,1]],[[5365,31028],[-26,26]],[[5310,31090],[-16,-4]],[[5287,31024],[-27,-104]],[[5260,30920],[-49,-64]],[[5174,30716],[12,-39]],[[5188,30640],[-16,-30]],[[5175,30606],[-66,-12],[-124,40],[-73,51],[-102,41],[-157,86],[-67,69],[-59,14],[-222,157],[-330,288],[-193,206],[-174,203],[-318,383],[-119,134],[107,109],[-42,125],[-109,-14],[43,-43],[-16,-44],[42,-43],[-38,-68],[-69,58],[-148,157],[-38,2],[-109,96],[-126,129],[-76,54],[-120,131],[-51,28],[-194,173],[-98,100],[-178,199],[-75,94],[-66,61],[-160,188],[-59,80],[8,27],[-43,112],[40,50],[4,69],[57,104],[49,56],[149,86],[-10,-54],[-64,-51],[52,-77],[84,31],[81,-16],[46,42],[43,0],[19,-68],[-45,-32],[-38,-152],[96,-92],[67,-11],[108,36],[90,62],[12,57],[55,-18],[117,-12],[67,41],[70,6],[3,38],[65,52],[3,103],[59,-49],[18,-81],[33,3],[51,-43],[113,23],[20,75],[73,5],[-17,121],[61,23],[43,-10],[107,-117],[30,3],[71,111],[71,-17],[74,44],[4,44],[46,53],[18,-2],[5,37],[77,33],[133,24],[39,-16],[202,9],[62,76],[14,68],[42,28],[53,86],[-13,58],[32,65],[97,69],[1,30],[78,129],[5,39],[91,134],[52,22],[41,79],[86,123],[46,137],[-133,-40],[-67,-67],[-8,-137],[-20,-41],[-80,-31],[-85,46],[-35,-13],[-74,60],[-47,9],[-43,-55],[-67,-1],[-77,-23],[-69,-69],[-242,-20],[-80,-16],[-95,-58],[-83,14],[-141,-48],[-94,-67],[-12,-57],[-74,-121],[-79,41],[-108,22],[-50,-17],[-93,57],[-60,11],[-104,-37],[-56,14],[-120,75],[-88,13],[-58,26],[-108,-18],[-144,32],[-318,199],[-118,57],[-171,111],[-44,19],[-150,99],[-104,39],[-101,87],[-127,80],[-54,69],[-86,77],[58,13],[57,84],[-19,65],[12,104],[-95,67],[-50,9],[-18,92],[-51,6],[-6,54],[-50,32],[-36,168],[11,36],[-18,87],[6,85],[58,59],[22,58],[59,62],[81,33],[18,36],[56,23],[46,82],[66,52],[88,19],[4,56],[-119,15],[-55,-52],[-100,4],[-47,-40],[-83,-141],[-20,5],[4,27],[-22,26],[19,37],[-5,37],[57,50],[44,87],[87,51],[-52,42],[-19,4],[-41,-1],[0,14],[-4,6],[-27,5],[-14,22],[19,39],[420,-3],[22,161],[9,543],[18,22],[111,31],[29,-175],[16,-44],[104,-20],[50,130],[53,39],[48,-85],[33,-24],[57,6],[149,85],[238,-72],[156,73],[73,18],[108,-23],[145,16],[144,-41],[207,50],[168,-159],[90,-65],[209,-17],[181,-7],[232,11],[52,31],[59,70],[68,151],[84,35],[180,36],[124,50],[153,29],[186,73],[239,73],[76,-41],[-40,-94],[-42,-30],[33,-129],[-32,-45],[44,-54],[129,-33],[146,-9],[166,4],[100,54],[84,21],[-19,73],[155,121],[81,32],[30,-30],[71,1],[86,74],[70,21],[25,50],[-32,38],[-53,10],[-135,-5],[-43,19],[16,176],[-36,40],[5,127],[42,68],[53,18],[127,92]],[[6070,39150],[25,-26],[109,-44]],[[6204,39080],[74,-20]],[[6278,39060],[71,-28]],[[6349,39032],[41,-14]],[[6390,39018],[76,-28]],[[6466,38990],[60,77],[63,25],[50,-72],[86,37],[61,45],[76,33],[101,11],[30,-18],[66,13],[70,-13],[93,-82],[114,46],[61,0],[81,32],[59,-17],[-2,-86],[72,-15],[46,19],[-13,57],[18,49],[114,-22],[-15,-34],[33,-43],[68,24],[54,41],[2,46],[121,62],[68,-20],[-1,-96],[66,-43],[71,2],[23,-40],[50,-14],[92,51],[39,-26],[54,3],[4,-50],[-53,-42],[43,-65],[48,-26],[131,31],[59,-114],[72,17],[57,-32],[-24,-72],[40,-49],[18,-68],[94,25],[-19,70],[86,119],[96,-71],[146,-35],[72,8],[1,-89],[27,-61],[54,-66],[172,-6],[110,16],[67,-31],[49,-55],[111,71],[21,35],[-49,38],[55,62],[-20,66],[66,69],[19,-38],[61,0],[90,65],[27,-83],[-2,-80],[-45,-56],[55,-17],[34,-39],[109,-40],[64,54],[43,-23],[-42,-67],[-50,2],[-29,-74],[-59,15],[-12,-61],[-48,-38],[-51,-91],[-18,-79],[84,-97],[101,-64],[108,-28],[-48,-116],[108,-74],[80,35],[74,77],[18,115],[71,-6],[0,-54],[92,-80],[-7,-115],[23,-52],[-3,-112],[-70,-39],[-55,-111],[27,-72],[-24,-66],[30,-54],[50,37],[43,-10],[63,-58],[59,-95],[65,-27],[-19,-134],[53,-54],[91,94],[101,-5],[86,-62],[-22,-34],[0,-70],[-24,-28],[-3,-69],[45,-37],[-31,-38],[-23,-97],[149,8],[27,-81],[35,13],[64,74],[38,-53],[91,27],[83,-111],[57,-128],[93,9],[17,70],[32,17],[58,-95],[88,-12],[33,-81],[120,-2],[62,-65],[7,-82],[-31,-45],[5,-60],[58,-46],[58,-12],[51,87],[88,-30],[46,-49],[34,-81],[-12,-52],[84,-71]],[[5545,30570],[33,-73]],[[9332,31452],[56,-21],[-10,-83],[-47,-7],[-23,95],[24,16]],[[2994,34299],[56,-62],[-37,-54],[-85,40],[-4,46],[70,30]],[[3599,34504],[27,-17],[21,-36],[0,-24],[-54,-14],[-43,1],[10,72],[39,18]],[[3787,34591],[38,-55],[-40,-31],[-92,-18],[6,72],[88,32]],[[4701,35593],[-50,-115],[-24,37],[74,78]],[[771,36165],[13,-26],[89,-8],[16,-54],[-89,-28],[-66,12],[37,104]],[[835,36297],[57,-60],[-46,-18],[-11,78]],[[594,36529],[45,-51],[-19,-115],[-39,3],[-10,104],[23,59]],[[613,36783],[7,-48],[-90,-88],[-17,44],[70,80],[30,12]],[[356,37238],[82,-45],[58,25],[-21,-93],[5,-54],[-57,-161],[-67,-60],[-25,-64],[-108,-43],[-64,52],[-91,-24],[-68,43],[42,67],[128,18],[25,43],[120,138],[-8,56],[49,102]],[[251,37278],[9,-5],[19,-40],[-13,-84],[19,-66],[-51,-13],[-67,-51],[-7,120],[28,81],[41,15],[-6,34],[28,9]],[[643,37294],[55,-59],[-22,-33],[7,-21],[13,-9],[-11,-43],[-61,-40],[-105,13],[40,68],[-18,70],[102,54]],[[433,37397],[44,-16],[46,-80],[-81,-97],[-96,46],[-23,56],[110,91]],[[126,37402],[6,-40],[-36,-43],[-35,55],[65,28]],[[545,37529],[13,-9],[-15,-91],[7,-24],[-51,-36],[-21,16],[-45,15],[-83,-43],[1,94],[62,8],[71,32],[15,27],[46,11]],[[724,37545],[14,-26],[31,-5],[4,-7],[-2,-11],[7,-2],[55,-2],[-101,-116],[-39,-25],[-63,23],[-7,51],[90,57],[11,63]],[[613,37647],[41,-43],[34,-106],[-68,-55],[-26,-79],[-40,41],[4,103],[10,10],[-27,13],[-40,-3],[40,93],[72,26]],[[505,37653],[4,-78],[-61,-85],[-109,-27],[-17,-40],[11,-66],[-21,-88],[-48,10],[-17,2],[-25,-9],[-41,-51],[-26,-82],[-14,-105],[25,-35],[-60,-32],[-64,56],[-31,53],[27,52],[42,17],[-34,105],[13,56],[39,-1],[41,50],[9,47],[52,87],[89,-13],[33,23],[11,83],[56,47],[53,-36],[63,60]],[[19515,51607],[36,-30],[-46,-74],[1,-57],[-79,-53],[-76,-116],[-47,-98],[-55,-44],[-48,0],[-27,-50],[7,-76],[-84,-39],[-87,-62],[-128,-36],[6,-31],[-47,-99],[-147,-189],[6,-63],[-56,-123],[-7,-52],[-71,-38],[-11,-59],[57,-69],[-42,-81],[19,-47],[-41,-25],[-50,-101],[50,-104],[-51,-43],[80,-104],[-12,-64],[45,-32],[-30,-43],[28,-84],[-45,-16],[7,-58],[55,-11],[16,-61],[-52,-96],[28,-77],[-32,-21],[26,-101],[-28,-61],[25,-42],[-29,-73],[68,-52],[11,-63],[108,-93],[-49,-97],[30,-55],[-18,-34],[42,-45],[-73,-23],[11,-50]],[[18709,48292],[-7,-10]],[[18662,48278],[-29,-26]],[[18602,48261],[-15,28]],[[18548,48290],[-21,14]],[[18494,48309],[-70,-3]],[[18399,48261],[-13,-35],[-100,5]],[[18278,48226],[-45,-14]],[[18213,48185],[-23,-31],[19,-65]],[[18192,48058],[25,-28]],[[18217,48030],[-19,-65]],[[18216,47915],[-5,-37]],[[18201,47873],[-51,-47]],[[18150,47826],[-16,-34]],[[18134,47792],[-35,-11]],[[18066,47791],[-48,-98]],[[18018,47693],[-41,-3]],[[17973,47671],[10,-56],[45,-33]],[[18028,47582],[42,-39]],[[18070,47543],[-1,-32]],[[18099,47526],[31,-3]],[[18181,47526],[90,17]],[[18332,47522],[-11,61]],[[18321,47583],[32,-19]],[[18361,47564],[46,-32],[15,-8],[17,-3],[32,14]],[[18508,47503],[36,-26]],[[18535,47454],[19,-72]],[[18554,47382],[39,-25]],[[18593,47357],[43,-23]],[[18636,47334],[29,-43]],[[18726,47300],[42,7]],[[18820,47336],[6,40]],[[18826,47376],[-36,36]],[[18790,47412],[13,26]],[[18848,47459],[50,28]],[[18898,47487],[48,-18]],[[18946,47469],[29,10]],[[18975,47479],[29,30]],[[19004,47509],[18,1]],[[19022,47510],[48,-24],[77,-85],[58,-9],[22,-50],[80,-40],[-11,-42],[52,-79],[-58,-37],[61,-75],[-6,-57],[40,-58],[7,-53],[47,-85],[-13,-45],[-69,-16],[1,-88],[-54,-42],[9,-119],[120,-122],[1,-60],[-34,-74],[-105,2],[2,-83],[-57,-35],[-42,34],[-43,-27],[23,-50],[-152,1],[-55,-64],[-77,-52]],[[18894,45976],[-86,-45],[-26,26],[-69,2],[-34,39],[-48,-9],[-5,-56],[-95,-3],[-60,53],[-71,23],[-32,-72],[56,-57],[43,-5],[15,-47],[-51,-20],[-44,44],[-78,-13],[-32,-79],[-18,-107],[-76,39],[-51,-40],[-37,51],[48,46],[-54,40],[14,146],[26,109],[39,-4],[-1,131],[-15,67],[12,117],[-13,42],[58,161],[32,158],[-42,11],[-120,93],[-42,73],[-63,0],[-90,-68],[3,-80],[-76,-23],[-33,-38],[-61,7],[-57,-76],[-72,-12],[7,-104],[19,-55],[-127,-21],[-109,-84],[-33,18],[16,130],[-56,-8],[-40,26],[-76,-2],[29,87],[-27,53],[85,-8],[-17,59],[-36,35],[-73,5],[-161,-19],[-13,50],[-93,37],[-63,-32],[161,-88],[-50,-47],[12,-74],[33,-16],[-34,-78],[-42,-19],[-55,19],[-1,42],[-81,48],[-36,-32],[-117,6],[54,-63],[-60,-18],[-43,-64],[53,-43],[-20,-138],[60,-24],[-17,-38],[33,-73],[-69,-89],[-94,57],[-12,46],[-71,31],[-16,-38],[-63,-7],[-84,32],[-71,4],[4,98],[-29,60],[11,56],[-27,57],[39,106],[74,-1],[-17,53],[-51,51],[-85,20],[85,74],[36,51],[69,48],[98,-1],[-45,114],[-87,38],[15,86],[-67,32],[-62,93],[-61,15],[-10,52],[-104,48],[-77,14],[-68,37],[-51,94],[-90,33],[4,32],[-97,26],[-51,75],[-76,27],[-41,131],[-111,19],[-34,75],[-18,183],[-31,86],[-36,34],[31,107],[-53,50],[1,85],[-44,61],[63,33],[39,74],[-11,77],[-78,21],[-81,-8],[12,55],[-21,50],[-103,12],[0,89],[32,38],[-73,31],[17,60],[65,41],[-27,88],[25,25],[-41,51],[-62,-36],[-10,-46],[-63,21],[22,93],[-13,33],[-88,-44],[-11,-42],[-75,-5],[-25,-37],[-58,20],[-32,53],[-68,-49],[-70,-7],[-12,-35],[-62,12],[-113,130],[-68,-44],[-79,23],[-27,50],[22,29],[-49,101],[-161,83],[-83,-9],[-70,-84],[-92,-14],[-43,34],[-127,7],[-17,-90],[-96,-6],[9,57],[-56,70],[-6,43],[-81,41],[7,87],[92,-14],[68,160],[-83,52],[-3,66],[17,151],[52,145],[4,69],[-140,2],[-25,-27],[-112,6],[-14,95],[55,85],[85,28],[43,57],[-41,81],[-59,11],[29,78]],[[13163,50643],[112,-38],[26,-24],[112,-24],[1,40],[85,59],[31,49],[59,-22],[108,28],[52,40],[101,-74],[46,0],[109,-38],[39,-85],[56,-28],[42,-73],[98,56],[59,-6],[25,72],[52,-33],[-4,-64],[-31,-50],[34,-92],[47,6],[51,-30],[13,61],[56,41],[38,-19],[-6,-73],[69,-97],[-20,-41],[-49,-5],[-22,-41],[3,-68],[-62,-25],[30,-86],[99,-52],[-20,-52],[55,-68],[110,23],[29,58],[-51,32],[57,64],[21,84],[92,92],[35,-4],[38,109],[97,55],[1,47],[129,-74],[104,-18],[14,-47],[124,21],[6,43],[84,-2],[65,-38],[18,117],[88,7],[49,29],[50,-39],[50,18],[91,-138],[70,7],[76,-50],[80,-1],[65,41],[79,-5],[68,71],[7,54],[80,-21],[48,45],[57,3],[57,58],[71,21],[-6,67],[-89,19],[-8,114],[52,-4],[-30,131],[20,67],[64,100],[2,61],[-54,42],[12,62],[85,-81],[87,-1],[73,-20],[43,40],[85,-1],[24,66],[-43,56],[38,34],[61,-42],[-5,-70],[54,-102],[81,-8],[21,-45],[68,14],[44,34],[72,-42],[62,35],[21,86],[-14,78],[34,78],[-57,43],[-44,62],[167,142],[56,12],[85,76],[-80,74],[101,72],[124,-32],[50,48],[67,-54],[69,-101],[61,57],[-78,104],[9,116],[38,9],[16,68],[-73,34],[59,129],[-28,45],[-86,45],[10,67],[-92,-24],[2,56]],[[17946,52265],[2,23]],[[17948,52288],[32,39],[-24,36]],[[17956,52363],[7,72]],[[17963,52435],[39,63],[-40,87],[-55,22],[-67,74],[2,65]],[[17842,52746],[84,53],[26,-93],[61,-38],[104,58],[51,-93],[2,-38],[54,-57],[92,7],[31,-157],[71,14],[115,-39],[106,-92],[-1,-76],[20,-33],[-10,-86],[-96,-70],[54,-63],[100,-28],[35,-99],[103,9],[24,-39],[98,-29],[74,19],[22,-44],[49,9],[31,-55],[64,44],[57,-2],[-39,-80],[118,30],[38,69],[69,-113],[66,-27]],[[21253,56252],[44,-3],[35,-44],[-22,-74],[50,-18],[33,-48],[85,-16],[-52,-90],[-54,-43],[-14,-45],[6,-130],[-52,-68],[91,-7],[125,12],[104,-66],[2,-66],[-41,-65],[46,-77],[107,-35],[9,-42],[79,-93],[97,-90],[71,-10],[-53,-163],[-43,-88],[-9,-108],[-57,-46],[-4,-46],[90,-221],[94,-5],[9,-62],[89,-73],[-8,-60],[-53,-53],[-99,-60],[-60,-17],[-30,-43],[20,-74],[58,7],[107,-83],[-6,-76],[-35,-34],[107,-46],[27,-58],[-24,-53],[80,-63],[26,-67],[56,-25]],[[22284,53517],[7,-56],[52,-25],[23,-63],[53,-24],[13,-80],[39,-62],[-113,-27],[-80,23],[-49,-26],[-128,95],[-49,126],[-95,-23],[-205,8],[-31,47],[-73,36],[-71,-5],[-61,-59],[-140,-6],[-7,37],[-98,85],[-55,5],[-49,56],[-148,1],[-61,-37],[-75,-79],[-54,5],[-45,-31],[-78,18],[-115,-84],[-130,-17],[-46,-61],[-80,17],[-30,30],[-109,-43],[-49,-75],[-57,-30],[-18,-65],[-78,-59],[41,-107],[-59,-77],[-88,15],[-43,-60],[25,-59],[100,8],[-21,-118],[-38,-15],[-43,35],[-27,-66],[26,-32],[-82,-125],[-34,-23],[110,-126],[-16,-54],[67,-45],[19,-53],[-89,-74],[45,-81],[51,-28],[58,7],[13,-49],[-27,-58],[-66,-16],[-220,-121],[-65,-28],[-56,3],[-85,-44],[1,-28]],[[19491,51650],[24,-43]],[[17842,52746],[-91,72],[-28,53],[-93,14],[-120,75],[7,39],[-30,69],[55,123],[-76,39],[20,51],[-17,69],[93,66],[-135,146],[-51,-53],[-73,59],[-46,-20],[-45,80],[-39,-9],[-42,42],[-77,117],[-1,40],[-65,40],[-90,-29],[29,-49],[1,-75],[-58,-42],[-200,-46],[-69,4],[-14,75],[-55,26],[-12,64],[47,48],[-59,86],[-42,112],[-50,92],[-169,239],[4,36],[-57,91],[-67,167],[-48,78],[64,15],[-6,53],[-115,222],[-121,70],[-86,15],[-127,106],[-48,-3],[-38,51],[-90,39],[-105,-24],[-41,34],[66,39],[93,102],[2,66],[-75,19],[5,108],[110,64],[126,21],[224,231],[58,42],[112,29],[18,28],[-39,53],[-125,111],[-9,47],[44,120]],[[15976,56393],[107,147],[-52,81],[28,167],[-80,124],[-110,63],[-55,60],[-15,51],[43,79],[123,1],[69,-32],[70,-68],[173,73],[135,111],[24,79],[122,40],[177,21],[37,43],[41,113],[174,116],[54,56],[175,-7],[56,36],[108,29],[80,-11],[28,-67],[57,-25],[145,42],[69,-5],[62,99],[8,65],[69,-29],[52,16],[-49,-164],[11,-38],[102,-97],[51,6],[84,-176],[93,-43],[75,-53],[77,22],[82,-58],[59,31],[69,-15],[0,-50],[44,-97],[50,5],[97,-44],[125,-93],[35,3],[34,-69],[72,6],[5,68],[43,53],[96,6],[62,-47],[61,54],[72,2],[129,113],[65,5],[84,39],[25,58],[98,-31],[162,-145],[-60,-89],[132,-54],[76,-52],[12,-56],[105,-73],[-30,-140],[35,-29],[118,-192],[123,0],[17,81],[48,-7],[54,80],[48,-43],[41,61],[71,15],[29,-30],[85,26],[24,42],[123,39],[-17,55],[119,56],[58,-7],[11,-89],[-31,-104],[16,-74],[37,-32],[-118,-84],[-73,-16],[5,-106],[-43,-46],[66,-70],[150,117],[59,-39]],[[15976,56393],[-72,-84],[-69,-111],[-53,-26],[-69,3],[-71,-127],[-132,-64],[-115,-16],[-99,-45],[-44,-46],[-17,-92],[-100,43],[12,47],[-122,-32],[-76,10],[-97,34],[-19,-16]],[[14833,55871],[-189,135],[-65,7],[-43,51],[-67,-27],[-135,146],[-109,26],[-88,-93],[-81,10],[-31,30],[-71,-3],[-90,58],[-79,7],[-41,-26],[-208,2],[-40,66],[2,50],[-58,48],[-21,111],[69,120],[-44,58],[-9,57],[36,105],[69,132],[-41,24],[-81,-33],[-1,-68],[-56,-75],[-98,-5],[-74,-32],[-136,89],[-75,138],[-2,76],[-32,54],[-137,9],[-62,25],[5,48],[54,52],[11,104],[-201,78],[-104,-12],[-60,140],[-134,125],[-60,35],[-118,17],[-25,21],[-2,113],[23,28],[114,-5],[50,22],[133,161],[37,86],[-12,92],[17,65],[-19,57],[-114,135],[-73,65],[-71,-17],[-53,21],[-59,107],[-51,152],[-40,59],[21,43],[70,27],[59,51],[43,72],[85,38],[82,3],[84,27],[103,59],[86,126],[4,108],[-29,87],[-71,54],[-111,0],[-96,33],[-58,-35],[-169,-34],[-12,17],[-212,6],[-31,38],[5,54],[39,48],[-1,55],[151,196],[-1,116],[-73,80],[-44,89],[-42,38],[-120,-47],[-72,40],[-92,7],[29,124],[162,124],[91,49],[-25,42],[18,69],[110,58],[-43,159],[68,111],[109,29],[60,-50],[223,18],[113,90],[139,57],[68,76],[90,-15],[61,28],[205,-28],[68,-33],[153,-12],[122,-80],[67,-71],[118,-27],[224,-24],[121,15],[259,-94],[257,46],[134,-35],[124,-15],[-9,-62],[184,-107],[93,-29],[231,-25],[178,6],[209,-41],[118,-12],[91,39],[105,89],[156,66],[28,43],[142,25],[75,75],[103,3],[75,-54],[75,-7],[72,25],[171,84],[86,83],[145,10],[106,62],[67,59],[93,-17],[99,-55],[229,-2],[32,12],[39,83],[80,95],[-12,125],[49,68],[101,5],[109,78],[42,-1],[139,-65],[98,-4],[26,38],[8,172],[113,-24],[184,67],[258,182],[336,210],[89,70],[207,126],[137,94],[176,146],[165,112],[67,34],[33,-92],[54,-65],[81,25],[49,73],[82,29],[184,11],[65,-42],[-28,-38],[-158,-84],[-64,-83],[24,-184],[33,-98],[83,-142],[121,-86],[3,-74],[-72,-64],[106,-243],[106,-195],[47,-252],[85,-156],[75,-60],[85,-25],[129,-9],[41,-33],[23,-68],[134,-5],[114,24],[67,-5],[86,-63],[102,-117],[76,-48],[70,-24],[68,-79],[156,-118],[176,-68],[122,-93],[25,-96],[-38,-100],[-39,-55],[-95,-81],[-82,-51],[-295,-135],[-47,-51],[11,-47],[101,-32],[7,-75],[-100,-81],[-9,-92],[12,-70],[51,-110],[69,-85],[19,-67],[-18,-53],[-137,-145],[3,-54],[40,-82],[112,-185],[82,-108],[203,-185],[107,-68],[33,-44],[162,-112],[18,-147],[138,-62],[361,-25],[129,2],[68,-24],[2,-94],[-93,-166],[-33,-139],[31,-86],[46,-52],[93,-61],[52,-73],[16,-120],[41,-59],[88,-48],[29,-41],[49,-171],[-14,-87],[-25,-51],[-76,-35],[-93,3],[-244,-144],[-55,-77],[-48,-7],[-57,64],[-45,10],[-94,-25],[-113,-59],[-63,-74],[6,-74],[-35,-97],[-77,29],[-88,-39],[-65,-6],[-47,-44],[-117,50],[-84,104],[-80,23],[-114,110],[-33,217],[31,51],[-41,188],[-50,25],[-40,-33],[-130,-69],[-46,-83],[-61,-14],[-91,17],[-69,-13],[-84,-73],[-69,14],[-84,-51],[-3,-97]],[[40746,40329],[-34,-149],[3,-116],[42,-51],[149,-79],[81,-90],[6,-28],[115,-109],[24,-86],[-14,-33],[-115,-55],[-28,-29],[-67,-150],[-54,-79],[128,-36],[-31,-95],[53,-34],[-21,-109],[18,-41],[-48,-68],[-81,-25],[-108,24],[5,-154],[40,-51],[-62,-79],[20,-109],[-76,-107],[-10,-65],[-60,-38],[-96,-87],[-71,5],[-19,-81],[69,-12],[53,-67],[-15,-56],[-101,12],[-28,18],[-99,-4],[52,-64],[-48,-19],[-24,-78],[-64,0],[-89,61],[-11,-139],[21,-65],[-62,-25],[-67,-72],[-103,53],[-69,15],[-40,-31],[-46,21],[36,58],[-121,2],[-64,22],[-23,-38],[56,-119],[67,-31],[-13,-48],[15,-96],[-57,-33],[-43,56],[3,-158],[-54,-2],[5,66],[-73,-1],[-107,24],[-11,-37],[75,-69],[-37,-55],[-89,11],[-102,37],[-47,45],[-148,61],[-41,-48],[-40,50],[-60,31],[-106,-127],[-97,-53],[40,-47],[-51,-193],[-113,-22],[-56,43],[-129,-31],[-121,-45],[-129,-73],[-98,13],[-76,-7],[-81,-96],[-100,-98],[-13,-173],[-107,-44],[-157,-17],[-8,44],[-87,42],[-75,5],[25,59],[-25,50],[22,53],[-31,40],[-210,30],[-55,-49],[63,-155],[-44,-5],[-171,-72],[-66,37],[-67,9],[-30,-55],[7,-89],[32,-5],[36,-67],[-61,-27],[11,-76],[-21,-58],[-58,-50],[-15,-38],[18,-155],[47,5],[41,-78],[78,-64],[60,0],[79,36],[115,-5],[15,-69],[99,-46],[49,6],[47,-29],[-7,-38],[85,-109],[53,4],[24,-50],[101,8],[38,33],[109,-48],[58,17],[69,-49],[48,45],[98,-21],[71,10],[31,-51],[-53,-67],[-35,24],[-78,-68],[64,-41],[-63,-79],[2,-70],[-37,-114],[79,-37],[52,-81],[146,-25],[65,-48],[77,-34],[40,-40],[-5,-126],[36,-47],[113,10],[104,-13],[17,-52],[41,-14],[11,-152],[-75,12],[-17,-21],[39,-104],[86,-14],[80,-45],[-30,-156],[90,-56],[33,-38],[-6,-64],[-136,19],[-60,-94],[-90,-21],[-52,16]],[[38533,33766],[-85,9],[-25,38],[-46,-3],[-5,56],[-116,46],[-23,34],[-113,11],[-51,83],[-157,-76],[-149,86],[-134,174],[-48,31],[-93,21],[-37,46],[-210,44],[-67,115],[-64,45],[-21,-64],[-68,-55],[-55,-20],[-33,-96],[82,-74],[33,5],[27,-93],[-10,-42],[-50,-53],[57,-19],[-5,-54],[-100,-134],[119,-127],[-67,-117],[16,-41],[-124,-205],[-29,1],[-72,-90],[-228,1],[-49,24],[-10,41],[47,61],[-17,32],[36,57],[89,0],[-60,73],[-165,-115],[-85,-20],[-77,91],[-111,-35],[-219,92],[-60,42],[-97,44],[-98,-3],[-3,-65],[-80,0],[-102,-98],[-69,-147],[-54,-4],[-9,71],[-145,66],[-46,-15],[-41,64],[-115,32],[-49,-16],[-37,-51],[-45,25],[89,45],[4,92],[92,167],[2,91],[72,41],[18,51],[-58,6],[14,52],[-39,17],[19,65],[-18,76],[-36,69],[33,61],[-45,14],[-190,-78],[-89,-20],[-20,-32],[-57,-5],[-5,55],[-87,-33],[-72,35],[-101,-3],[-18,-60],[-171,-2],[-62,33],[-184,-25],[-87,-5],[-56,-29],[-4,-42],[-52,-8],[-45,-59],[-66,-18],[-46,12],[-172,-26],[-48,23],[-41,57],[-109,-5],[-87,64],[-34,43],[3,102],[-65,14],[-101,80],[-115,23]],[[31466,37885],[53,54],[61,163],[-3,66],[52,76],[-12,60],[-43,44],[58,52],[64,22],[19,55],[-28,68],[-64,18],[3,55],[-40,40],[24,100],[70,25],[149,31]],[[20858,13100],[-113,27],[-95,11],[-13,37],[-58,36],[-46,58],[-88,24],[-85,-67],[-48,57],[-52,-51],[-50,19],[39,63],[-28,50],[-67,-33],[-117,1],[-52,-83],[-27,-86],[-34,-47],[28,-33],[-55,-34],[-17,-92],[-97,-29],[-17,-49],[-57,-2],[-29,52],[-133,-37],[16,-79],[-33,-35],[-25,-103],[18,-111],[97,-65],[-20,-159],[-24,-111],[-74,-65],[-26,-59],[-78,-60],[-52,7],[-48,-24],[-15,-57],[5,-73],[95,-40],[57,23],[36,-16],[100,17],[107,-16],[147,-44],[29,-83],[56,-44],[-44,-87],[-53,-35],[-64,-95],[-54,-124],[-56,-28],[-132,-36],[-53,15],[-50,-20],[-69,18],[-30,-88],[-46,2],[5,-112],[-53,-147],[-38,-21],[-64,30],[-55,5],[-61,-42],[-86,86],[-89,9],[-31,-41],[-77,-2],[-158,-46],[-37,-84],[-42,1],[-72,118],[-77,55],[-61,-26],[-32,-57],[-31,36],[-93,4],[-25,-38],[-14,-90],[-57,-57],[-49,-108],[-1,-43],[44,-60],[-31,-39],[-40,29],[-136,20],[-261,-6],[-37,-7],[-113,27],[-27,126],[-75,60],[-110,-94],[-58,9]],[[17122,10712],[-45,52],[2,52],[33,32],[-30,62],[-67,-30],[-77,-12],[-51,29],[-22,70],[-52,54],[-117,-1],[-27,42],[-5,65],[-40,32],[-158,-28],[0,261],[-73,-20],[-90,-63],[-111,-17],[-207,35],[-109,95],[7,40],[-57,60],[-10,96],[-67,10],[-96,-36]],[[15653,11592],[-6,15]],[[15647,11607],[-16,30]],[[15631,11637],[-13,12]],[[15618,11649],[-17,31]],[[15601,11680],[-40,-26]],[[15561,11654],[-21,1]],[[15540,11655],[-42,87]],[[15498,11742],[-12,21]],[[15486,11763],[-15,3]],[[15471,11766],[-5,7]],[[15466,11773],[-39,8]],[[15427,11781],[-28,-7]],[[15399,11774],[-7,-5]],[[15392,11769],[-18,16]],[[15374,11785],[-39,36]],[[15335,11821],[-27,38]],[[15308,11859],[-15,17]],[[15293,11876],[-7,0]],[[15286,11876],[-15,15]],[[15271,11891],[10,17]],[[15281,11908],[-26,28]],[[15255,11936],[-4,20]],[[15251,11956],[-8,9]],[[15243,11965],[-1,7]],[[15242,11972],[-13,29]],[[15229,12001],[-4,8]],[[15225,12009],[-15,22]],[[15210,12031],[-21,4]],[[15189,12035],[-3,4]],[[15186,12039],[-52,62]],[[15134,12101],[-54,-11]],[[15080,12090],[-22,4]],[[15058,12094],[-24,-12]],[[15034,12082],[23,28]],[[15057,12110],[-15,19]],[[15042,12129],[-25,65]],[[15017,12194],[7,13]],[[15024,12207],[15,40]],[[15039,12247],[-6,16]],[[15033,12263],[-32,7]],[[15001,12270],[-5,7]],[[14996,12277],[-14,9]],[[14982,12286],[-59,59],[8,84]],[[14931,12429],[-6,14]],[[14925,12443],[52,-15]],[[14977,12428],[24,6]],[[15001,12434],[24,14]],[[15025,12448],[20,27]],[[15045,12475],[-21,66]],[[15024,12541],[-21,-15]],[[15003,12526],[-15,17]],[[14988,12543],[-22,-12]],[[14966,12531],[-11,-1]],[[14955,12530],[-8,-11]],[[14947,12519],[-9,-21]],[[14938,12498],[-67,-46]],[[14871,12452],[-1,19]],[[14870,12471],[-10,45]],[[14860,12516],[-31,13]],[[14829,12529],[-33,57],[-49,2],[-21,77],[63,100],[-51,27],[-80,-104],[-51,21],[-26,112],[-97,-12],[-9,49],[23,49],[-101,25],[-58,30],[-4,-50],[-73,-14],[4,119],[-97,-2],[-24,53],[35,49],[-7,55],[-71,-29],[-35,15],[-124,-50],[-57,-4]],[[13886,13104],[-95,215],[-50,263],[-82,387],[-51,189],[-39,213],[-34,39],[-8,222],[-27,207],[-41,233],[-23,26],[-48,259],[-38,166],[-37,98],[-51,92],[-34,-2],[-75,83],[-27,80],[-56,319],[-44,71],[-83,253],[-17,120],[-26,102],[-69,181],[2,39],[47,38],[-29,47],[-40,-32],[9,-50],[-79,-4],[-10,71],[-79,165],[22,8],[-5,103],[-66,134],[-117,-9],[-72,41],[-33,52],[-68,15],[-37,40],[70,28],[-3,47],[-53,94],[10,51]],[[12361,17824],[26,4]],[[12387,17828],[61,-19]],[[12448,17809],[0,16]],[[12429,17870],[7,12]],[[12437,17893],[57,-9]],[[12508,17872],[-2,-22]],[[12539,17858],[52,57]],[[12591,17915],[14,7]],[[12605,17922],[23,-7]],[[12638,17936],[15,18]],[[12648,18003],[-1,2]],[[12647,18005],[23,37]],[[12686,18055],[-1,19]],[[12346,19428],[-59,34],[74,28],[17,48],[-14,47],[68,59],[61,2],[43,63],[55,-75],[62,19],[38,-30],[122,52],[51,73],[-13,34],[38,76],[-70,2],[34,60],[61,-2],[-16,58],[90,109],[60,156],[8,53],[-57,22],[-104,-47],[-40,53],[69,69],[63,43],[113,-51],[17,54],[-13,65],[15,86],[31,15],[-10,76],[-50,52],[-128,23],[-3,51],[-62,-11],[-23,39],[-65,-5],[-30,108],[-22,28],[39,103],[-8,112],[-35,-4],[-56,53],[-38,101],[63,19],[52,53],[111,-57],[21,18],[16,94],[53,9],[25,34],[66,14],[-16,105],[26,17],[38,-72],[116,12],[-3,-90],[20,-71],[30,-17],[138,66],[112,72],[-70,49],[23,57],[51,25],[4,88],[80,1],[88,72],[148,25],[10,23],[143,-2],[-16,35],[-9,153],[77,53],[8,58],[-53,41],[122,8],[37,37],[93,-16],[95,19],[1,-57],[91,-62],[6,-42],[64,-19],[23,-50],[98,-3],[23,49],[56,-5],[30,29],[4,173],[126,-2],[103,52],[76,-28],[76,48],[46,-44],[6,-44],[77,45],[84,-5],[-1,93],[83,-6],[2,-74],[71,-40],[70,28],[-20,42],[7,115],[-51,24],[69,53],[-14,93],[-89,101],[-1,57],[69,61],[-14,124],[-52,3],[-16,47],[-39,21],[15,85],[-60,20],[-12,69],[78,20],[-1,66],[42,121],[94,-52],[21,-90],[35,-9],[61,29],[68,-33],[26,-61],[60,-19],[22,108],[71,-26],[6,-41],[74,37],[-2,-114],[78,-64],[84,27],[60,2],[32,29],[99,2],[32,-47],[48,70],[40,9],[88,-56],[41,34],[95,15],[86,-15],[12,-56],[86,-3],[55,45],[18,-86],[61,3],[60,78],[-5,47],[-96,13],[23,130],[-82,-5],[-6,80],[40,7],[-8,86],[31,54],[-44,14],[-17,114],[175,20],[27,88],[116,55],[3,96],[78,4],[0,95],[75,9],[20,-129],[37,9],[35,105],[48,0],[7,-59],[51,-28],[17,-62],[57,-17],[4,55],[53,93],[3,82],[42,-14],[76,45],[25,59],[-47,53],[-59,14],[7,89],[53,1],[18,-47],[164,46],[57,-11],[67,97],[13,105],[-4,104],[72,10],[2,158],[-64,13],[66,151],[77,3],[14,-43],[54,-9],[53,23],[17,-45],[107,0],[15,33],[-43,60],[91,26],[37,100],[43,63],[59,-8],[8,78],[36,68],[27,139],[151,67],[107,-20],[11,-64],[64,-6],[-16,-126],[-63,-70],[94,-19],[59,15],[2,-53],[59,-49],[56,13],[42,36],[15,55],[63,-35]],[[14829,12529],[31,-13]],[[14870,12471],[1,-19]],[[14938,12498],[9,21]],[[14955,12530],[11,1]],[[14988,12543],[15,-17]],[[15003,12526],[21,15]],[[15024,12541],[21,-66]],[[15025,12448],[-24,-14]],[[14977,12428],[-52,15]],[[14925,12443],[6,-14]],[[14982,12286],[14,-9]],[[15001,12270],[32,-7]],[[15033,12263],[6,-16]],[[15024,12207],[-7,-13]],[[15042,12129],[15,-19]],[[15034,12082],[24,12]],[[15058,12094],[22,-4]],[[15080,12090],[54,11]],[[15134,12101],[52,-62]],[[15189,12035],[21,-4]],[[15225,12009],[4,-8]],[[15229,12001],[13,-29]],[[15243,11965],[8,-9]],[[15255,11936],[26,-28]],[[15281,11908],[-10,-17]],[[15271,11891],[15,-15]],[[15293,11876],[15,-17]],[[15335,11821],[39,-36]],[[15374,11785],[18,-16]],[[15392,11769],[7,5]],[[15399,11774],[28,7]],[[15427,11781],[39,-8]],[[15471,11766],[15,-3]],[[15486,11763],[12,-21]],[[15540,11655],[21,-1]],[[15601,11680],[17,-31]],[[15631,11637],[16,-30]],[[15647,11607],[6,-15]],[[17122,10712],[-5,-74],[-86,-6],[-19,-64],[-151,-63],[-56,62],[-94,-62],[35,-88],[-20,-12],[52,-99],[41,3],[89,-65],[27,30],[58,-23],[181,-146],[186,-65],[4,-67],[-55,-129],[-140,-68],[-7,-67],[131,4],[32,-25],[118,14],[94,-24],[153,100],[62,-55],[-11,-48],[-73,-58],[22,-55],[91,-50],[11,-56],[-24,-44],[47,-86],[-93,17],[-45,-32],[-27,-83],[-36,-42],[-16,-88],[99,-42],[68,-44],[83,2],[93,-43],[88,-136],[59,0],[19,-63],[-47,-140],[-41,-75],[31,-18],[5,-76],[-140,-7],[21,-83],[30,-7],[-11,-103],[16,-19],[-24,-84],[-6,-114],[-21,-51],[17,-62],[49,-59],[-24,-48],[-17,-93],[26,-25],[62,-3],[47,-59],[16,-49],[186,-28],[118,61],[16,57],[57,47],[85,33],[101,78],[123,-13],[-16,-76],[75,-113],[1,-65],[61,-37],[-33,-60],[-7,-112],[-64,-18],[-88,-54],[34,-59],[93,-115],[-17,-28],[43,-86],[-82,-89],[-37,-62],[-11,-62],[51,-51],[-10,-64],[32,-54],[-51,-19],[-3,-127],[-38,-14],[4,-64],[-54,-83],[-21,-102],[63,10],[76,-73],[80,-13],[90,58],[35,-56],[61,-60],[0,-30],[95,-65],[-50,-112],[-43,10],[-62,-97],[-2,-119],[-112,-131],[-15,-145],[15,-34],[-34,-41],[3,-103],[-40,-55],[-77,-64],[-32,-96],[-55,-18],[-45,-54],[100,-141],[54,-118],[70,-55],[15,-79],[-62,-76],[-5,-46],[-80,-89],[-20,-60],[26,-17],[40,-128],[62,-62],[0,-33],[48,-58],[28,-74],[-36,-78],[-52,-29],[-34,35],[-32,-35],[39,-110],[-44,-7],[-18,-56],[-54,-69],[6,-71],[-14,-50],[-58,2],[-65,-56]],[[18509,3370],[-155,129],[-78,55],[-32,78],[-154,191],[-384,501],[-52,84],[-125,170],[-54,51],[-52,11],[-56,80],[-48,224],[-120,268],[-226,518],[-48,154],[-38,163],[-21,138],[-35,358],[-48,279],[-49,190],[48,-6],[16,-66],[52,-23],[-14,-42],[-57,-6],[23,-73],[39,55],[87,-41],[26,-82],[58,-38],[-23,-45],[25,-121],[-13,-99],[53,-36],[0,-47],[-50,-103],[-28,-155],[8,-32],[299,8],[-173,67],[25,114],[-57,77],[24,108],[-64,19],[16,80],[-45,114],[36,37],[-1,65],[-67,152],[-22,-55],[-50,8],[-10,53],[-45,63],[-47,104],[5,56],[-45,84],[17,71],[-79,87],[-38,16],[75,-225],[8,-101],[-39,-16],[-47,165],[-40,171],[-95,280],[-48,183],[-70,185],[-166,353],[-186,444],[-70,331],[-90,351],[-51,127],[-13,1],[-62,172],[-74,232],[-116,222],[-132,85],[-130,360],[-53,111],[-117,128],[-41,15],[-24,60],[-134,134],[-21,-15],[-89,113],[-50,79],[4,47],[-25,54],[-53,46],[29,32],[44,-14],[23,74]],[[14810,11564],[-14,8]],[[14796,11572],[-8,11]],[[14788,11583],[-7,12]],[[14781,11595],[36,53]],[[14817,11648],[-12,32]],[[14805,11680],[22,9]],[[14827,11689],[22,-9]],[[14849,11680],[12,-8]],[[14861,11672],[33,22]],[[14894,11694],[35,27]],[[14929,11721],[22,2]],[[14951,11723],[6,15]],[[14957,11738],[21,-6]],[[14978,11732],[21,17]],[[14999,11749],[-5,14]],[[14994,11763],[-24,13]],[[14970,11776],[-21,-1]],[[14949,11775],[-13,1]],[[14936,11776],[-11,-24]],[[14925,11752],[-43,7]],[[14882,11759],[-44,14]],[[14838,11773],[-9,-3]],[[14829,11770],[-20,-16]],[[14809,11754],[-2,-9]],[[14807,11745],[-54,-38]],[[14753,11707],[-13,-28]],[[14740,11679],[-24,4]],[[14716,11683],[-22,10]],[[14694,11693],[-17,-10]],[[14677,11683],[-14,12]],[[14663,11695],[-9,2]],[[14654,11697],[-32,-20],[5,-102]],[[14627,11575],[8,-22]],[[14635,11553],[7,-44]],[[14642,11509],[-54,-42],[-37,70],[-32,171],[-71,153],[-40,44],[-96,250],[-56,129],[-63,83],[-86,178],[-131,344],[-55,117],[-35,98]],[[25922,31834],[-81,-25],[-51,12],[-60,72],[-57,25],[-36,44],[-148,28],[-11,-62],[-91,14],[-21,59],[46,68],[-22,59],[-53,56],[-10,65],[-68,39],[-37,76],[-51,4],[-73,98],[-83,-1],[-67,32],[-92,-64],[-53,8],[-114,-118],[-78,4],[-68,-48],[-45,45],[-93,-3],[-23,-64],[-122,14],[-67,35],[-69,75],[-123,46],[-99,-47],[-56,-8],[-15,-40],[-88,-6],[-67,-28],[-82,2],[6,46],[-71,55],[-15,48],[29,31],[-49,104],[-63,29],[-98,8],[-34,-36],[-229,42],[-56,52],[-48,-6],[-34,-74],[-4,-68],[-143,23],[-14,-46],[-77,-66],[-196,-17],[-73,35],[-71,-52],[-56,-3],[-1,-64],[39,-165],[-75,29],[-21,-33],[-86,10],[-173,-1],[-76,-55],[-84,38],[-97,5],[-34,-15],[-75,21],[-52,60],[-107,31],[-58,-49],[-87,-5],[-34,131],[1,83],[-106,29],[12,-43],[-35,-38],[-50,27],[-37,-32],[-99,37],[-4,-48],[-112,-37],[-72,11],[-24,-132],[-219,-130],[-43,-8],[-131,-71],[-81,-8],[-5,-27],[-83,-18],[-207,74],[-12,-47],[-98,-14],[-17,-39],[-69,-16],[-2,40],[-71,-10],[-50,45],[-94,-10],[2,-52],[-111,35],[-127,-8],[-37,173],[-65,35],[2,36],[-38,59],[6,57],[70,31],[98,-4],[130,-55],[83,29],[-72,98],[-29,177],[-34,71],[-94,105],[-98,31],[-101,-16],[-132,12],[-126,-4],[21,-51],[-60,-45],[-70,4],[-36,-52],[-48,23],[8,40],[-84,-18],[-55,24],[-108,-8],[-20,-27],[-129,-61],[-220,-177],[-82,32],[-39,-48],[-79,9],[-32,-76],[11,-59],[-47,-28],[60,-72],[-15,-51],[-85,-51],[-24,-75],[-132,-86],[-89,-86],[74,-104],[-6,-75],[-33,0],[-40,-121],[-133,29],[-62,-36],[-80,19],[-33,-100],[-37,-30],[-10,-52],[-84,-16],[-5,-29],[-69,-37],[-197,-4],[-26,39],[-177,-7],[-101,79],[9,30],[-54,54],[28,29],[82,-16],[-6,117],[-38,20],[28,56],[-62,84],[-63,167],[-97,-46],[-37,27],[-103,26],[-34,37],[-108,-9],[-59,21],[-116,-35],[-64,15],[-89,-11],[-108,13],[-70,-24],[-91,2],[-21,27],[-148,-46],[-49,32],[-117,15],[-174,-18],[-64,17],[-105,4],[-3,42],[-99,-19],[-71,11],[-188,84],[-48,44],[-34,98],[-67,110],[-83,17],[-78,51],[-113,32],[-49,42],[-75,3],[-86,-46],[-50,-1],[-160,31],[-141,66],[-140,24],[-9,42],[-50,8],[-20,69],[-82,20],[11,84],[-27,87],[17,31],[12,142],[20,49],[-25,55],[-46,45],[-86,28],[-15,106],[-19,33],[-98,-24],[-21,-39],[-68,-59],[-92,-18],[-19,-65],[-190,-25],[-114,62]],[[12755,35616],[52,18],[90,90],[87,-14],[71,-44],[94,7],[48,28],[21,67],[130,28],[97,81],[30,42],[96,-15],[63,39],[-104,36],[55,30],[-44,65],[-58,6],[-85,-25],[-35,46],[-60,0],[-40,30],[-39,-25],[-31,79],[25,89],[56,43],[1,78],[53,23],[31,69],[95,12],[21,37],[87,48],[47,-12],[18,42],[66,52],[60,-20],[101,51],[72,107],[41,36],[70,16],[-32,83],[0,111],[34,34],[-1,68],[-26,71],[-36,5],[12,98],[-23,49],[20,97],[56,105],[45,29],[19,65],[43,57],[-25,25],[-3,68],[-42,83],[-42,24],[-24,78],[-57,38],[-42,92],[54,38],[-24,61],[-39,35],[-46,-17],[-80,15],[-88,-11],[-32,53],[55,45],[2,111],[57,91],[94,92],[-89,89],[-74,-19],[-45,12],[-86,74],[66,29],[19,60],[-18,73],[87,30],[-14,57],[70,76],[-8,32],[-77,0],[28,88],[-20,35],[80,50],[114,-210],[61,-28],[86,13],[42,83],[74,18],[-13,96],[56,0],[-16,90],[-88,-7],[-136,15],[-97,34],[-5,88],[-60,100],[-6,89],[18,60],[61,-3],[10,-64],[70,7],[26,-25],[-1,-64],[75,-10],[-8,-36],[141,-9],[64,-32],[62,61],[35,-16],[60,20],[-7,167],[46,45],[55,12],[-20,81],[40,55],[55,-42],[229,25],[81,-10],[4,-36],[-67,-41],[38,-94],[-41,-122],[-62,41],[-43,-26],[-12,-54],[104,-44],[30,38],[96,-19],[108,32],[-14,-63],[-243,-106],[-34,76],[-88,23],[17,76],[-101,-25],[94,-136],[-61,-3],[-52,-69],[7,-63],[68,-54],[81,-6],[77,-26],[307,-60],[66,10],[107,49],[97,6],[66,-75],[95,29],[43,57],[129,71],[92,11],[109,-78],[7,-27],[-29,-107],[33,2],[18,-120],[45,-16],[21,-55],[56,-11],[-9,-58],[38,-26],[-41,-72],[13,-28],[-17,-101],[-88,-50],[-67,-2],[-34,31],[5,62],[-60,-15],[-105,-120],[5,-121],[56,-81],[67,8],[33,-30],[-16,-155],[-66,-19],[-63,-178],[73,-11],[23,-54],[85,-4],[-2,-79],[-104,-21],[2,-57],[-38,-83],[-128,-63],[-35,63],[4,43],[-34,35],[-58,-34],[-14,-40],[-136,-1],[5,39],[-83,31],[-36,38],[-47,-97],[-56,-52],[-17,-131],[64,-21],[34,-42],[122,-74],[7,-92],[35,-34],[70,13],[68,-15],[79,-57],[23,32],[-17,69],[67,16],[11,82],[-61,28],[9,59],[53,-5],[65,-45],[43,-58],[153,86],[52,-21],[202,106],[9,90],[-41,51],[0,61],[62,10],[76,44],[34,52],[190,46],[5,79],[-28,162],[64,84],[-25,81],[56,33],[34,77],[43,-45],[-24,-57],[20,-34],[4,-79],[86,-11],[60,-25],[28,45],[58,31],[73,-5],[122,-86],[25,38],[62,-22],[21,26],[93,-62],[31,-81],[118,38],[-18,71],[89,63],[5,45],[129,17],[50,-47],[-31,-36],[-28,-85],[97,-70],[71,23],[29,-16],[46,-85],[76,0],[59,29],[91,-17],[34,125],[58,23],[-57,72],[-88,85],[-32,90],[-29,35],[-17,71],[25,16],[-13,88],[18,133],[-76,142],[65,37],[42,-4],[20,-51],[50,48],[39,-27],[-8,-105],[94,-60],[68,29],[65,61],[17,60],[38,-5],[29,82],[-12,67],[2,104],[-84,159],[-56,5],[-42,31],[-18,61],[-36,10],[-51,-33],[-159,7],[4,39],[-93,123],[73,32],[120,-3],[65,22],[47,51],[-73,32],[23,49],[-110,97],[-5,123],[26,51],[40,0],[140,47],[31,48],[195,-43],[77,24],[29,44],[61,-2],[25,56],[106,-8],[86,20],[85,-78],[95,31],[79,53],[8,144],[57,11],[-24,72],[-91,52],[-27,48],[52,74],[-23,59],[-41,10],[25,67],[-24,43],[35,55],[-116,51],[-177,-137],[-5,-92],[-57,-43],[-77,3],[-78,48],[-84,10],[-25,-34],[-50,2],[-31,-52],[-137,-9],[-12,-40],[-124,95],[-104,18],[-146,-32],[-13,44],[-54,26],[-124,-5],[-93,76],[-70,19],[-28,93],[-52,23],[-9,68],[-82,123],[-22,109],[10,118],[-31,32],[23,54],[-68,48],[9,51],[92,28],[-9,77],[15,69],[141,171],[72,-2],[20,67],[68,12],[123,-20],[60,43],[-3,45],[71,3],[50,59],[44,88],[-20,40],[83,58],[36,81],[106,28],[116,69],[61,84],[151,42],[35,78],[107,29],[62,-19],[150,88],[86,85],[20,69],[101,54],[137,-14],[15,30],[-25,62],[99,17],[99,0],[60,56],[99,30],[57,63],[92,58],[50,-19],[67,32],[25,59],[58,24],[95,3],[25,39],[-9,59],[46,34],[76,11],[51,100],[75,-8],[60,31],[49,57],[118,-28],[81,-7],[2,112],[47,25],[-34,87],[50,29],[55,-24],[70,21],[-38,56],[101,20]],[[20835,43857],[95,-34],[55,95],[123,22],[45,-6],[48,-95],[83,10],[68,-81],[119,-22],[104,-60],[76,-4],[38,42],[80,-13],[38,51],[79,17],[54,-17],[43,-56],[103,-3],[61,-86],[50,-47],[81,19],[92,-36],[0,-75],[74,51],[36,-26],[-29,-58],[39,-81],[-49,-35],[33,-44],[0,-51],[73,-32],[58,-72],[5,-40],[-34,-51],[46,-33],[49,24],[70,-27],[-19,-61],[-76,-25],[17,-62],[57,-52],[21,-82],[-59,-3],[-43,-60],[-41,-7],[-36,-119],[-79,-71],[-4,-91],[-84,-2],[-33,-37],[123,-121],[-43,-18],[-80,-80],[-2,-101],[-58,-90],[-81,-74],[15,-86],[-54,-9],[-28,-59],[45,-24],[-5,-70],[-99,63],[10,-69],[-44,0],[-49,-83],[-60,-27],[29,-62],[63,-22],[42,-79],[0,-63],[-35,-61],[-128,-32],[-45,8],[-71,-27],[-60,-63],[-92,48],[-48,-50],[-70,0],[-138,35],[-66,-61],[-48,19],[-36,-62],[0,-54],[26,-62],[-57,-19],[-17,-37],[-105,-50],[-6,-58],[-79,-81],[60,-27],[17,-40],[-49,-57],[78,-28],[35,-71],[-14,-34],[41,-53],[42,-10],[-21,-57],[118,-82],[-40,-26],[4,-46],[-73,6],[-47,-50],[-87,-44],[27,-124],[-22,-61],[-79,-68],[-157,-115],[-30,-42],[-61,-24],[-10,-81],[45,-12],[81,-145],[1,-88],[50,-67],[36,-78],[-23,-46],[27,-73],[-30,-138],[-65,-24],[32,-113],[49,-14],[8,-78],[199,-151],[-75,-87],[31,-67],[92,-75],[102,53],[11,61],[58,30],[15,62],[51,58],[110,-73],[54,-8],[80,-133],[78,-49],[30,-63],[62,-23],[57,40],[58,-12],[63,-135],[44,-2],[10,53],[99,11],[48,33],[-4,55],[64,41],[-5,62],[52,39],[74,83],[-2,36],[43,119],[-12,42],[-79,-9],[-65,45],[-25,54],[88,-8],[5,150],[-68,61],[-65,127],[-39,3],[-67,-70],[-60,-2],[-52,-32],[-52,20],[-24,126],[67,96],[-19,137],[2,61],[34,44],[-34,101],[-141,73],[-58,17],[-31,91],[-60,39],[36,217],[-45,66],[-48,14],[-8,130],[-67,153],[15,68],[-99,64],[-66,9],[-73,-47],[-50,58],[82,14],[38,36],[36,-39],[42,10],[17,53],[89,46],[3,55],[54,87],[63,-16],[-3,51],[118,27],[23,-42],[-88,-84],[108,-25],[-13,-39],[66,-20],[60,20],[-12,100],[14,56],[-84,73],[3,58],[63,-30],[68,16],[134,-68],[7,32],[-48,107],[87,18],[-16,44],[36,36],[83,-2],[34,-63],[-52,-31],[38,-49],[-10,-56],[-56,-48],[54,-40],[64,23],[21,-41],[9,-104],[-90,10],[-63,26],[-54,-3],[-77,-78],[-10,-45],[-83,-84],[87,-131],[23,2],[34,108],[-12,73],[59,65],[96,-31],[81,-90],[-128,-37],[-25,-53],[-51,2],[20,-77],[-30,-56],[21,-61],[97,106],[60,22],[61,-47],[38,37],[-59,58],[30,71],[54,-2],[29,-86],[62,-20],[-66,-85],[23,-28],[-29,-67],[76,17],[12,47],[55,8],[60,-28],[-24,-43],[53,-71],[96,14],[38,23],[85,-26],[-2,58],[27,40],[54,-89],[51,23],[28,46],[-65,82],[-11,46],[32,65],[36,-45],[63,24],[-2,92],[-53,-25],[-59,43],[-62,-3],[8,67],[72,65],[106,-15],[-24,-35],[65,-107],[14,55],[61,-31],[-1,-37],[69,-45],[17,-45],[-22,-40],[-47,13],[-53,-84],[11,-108],[98,-28],[111,-55],[57,41],[-7,53],[76,95],[172,-80],[69,-12],[152,34],[183,-93],[32,35],[37,87],[-18,104],[23,34],[-37,38],[57,37],[44,-16],[115,42],[100,10],[32,69],[17,91],[102,-1],[28,28],[91,-33],[67,81],[59,13],[2,50],[118,-4],[59,44],[73,-72],[-13,-73],[19,-53],[-19,-81],[19,-33],[61,-7],[34,-60],[92,-66],[46,-103],[-77,-24],[-79,-49],[-92,-142],[-47,-27],[-31,-72],[98,-58],[111,48],[55,101],[97,22],[40,-27],[21,-54],[67,39],[-31,64],[117,-53],[73,45],[33,146],[57,-72],[-28,-51],[68,-12],[67,-86],[112,39],[13,-20],[88,-2],[0,49],[-118,43],[-4,55],[70,28],[65,-10],[36,20],[40,-35],[48,82],[-12,54],[69,-9],[75,-53],[-84,-89],[12,-115],[-62,-43],[-25,-46],[44,-59],[-65,-64],[-42,2],[7,-66],[114,-19],[166,80],[34,-72],[98,2],[55,32],[104,-6],[27,-61],[80,-67],[57,84],[12,58],[93,-43],[-9,124],[39,25],[85,134],[-33,81],[26,24],[22,106],[128,16],[40,-11],[82,-94],[81,20],[18,-82],[98,-46],[20,78],[-32,23],[29,60],[56,7],[29,73],[70,23],[32,-60],[79,-28],[-57,-42],[82,-72],[-78,-58],[58,-44],[51,40],[65,-23],[8,-45],[72,20],[156,-94],[79,20],[92,-37],[58,-42],[18,-136],[-16,-80],[50,-51],[80,-42],[83,20],[125,-59],[35,-3],[63,-66],[41,27],[57,-27],[29,19],[73,-6],[-27,-75],[67,4],[22,-24],[10,-115],[-30,-59],[85,15],[46,-37],[14,-80],[65,-10],[65,-47],[100,-9],[-12,84],[18,47],[-22,57],[39,46],[138,-65],[66,7],[23,-58],[93,24],[28,24],[162,57],[63,-53],[-9,-59],[155,-15],[5,-97],[58,5],[9,-103],[-114,-24],[-62,34],[-1,-96],[44,-29],[-27,-51],[4,-110],[-38,-90],[23,-30],[88,4],[7,-176],[-28,-53],[-1,-70],[-48,-28],[19,-120],[-33,-64],[-66,11],[-65,-20],[92,-83],[14,-35],[97,-17],[2,-65],[-21,-66],[116,-26],[13,-83]],[[11499,19584],[-25,0]],[[11474,19584],[-31,12]],[[11419,19590],[-56,41],[20,32],[-25,96],[-52,111],[-31,16],[-52,109],[-158,65],[-38,92],[-19,122],[-54,43],[18,31],[-34,183],[-67,198],[-23,110],[-25,46],[-15,95],[-44,80],[-21,107],[-49,93],[-42,116],[64,56],[-41,35],[61,84],[-39,42],[-6,100],[-51,92],[-1,82],[22,88],[-42,21],[-5,117],[15,48],[-28,52],[-10,69],[26,83],[-35,105],[22,52],[-6,106],[-27,34],[-54,190],[-49,125],[-51,51],[91,59],[-48,32],[2,48],[-27,68],[-62,6],[15,55],[1,98],[18,19],[-25,91],[-82,84],[39,49],[3,50],[-38,23],[-35,77],[13,35],[-41,79],[45,45],[-51,169],[-30,50],[-52,172],[-36,25],[-3,68],[-48,28],[0,49],[-39,127],[-44,68],[16,45],[-38,69],[18,114],[-13,71],[-76,66],[-14,134],[52,-8],[22,-72],[58,0],[120,-40],[19,86],[-69,-9],[-55,43],[-35,-9],[-81,117],[-81,46],[21,81],[-31,15],[-8,92],[-22,37],[34,145],[36,25],[-92,224],[-29,3],[-31,123],[19,55],[-2,153],[76,28],[34,-26],[56,76],[29,-56],[53,19],[-10,116],[-73,-38],[-34,11],[-38,76],[30,58],[81,18],[-46,58],[34,58],[34,-22],[93,38],[-32,63],[-18,108],[-62,-2],[-17,-68],[-76,-60],[-117,7],[-37,-161],[-43,12],[-46,75],[20,73],[56,71],[-30,16],[7,113],[-18,66],[-61,57],[16,60],[-32,37],[-11,60],[15,65],[2,111],[30,61],[-85,99],[6,85],[-32,89],[72,78],[-106,81],[-27,134],[32,19],[-34,89],[-17,91],[8,46],[-48,99],[-16,144],[-55,35],[58,77],[-8,119],[-25,34],[107,88],[10,27],[-28,178],[38,30],[23,118]],[[9943,29391],[33,-119],[-27,-59]],[[9949,29213],[25,-38]],[[10014,29185],[7,25]],[[10021,29217],[20,5]],[[10041,29222],[-2,-9]],[[10099,29084],[29,-8]],[[10125,29139],[63,-5]],[[10188,29134],[35,-16]],[[10223,29118],[11,-6]],[[10237,29109],[24,-11]],[[10261,29098],[9,0]],[[10270,29098],[19,16]],[[10305,29098],[54,-27]],[[10369,29054],[18,-12]],[[10391,29043],[59,83]],[[10450,29126],[7,34]],[[10457,29160],[-3,34]],[[55080,40851],[-13,-85],[-94,-73],[-19,-110],[-49,-105],[2,-48],[-29,-112],[34,-45],[60,-10],[36,-35],[203,-83],[10,-159],[-17,-84],[-61,-69],[-23,-55],[8,-74],[-28,-76],[-74,-57],[-32,-54],[-33,-140],[16,-43],[-46,-94],[-42,-24],[-83,12],[0,-91],[-62,-127],[-74,-75],[-41,-15],[-75,-179],[-38,-52],[-25,-123],[-71,-30],[44,-33],[-72,-93],[-53,-7],[4,-101],[-31,-84],[-38,-31],[-23,-131],[-44,-26],[-6,-171],[-30,-99],[-106,-173],[3,-60],[-55,-19],[-16,-166],[-81,-22],[-55,111],[-94,15],[-69,73],[-101,0],[-32,35],[-120,11],[-62,-37],[-121,-11],[-30,75],[-65,80],[-47,-11],[-182,32],[-75,-6],[-14,-82],[-164,-27],[-32,-30],[-89,51],[-11,63],[-48,62],[-23,74],[-36,38],[-128,41],[-42,-17],[7,-80]],[[52283,37780],[-102,-4],[-30,-39],[-44,0],[23,85],[-77,30],[-20,-79],[-86,8],[-12,46],[-46,29],[-38,-53],[-56,22],[-48,63],[-53,-27],[-67,24],[-74,60],[40,69],[38,124],[-35,80],[3,58],[56,83],[17,54],[-45,8],[6,95],[-50,28]],[[52567,40523],[6,-66],[71,-8],[-14,-48],[123,-15],[24,-42],[69,-56],[164,283],[12,66],[39,-8],[59,58],[14,46],[72,42],[58,89],[10,42],[-103,67],[31,49],[84,14],[35,41],[53,-12],[62,24],[153,-26],[31,32],[66,9],[-4,43],[123,-79],[47,-57],[97,-20],[30,53],[81,6],[-3,-44],[67,-74],[107,14],[59,-19],[129,59],[127,69],[-7,50],[107,100],[36,-4],[100,68],[70,102],[50,-24],[-44,-92],[16,-22],[-58,-106],[16,-101],[-12,-59],[141,-95],[69,-27],[50,6]],[[50389,39917],[-164,44],[-18,64],[-59,-18],[-168,60],[-54,60],[-24,-16],[-109,54],[-15,47],[-139,50],[-72,-17],[-27,16],[-60,-30],[-138,25],[-135,-21],[-42,11],[-122,-31],[-44,25],[-40,-64],[-64,18],[-24,-43],[-107,-36],[-78,45],[-55,65],[-45,-52],[-94,-8],[-82,-25],[-102,69],[-99,2],[-145,36],[-71,46],[-37,-20],[-118,10],[-126,-13],[-116,8],[-318,-80],[-91,8],[-67,-19],[-82,15],[-60,47],[-95,-47],[-73,-16],[-78,71],[-63,-34],[-84,8],[-183,-10],[-111,-58],[-80,32],[-70,8],[-94,68],[-40,-10],[-82,23],[-167,29],[-49,23],[-115,4],[-130,84],[-107,42],[-63,39],[-55,-7],[-88,21],[-35,-39],[-60,-4],[-73,134],[-8,79],[69,198]],[[45044,40887],[28,1]],[[45072,40888],[24,26]],[[45083,40969],[4,32]],[[45087,41001],[-9,20]],[[45085,41030],[-10,6]],[[45091,41046],[84,30]],[[45336,41128],[22,4]],[[45355,41210],[-11,-5]],[[45305,41240],[-70,46],[-11,42]],[[45224,41328],[-19,26]],[[45176,41382],[-12,9]],[[45136,41472],[35,-10]],[[45247,41558],[-1,60]],[[45246,41618],[-14,11]],[[45233,41638],[10,11]],[[45243,41649],[36,2]],[[45349,41687],[-9,4]],[[45369,41703],[22,34]],[[45391,41737],[-7,13]],[[45375,41751],[2,37]],[[45377,41788],[26,12]],[[45403,41800],[51,10]],[[45454,41810],[14,25]],[[45477,41847],[19,8]],[[45508,41851],[5,15]],[[45513,41866],[24,10]],[[45545,41899],[9,6]],[[52283,37780],[10,-50],[-9,-104],[29,-11],[28,-70],[70,-34],[-7,-94],[8,-138],[22,-23],[-11,-84],[26,-137],[57,-65],[-34,-63],[10,-156],[-19,-28],[8,-77],[-42,-56],[-19,-212],[33,-51],[-101,-74],[29,-47],[-2,-167],[34,-70],[-44,-161],[41,-26],[-59,-48],[-14,-84],[-53,-93],[-64,-59],[-102,-5],[-97,111],[-153,-21],[-7,-102],[38,-44],[-11,-35],[42,-112],[-50,-43],[-35,-67],[-11,-102],[-36,-13],[28,-144],[-43,-76],[48,-154],[44,-35],[20,-81],[-63,-68],[32,-63],[8,-112],[23,-35],[62,-16],[32,-52],[13,-104],[10,-216],[14,-43],[-38,-25],[-90,-7],[33,-140],[-67,-7],[-28,48],[-84,19],[-67,-35],[21,-62],[-16,-59],[38,-80],[-103,8],[-31,-109],[20,-97],[-3,-60],[-44,-2],[-45,97],[-50,-20],[-55,-116],[-45,103],[-41,39],[-9,67],[-44,4],[-66,72],[-90,34],[-86,84],[-61,9],[-13,-119],[-27,13],[13,-140],[-20,-59],[-44,2],[-45,-57],[-53,-19],[-15,169],[-70,163],[90,32],[-21,78],[-14,163],[-24,70],[3,69],[-46,155],[-17,155],[-33,200],[-20,222],[-30,113],[-68,124],[-15,74],[-40,61],[0,100],[-57,39],[-25,50],[-90,59],[13,153],[25,105],[-17,56],[-42,58],[13,108],[-21,82],[-1,88],[99,10],[-73,173],[21,71],[-50,60],[3,63],[-42,46],[-30,169],[-29,55],[11,46],[-37,154],[-42,40],[31,110],[-55,76]],[[50061,37071],[-4,22]],[[50057,37093],[1,50]],[[50058,37143],[-10,94]],[[50048,37237],[15,28]],[[50063,37265],[24,-5]],[[50087,37260],[12,3]],[[50099,37263],[-7,15]],[[50092,37278],[1,1]],[[50093,37279],[-3,15]],[[50090,37294],[-11,12]],[[50079,37306],[-6,16]],[[50073,37322],[28,51]],[[50101,37373],[13,9]],[[50114,37382],[3,-2]],[[50117,37380],[11,-8]],[[50128,37372],[14,-6]],[[50142,37366],[25,3]],[[50167,37369],[-2,4]],[[50165,37373],[7,6]],[[50172,37379],[-3,18]],[[50169,37397],[-7,2]],[[50162,37399],[-1,6]],[[50161,37405],[6,4]],[[50167,37409],[-2,10]],[[50165,37419],[7,7]],[[50172,37426],[4,29]],[[50176,37455],[13,2]],[[50189,37457],[2,35]],[[50191,37492],[-20,10]],[[50171,37502],[-16,18]],[[50155,37520],[-2,50]],[[50153,37570],[2,8]],[[50155,37578],[-2,20]],[[50153,37598],[15,11]],[[50168,37609],[19,32],[-25,61]],[[50162,37702],[4,3]],[[50166,37705],[6,-1]],[[50172,37704],[-10,20]],[[50162,37724],[5,8]],[[50167,37732],[-4,13]],[[50163,37745],[-4,25]],[[50159,37770],[10,5]],[[50169,37775],[3,16]],[[50172,37791],[-10,18]],[[50162,37809],[27,75]],[[50189,37884],[5,9]],[[50194,37893],[-6,11]],[[50188,37904],[5,6]],[[50193,37910],[-7,25]],[[50186,37935],[-1,23]],[[50185,37958],[3,11]],[[50188,37969],[6,9]],[[50194,37978],[6,-1]],[[50200,37977],[2,2]],[[50202,37979],[-4,14]],[[50198,37993],[-5,27]],[[50193,38020],[-4,25]],[[50189,38045],[-6,25]],[[50183,38070],[5,11]],[[50188,38081],[-28,48]],[[50160,38129],[-13,3]],[[50147,38132],[-18,22]],[[50129,38154],[-7,6]],[[50122,38160],[4,9]],[[50126,38169],[-7,5]],[[50119,38174],[1,9]],[[50120,38183],[-4,6]],[[50116,38189],[1,16]],[[50117,38205],[3,8]],[[50156,38215],[225,1]],[[50406,38044],[2,-26]],[[50412,37994],[10,3]],[[50466,37961],[8,-3]],[[50474,37958],[13,15]],[[50508,37999],[-2,7]],[[50506,38006],[5,5]],[[50518,38018],[30,-1]],[[50553,38029],[9,-10]],[[50569,38018],[-8,15]],[[50561,38033],[10,9]],[[56234,43530],[-66,-81],[-50,-13],[-57,-52],[0,-84],[-83,-72],[13,-40],[-108,-138],[83,-94],[-8,-49],[64,-29],[-16,-72],[6,-136],[-21,-39],[1,-79],[44,-53],[-30,-24],[-23,-88],[23,-57],[-3,-78],[82,-5],[40,-31],[-41,-68],[-2,-40],[-98,-104],[-23,-42],[-102,-47],[-61,-59],[-26,-104],[70,-136],[7,-103],[-39,-47],[-51,-6],[-53,-75],[-101,-87],[-30,-108],[-69,-60],[36,-44],[-108,-9],[-33,-28],[-51,-120],[-83,-31],[-175,-34],[-12,-13]],[[38533,33766],[-21,-81],[5,-76],[77,1],[79,22],[33,-87],[87,-35],[126,-26],[101,-7],[79,-82],[46,-9],[35,-114],[-60,-106],[-15,-73],[67,-92],[98,-12]],[[39270,32989],[39,49]],[[39309,33038],[0,9]],[[39309,33047],[-14,13]],[[39295,33060],[-2,6]],[[39293,33066],[5,9]],[[39298,33075],[28,41]],[[39326,33116],[12,0]],[[39338,33116],[8,9]],[[39346,33125],[78,13]],[[39424,33138],[14,6]],[[39438,33144],[3,40]],[[39441,33184],[16,53]],[[39457,33237],[16,-15]],[[39473,33222],[58,-22]],[[39531,33200],[38,-7]],[[39569,33193],[6,2]],[[39575,33195],[22,1]],[[39597,33196],[-5,-31]],[[39592,33165],[6,-14]],[[39598,33151],[36,-35]],[[39634,33116],[-37,-49],[29,-63]],[[39626,33004],[-8,-22]],[[39618,32982],[22,-28]],[[39640,32954],[13,-23]],[[39653,32931],[13,-29]],[[39666,32902],[-12,-13]],[[39654,32889],[23,-18]],[[39677,32871],[0,-4]],[[39677,32867],[15,-10]],[[39692,32857],[30,10]],[[39722,32867],[3,-19]],[[39725,32848],[20,-3]],[[39745,32845],[25,-7]],[[39770,32838],[-2,-4]],[[39768,32834],[12,-6]],[[39780,32828],[7,-1]],[[39787,32827],[13,4]],[[39800,32831],[9,-18]],[[39809,32813],[8,11]],[[39817,32824],[30,-11]],[[39847,32813],[32,-24]],[[39879,32789],[27,6]],[[39906,32795],[19,-4]],[[39925,32791],[67,-7]],[[39992,32784],[30,-3]],[[40022,32781],[9,-8]],[[40031,32773],[-1,-41]],[[40030,32732],[17,-14]],[[40047,32718],[-14,-7]],[[40033,32711],[43,-13]],[[40076,32698],[1,-6]],[[40077,32692],[-6,-14]],[[40071,32678],[13,-41]],[[40084,32637],[-3,-6]],[[40081,32631],[1,-40]],[[40082,32591],[-16,-44]],[[40066,32547],[1,-28]],[[40067,32519],[43,-67]],[[40110,32452],[1,-11]],[[40111,32441],[-55,-26],[-150,-105],[-167,15],[-199,-20],[-194,-83],[-104,-97],[-23,-4],[-119,-91],[-215,-228],[-96,-174],[-2,-37],[-45,-61],[1,-118],[71,-180],[64,-85],[45,-133],[102,-200],[21,-79],[-24,-93],[-160,27],[-96,-45],[-35,-35],[-4,-80],[-103,-174],[117,3],[55,14],[107,96],[72,33],[71,-5],[119,-28],[-321,-214],[-183,-136],[-52,-66],[-55,-111],[0,-113],[33,5],[68,-37],[17,-64],[-43,-61],[-72,-52],[-38,-46],[-85,-61],[-120,-46],[-170,-82],[-99,-72],[13,-30],[-39,-115],[-127,-130],[-7,-89],[-51,-53],[-80,13],[-42,104],[-71,54],[-65,17],[-31,-19],[-15,-52],[31,-24],[82,13],[70,-100],[71,-57],[-138,-37],[-142,-76],[-200,-68],[-175,-39],[-5,-11],[-191,-37],[-224,-62],[-343,-122],[-390,-200],[-153,-68],[-170,-94],[-88,-57],[-324,-241],[-70,-62],[-93,-113],[-158,-97],[-205,-177],[-88,-91],[-139,-188],[-66,17],[3,56],[-48,-7],[-43,-47],[33,-50]],[[34367,26953],[-45,28]],[[34324,26985],[-9,24]],[[34322,27017],[10,57]],[[34322,27072],[-33,-1]],[[34289,27071],[-34,15]],[[34257,27039],[-10,-29]],[[34218,27007],[-37,0]],[[34111,26995],[20,-49]],[[34154,26940],[16,-34]],[[34170,26906],[19,1]],[[34189,26907],[23,21]],[[34212,26928],[39,-44]],[[34251,26884],[-18,-26]],[[34219,26866],[-28,-1]],[[34182,26852],[-10,7]],[[34168,26865],[-23,-13]],[[34145,26852],[-6,-6]],[[34139,26846],[-18,-30]],[[34094,26772],[-29,48]],[[34065,26820],[9,59]],[[34074,26879],[-16,-3]],[[34053,26882],[-17,-8]],[[34036,26874],[-25,-30]],[[33932,26825],[-25,-27]],[[33890,26789],[-24,-28]],[[33866,26761],[-5,-35]],[[33861,26726],[-8,-23]],[[33782,26738],[-32,24]],[[33745,26771],[-11,0]],[[33756,26734],[1,-14]],[[33759,26709],[17,-16]],[[34390,26939],[105,30],[-41,-70],[-64,40]],[[37592,29054],[46,-27],[-27,-41],[-70,24],[51,44]],[[38840,30613],[41,-10],[151,-1],[57,11],[34,-63],[-11,-59],[-137,2],[-88,-46],[-83,-85],[-53,37],[-12,-58],[-97,8],[54,71],[59,167],[41,32],[44,-6]],[[29337,21751],[-117,-12],[30,-40]],[[29252,21699],[56,17]],[[14970,11776],[24,-13]],[[14999,11749],[-21,-17]],[[14978,11732],[-21,6]],[[14957,11738],[-6,-15]],[[14951,11723],[-22,-2]],[[14894,11694],[-33,-22]],[[14849,11680],[-22,9]],[[14827,11689],[-22,-9]],[[14805,11680],[12,-32]],[[14781,11595],[7,-12]],[[14796,11572],[14,-8]],[[14810,11564],[-25,-44],[-66,-8],[-9,-49],[-68,46]],[[14642,11509],[-7,44]],[[14627,11575],[-5,102],[32,20]],[[14663,11695],[14,-12]],[[14694,11693],[22,-10]],[[14716,11683],[24,-4]],[[14753,11707],[54,38]],[[14809,11754],[20,16]],[[14838,11773],[44,-14]],[[14925,11752],[11,24]],[[14936,11776],[13,-1]],[[24059,9230],[29,-7]],[[24088,9223],[31,-9]],[[24119,9214],[15,21]],[[24134,9235],[12,4]],[[24146,9239],[15,-6]],[[24161,9233],[32,6]],[[24193,9239],[20,-17]],[[24213,9222],[2,-1]],[[24215,9221],[31,-2]],[[24246,9219],[6,-14],[-4,-339]],[[24248,8866],[-33,-5]],[[24215,8861],[-46,5]],[[24169,8866],[0,10]],[[24169,8876],[0,22]],[[24169,8898],[-11,6]],[[24158,8904],[-11,5]],[[24147,8909],[-20,13]],[[24127,8922],[-2,20]],[[24125,8942],[32,9]],[[24157,8951],[-38,19]],[[24119,8970],[-9,26]],[[24110,8996],[-20,5]],[[24090,9001],[-11,5]],[[24079,9006],[13,8]],[[24092,9014],[-7,17]],[[24085,9031],[-26,-14]],[[24059,9017],[-13,8]],[[24046,9025],[-13,19]],[[24033,9044],[-10,9]],[[24023,9053],[-31,6]],[[23992,9059],[-5,10]],[[23987,9069],[-4,2]],[[23983,9071],[-9,-4]],[[23974,9067],[2,10]],[[23976,9077],[-25,8]],[[23951,9085],[-1,2]],[[23950,9087],[5,9]],[[23955,9096],[-13,4]],[[23942,9100],[7,5]],[[23949,9105],[28,26]],[[23977,9131],[-12,7]],[[23965,9138],[-24,20]],[[23941,9158],[24,12]],[[23965,9170],[24,-2]],[[23989,9168],[28,-19]],[[24017,9149],[11,13]],[[24028,9162],[-12,14]],[[24016,9176],[3,16]],[[24019,9192],[-4,6]],[[24015,9198],[-2,7]],[[24013,9205],[-14,13]],[[23999,9218],[-3,22]],[[23996,9240],[27,0]],[[24023,9240],[36,-10]],[[23945,11407],[23,-4]],[[23968,11403],[17,5]],[[23985,11408],[8,18]],[[23993,11426],[49,-22]],[[24042,11404],[-15,-11]],[[24027,11393],[-38,-19]],[[23989,11374],[-19,14]],[[23970,11388],[-4,-3]],[[23966,11385],[37,-44]],[[24003,11341],[14,-87]],[[24017,11254],[15,17]],[[24032,11271],[35,42]],[[24067,11313],[10,15]],[[24077,11328],[7,12]],[[24084,11340],[7,-2]],[[24091,11338],[30,-7]],[[24121,11331],[4,31]],[[24125,11362],[12,15]],[[24137,11377],[14,-1]],[[24151,11376],[43,-50]],[[24194,11326],[25,0]],[[24219,11326],[-29,-128],[-48,-160]],[[24142,11038],[-30,65],[-65,43],[-51,-24],[-76,15],[65,82],[-85,78],[36,55],[-14,50],[-109,1],[10,39]],[[23823,11442],[11,11]],[[23834,11453],[15,-4]],[[23849,11449],[20,23]],[[23869,11472],[76,-65]],[[17963,52435],[-73,6]],[[17890,52441],[22,24]],[[17912,52465],[-3,9]],[[17909,52474],[-13,9]],[[17896,52483],[-31,-26]],[[17865,52457],[-17,20]],[[17855,52479],[-18,24]],[[17837,52503],[-35,4]],[[17792,52502],[-12,-8]],[[17776,52492],[-6,-15]],[[17757,52462],[-22,-16]],[[17735,52446],[-58,-19]],[[17682,52421],[35,-48]],[[17717,52373],[11,-45]],[[17728,52325],[25,-13]],[[17748,52304],[17,-15]],[[17777,52272],[116,-44]],[[17893,52228],[24,24]],[[17926,52263],[20,2]],[[13163,50643],[-240,9],[-237,19],[-79,-2],[-379,30],[-371,2],[-20,58],[35,125],[42,32],[92,129],[8,148]],[[12014,51193],[-18,145],[-49,91],[-77,100],[-45,26],[-5,49],[63,73],[51,9],[9,82],[63,-2],[54,103],[107,72],[32,-34],[46,16],[-20,56],[48,39],[2,55],[66,67],[56,8],[96,86],[73,104],[46,8],[41,44],[-18,64],[88,106],[18,58],[116,12],[-13,70],[111,58],[3,31],[104,87],[54,3],[87,66],[-14,26],[45,116],[38,11],[59,-52],[116,24],[57,38],[23,51],[-32,73],[-109,15],[-71,-18],[-9,-75],[-86,-10],[-4,62],[-80,41],[-10,97],[43,147],[-23,54],[40,58],[45,-1],[89,216],[64,58],[34,83],[-143,126],[54,18],[4,88],[-47,121],[-127,217],[2,49],[70,27],[-16,41],[33,85],[-8,30],[199,177],[107,33],[12,72],[56,-45],[136,53],[34,70],[103,82],[122,75],[71,-23],[79,-58],[109,28],[38,37],[106,54],[135,1],[17,68],[39,10],[57,-70],[68,56],[23,64],[55,27],[28,102],[85,81],[6,67],[-56,43],[-7,74],[-29,32]],[[18894,45976],[59,-40],[-6,-69],[19,-43],[-17,-51],[65,-12],[18,-120],[-65,-90],[30,-32],[31,-158],[74,-13],[36,-80],[75,-44],[-30,-80],[35,-57],[72,-33],[64,-6],[95,-85],[66,-34],[87,25],[-16,-110],[73,-107],[-4,-53],[64,-31],[-38,-55],[-83,-1],[-46,-76],[10,-24],[-110,-30],[-54,-60],[98,-22],[-14,-63],[83,-44],[121,-13],[29,57],[68,-106],[-24,-47],[-104,-25],[-130,-80],[-202,-59],[-66,-63],[-59,-17],[-10,-53],[45,-52],[-22,-73],[74,-35],[35,40],[35,131],[48,-57],[91,6],[91,22],[102,47],[30,39],[91,16],[-10,47],[27,44],[86,33],[49,-35],[34,14],[138,-50],[39,-35],[40,54],[67,-32],[44,28],[106,-9],[59,15],[93,-29],[53,56],[5,59],[51,5],[194,-51],[59,-4],[-27,-68],[-90,-51],[10,-90]],[[6466,38990],[-76,28]],[[6349,39032],[-71,28]],[[6278,39060],[-74,20]],[[6070,39150],[-71,68],[-79,190],[-65,118],[-121,178],[-42,132],[-65,326],[-176,174],[-105,112],[-31,100],[-145,149],[28,282],[-24,12],[10,299],[-31,80],[-40,20],[-94,-7],[-143,-59],[-89,-1],[-188,-26],[-51,10],[-187,67],[-27,21],[-57,126],[-86,85],[-53,31],[-26,54],[-122,175],[-32,89],[-1,69],[-22,134],[29,86],[106,150],[30,62],[27,110],[-12,136],[24,93],[-5,182],[17,117],[-34,140],[-36,38],[-91,47],[-84,21],[-86,-1],[-222,-36],[-130,1],[-84,20],[-90,47],[-104,88],[-415,179],[-30,28],[-50,126],[36,205],[25,255],[108,265],[45,87],[165,160],[305,236],[102,95],[95,124],[60,93],[166,117],[17,30],[173,431],[102,146],[106,113],[198,132],[131,136],[235,56],[107,-3],[67,-28],[204,-195],[23,-35],[14,-165],[123,-211],[41,-55],[128,-28],[182,-8],[265,124],[363,146],[134,39],[284,52],[252,-1],[115,11],[150,-3],[497,193],[31,198],[38,161],[135,186],[271,211],[121,119],[51,91],[194,579],[50,74],[122,142],[37,31],[91,33],[153,78],[272,163],[188,98],[389,156],[32,22],[117,257],[163,188],[122,209],[112,217],[167,280],[143,463],[94,343],[57,51],[412,160],[297,74],[84,29],[90,85],[268,189]],[[42750,44539],[-70,-10],[-13,47],[-57,33],[-51,-40],[-84,56],[-58,15],[-147,-43],[2,-54],[-54,-54],[-60,-25],[-25,-53],[-47,-18]],[[42086,44393],[-44,20]],[[42042,44413],[-84,19]],[[41958,44432],[-38,4]],[[41920,44436],[-15,12]],[[41905,44448],[-51,22]],[[41854,44470],[-33,26]],[[41821,44496],[-10,-1]],[[41811,44495],[-45,6]],[[41766,44501],[-95,-24],[-39,33],[-72,-1],[-43,-44],[-45,5],[-106,54],[-5,51],[-52,107],[-86,11]],[[41223,44693],[34,67],[2,80],[73,108],[-52,77],[18,91],[59,42],[-72,102],[36,73],[-1,61],[66,125],[44,29],[13,76],[51,44],[28,164],[42,14],[7,60],[32,35],[-25,44],[34,59],[-110,85],[-44,11],[-34,67],[53,112],[72,-41],[44,3],[18,45],[61,-2],[23,-37],[76,42],[50,4],[69,40],[106,-22],[78,66],[73,25],[42,55],[40,9],[67,-27],[87,107],[86,39],[44,2],[61,-66],[39,10],[136,-12],[101,-93],[61,-34],[25,-53],[-10,-129],[47,-14],[44,-66],[2,-123],[-52,-45],[-7,-87],[20,-86],[-35,-85],[3,-68],[-77,-59],[-9,-85],[-80,-83],[45,-80],[-11,-159],[24,-19],[30,-91],[60,-58],[38,18],[47,-49],[23,-61],[67,-22],[-48,-112],[-56,-36],[-77,10],[-71,-34],[-1,-59],[-33,-85],[-55,-21],[-14,-52]],[[24714,14791],[8,5]],[[24741,14788],[15,-34]],[[24765,14743],[43,-6]],[[24833,14723],[5,-8]],[[24858,14699],[12,-11]],[[24873,14686],[9,0]],[[24882,14686],[14,-3]],[[25207,14575],[35,-61],[33,-158],[2,-72],[-19,-92],[-56,-195],[-22,-45],[9,-107],[-46,-81],[-6,-69],[-42,-198],[-19,-162],[-6,-118],[15,-59],[-115,-358],[-69,-197],[-17,-118],[-86,-143],[-95,-116],[-54,25],[-17,-57],[28,-29],[-75,-133],[-59,-29],[9,-57],[-218,-348],[-78,-185],[-20,-87]],[[24219,11326],[-25,0]],[[24151,11376],[-14,1]],[[24125,11362],[-4,-31]],[[24121,11331],[-30,7]],[[24084,11340],[-7,-12]],[[24077,11328],[-10,-15]],[[24032,11271],[-15,-17]],[[24003,11341],[-37,44]],[[23970,11388],[19,-14]],[[24027,11393],[15,11]],[[23993,11426],[-8,-18]],[[23968,11403],[-23,4]],[[23869,11472],[-20,-23]],[[23834,11453],[-11,-11]],[[24142,11038],[-13,-89],[-36,-127],[-33,-194],[-5,-150],[30,-96],[71,-139],[46,-196],[20,-14],[1,-143],[21,-108],[20,-204],[-8,-354],[-10,-5]],[[24246,9219],[-31,2]],[[24213,9222],[-20,17]],[[24161,9233],[-15,6]],[[24146,9239],[-12,-4]],[[24134,9235],[-15,-21]],[[24119,9214],[-31,9]],[[24059,9230],[-36,10]],[[23996,9240],[3,-22]],[[23999,9218],[14,-13]],[[24015,9198],[4,-6]],[[24016,9176],[12,-14]],[[24017,9149],[-28,19]],[[23965,9170],[-24,-12]],[[23965,9138],[12,-7]],[[23977,9131],[-28,-26]],[[23949,9105],[-7,-5]],[[23955,9096],[-5,-9]],[[23951,9085],[25,-8]],[[23974,9067],[9,4]],[[23987,9069],[5,-10]],[[23992,9059],[31,-6]],[[24033,9044],[13,-19]],[[24059,9017],[26,14]],[[24092,9014],[-13,-8]],[[24079,9006],[11,-5]],[[24090,9001],[20,-5]],[[24119,8970],[38,-19]],[[24125,8942],[2,-20]],[[24127,8922],[20,-13]],[[24158,8904],[11,-6]],[[24169,8876],[0,-10]],[[24215,8861],[33,5]],[[24248,8866],[-1,-116],[11,-379],[20,-374],[38,-240],[-36,-43],[-65,-24],[-190,-1],[41,57],[-160,53],[-83,-11],[-41,55],[-29,-61],[-64,-32],[214,-29],[86,-34],[-446,76],[-240,20],[-54,-49],[-93,-30],[-67,-48],[-55,-66],[29,-35],[-84,-72],[-30,-180],[54,-69],[20,-57],[-41,-34],[-104,-125],[-78,-77],[-56,-84],[-8,-64],[-68,-81],[-70,-120],[-38,-19],[-124,-167],[-50,-136],[-45,-40],[-33,-154],[-7,-93],[-29,-56],[72,-124],[112,-126],[158,-118],[84,-23],[81,5],[51,-26],[-157,-43],[-239,30],[-115,-20],[-35,-32],[-97,8],[-215,-82],[-44,-9],[-35,-47],[-107,15],[-38,-25],[6,-59],[-78,-14],[-80,-45],[-49,13],[-197,-24],[-95,-32],[-211,-175],[-151,-103],[-55,-52],[-56,-92],[-33,-82],[-12,-235],[75,-17],[2,-27],[-77,-35],[-17,-56],[-39,-50],[-15,-68],[-56,-43],[0,-57],[62,-17],[16,-34],[-35,-157],[17,-42],[-132,-163],[-25,-89],[-66,-50],[-89,-42],[-55,-57],[-110,-61],[-28,-29],[-154,-58],[-63,-57],[2,-29],[-86,-68],[-55,-21],[-215,-35],[-77,-31],[-34,-35],[1,-64],[-49,-27],[-262,56],[-124,42],[-93,12],[-19,46],[-102,51],[-66,64],[-66,39],[-48,57],[-146,112]],[[24701,14814],[13,-23]],[[23127,5622],[48,-37],[-40,-58],[24,-55],[106,-97],[-211,86],[-116,27],[-2,54],[98,3],[45,58],[48,19]],[[23578,5755],[-1,1]],[[23577,5756],[1,-1]],[[50117,38205],[-1,-16]],[[50120,38183],[-1,-9]],[[50126,38169],[-4,-9]],[[50122,38160],[7,-6]],[[50147,38132],[13,-3]],[[50188,38081],[-5,-11]],[[50183,38070],[6,-25]],[[50189,38045],[4,-25]],[[50198,37993],[4,-14]],[[50200,37977],[-6,1]],[[50194,37978],[-6,-9]],[[50188,37969],[-3,-11]],[[50186,37935],[7,-25]],[[50193,37910],[-5,-6]],[[50194,37893],[-5,-9]],[[50162,37809],[10,-18]],[[50172,37791],[-3,-16]],[[50169,37775],[-10,-5]],[[50159,37770],[4,-25]],[[50167,37732],[-5,-8]],[[50162,37724],[10,-20]],[[50166,37705],[-4,-3]],[[50168,37609],[-15,-11]],[[50155,37578],[-2,-8]],[[50155,37520],[16,-18]],[[50191,37492],[-2,-35]],[[50176,37455],[-4,-29]],[[50165,37419],[2,-10]],[[50161,37405],[1,-6]],[[50162,37399],[7,-2]],[[50169,37397],[3,-18]],[[50172,37379],[-7,-6]],[[50167,37369],[-25,-3]],[[50128,37372],[-11,8]],[[50114,37382],[-13,-9]],[[50073,37322],[6,-16]],[[50090,37294],[3,-15]],[[50092,37278],[7,-15]],[[50087,37260],[-24,5]],[[50063,37265],[-15,-28]],[[50058,37143],[-1,-50]],[[50061,37071],[-43,-10],[-2,-71],[-38,-71],[-32,11],[10,68],[-79,57],[-61,24],[-132,-172],[-34,-20],[-73,37],[-70,59],[-38,90],[-45,-4],[-10,-63],[-31,-38],[45,-225],[-5,-136],[30,-45],[-72,-76],[1,-51],[-79,8],[-111,-84],[-13,-49],[-75,-91],[-77,-164],[59,-146],[32,-127],[41,-102],[-23,-35],[-94,-24],[-46,-108],[-58,-40],[-62,12],[-26,-32],[-60,-3],[-68,-77],[-128,55],[-33,50],[15,75],[-80,157],[11,31],[-47,68],[17,78],[-35,34],[-66,117],[-75,3],[-54,-74],[-9,-154],[39,-100],[25,-104],[-41,-17],[-52,27],[-51,82],[-28,108],[-19,15],[1,127],[-11,83],[-59,146],[25,75],[-36,24],[-18,97],[-49,83],[-12,90],[-53,22],[-50,53],[-22,111],[-51,44],[-14,72],[28,64],[65,-13],[-13,90],[-89,-3],[-5,70],[35,63],[80,-1],[48,39],[7,92],[42,61],[-53,131],[25,53],[67,5],[-22,49],[33,69],[51,40],[113,-26],[63,93],[12,48],[-41,66],[-3,57],[72,8],[111,-30],[56,1],[114,-48],[106,9],[78,49],[22,146],[33,40],[103,-78],[109,-19],[-39,227],[204,-108],[63,-51],[34,-81],[45,11],[4,64],[62,210],[-44,149],[76,44],[36,-54],[50,17],[-42,90],[66,3],[180,-14],[47,18],[41,89],[70,14],[-31,65],[8,113],[25,47],[70,-59],[49,-6]],[[24062,48342],[60,-27]],[[24122,48315],[8,-16]],[[24130,48299],[23,-2]],[[24153,48297],[6,-14]],[[24159,48283],[1,-8]],[[24160,48275],[-19,-10]],[[24141,48265],[-12,-25]],[[24129,48240],[10,-15]],[[24139,48225],[5,-14]],[[24144,48211],[-7,-19]],[[24137,48192],[-7,-14]],[[24130,48178],[-11,11]],[[24119,48189],[-13,-31]],[[24106,48158],[41,0]],[[24147,48158],[5,7]],[[24152,48165],[13,6]],[[24165,48171],[9,2]],[[24174,48173],[-2,15]],[[24172,48188],[20,56],[65,-13]],[[24257,48231],[41,-19]],[[24298,48212],[0,-19]],[[24298,48193],[-44,-1]],[[24254,48192],[-17,1]],[[24237,48193],[1,-36]],[[24238,48157],[43,-19]],[[24281,48138],[27,1]],[[24308,48139],[30,10]],[[24338,48149],[12,-4]],[[24350,48145],[-24,-30]],[[24326,48115],[7,-10]],[[24333,48105],[14,-16]],[[24347,48089],[23,-23]],[[24370,48066],[17,-24]],[[24387,48042],[8,-43],[64,-33],[73,-1],[53,44],[56,100],[-31,37],[68,77],[29,-12]],[[24707,48211],[99,-2],[110,-102],[93,-59],[72,6],[12,-62],[44,-43],[82,-21],[19,-74],[95,-81],[89,22],[97,-40],[22,-66],[72,-50],[32,20],[-38,193],[76,55],[105,-24],[-22,-40],[66,-48],[82,-12],[34,18],[20,-82],[78,-80],[49,14],[62,-19],[34,-79],[65,-19],[82,-52],[43,28],[68,-26],[-6,-70],[81,-24],[72,-45],[43,43],[96,-96],[70,-55],[272,-53],[50,-78],[-4,-78],[99,-118],[84,-82],[-6,-140],[111,20],[8,75],[74,-5],[76,-31],[6,-43],[71,-49],[-12,-78],[143,-73],[200,-121],[122,-16],[214,-181],[59,-13],[143,-96],[137,164],[214,-13],[109,-126],[64,3],[113,-51],[197,-153],[133,-67],[72,-87],[98,-52],[50,-5],[90,30],[52,-10],[132,44],[29,-8],[99,30],[80,1],[28,-63],[-9,-54],[49,-48],[-9,-48],[46,-66],[-37,-91],[25,-53],[-30,-42],[138,-15],[70,11],[196,-1],[51,-72],[166,-42],[272,19],[49,-7],[46,-66],[128,-89],[-13,-39],[60,-69],[120,13],[75,79],[36,64],[-45,81],[37,33],[-27,48],[470,-22],[450,-218],[52,-41]],[[32656,44820],[12,-54]],[[32680,44757],[84,-21]],[[32792,44713],[4,-15]],[[32824,44659],[17,-47]],[[32839,44605],[-33,-28]],[[32770,44523],[6,-20]],[[32770,44491],[-19,-14]],[[32748,44438],[1,-27]],[[32749,44411],[15,-8]],[[32764,44403],[62,14]],[[32883,44442],[19,-8]],[[32912,44419],[-5,-21]],[[32853,44365],[70,-52]],[[32923,44313],[23,4]],[[32961,44222],[14,-27]],[[32948,44180],[15,-8]],[[32958,44145],[11,-13]],[[32953,44123],[-8,-20]],[[32938,44104],[-14,-14]],[[32924,44090],[10,-7]],[[32966,44063],[9,-35]],[[32975,44028],[-15,-11]],[[32966,44007],[12,-7]],[[32974,43996],[21,-20]],[[32995,43976],[36,-26]],[[33031,43950],[24,8]],[[33065,43948],[15,22]],[[33143,43964],[22,-3]],[[33165,43961],[-3,-21]],[[33185,43864],[38,-10]],[[33223,43854],[14,25]],[[33237,43879],[2,16]],[[33307,43933],[27,-2]],[[33362,43919],[21,-13]],[[33393,43861],[-16,-35]],[[33389,43824],[8,-27]],[[33397,43797],[-8,-35]],[[33374,43725],[-35,-40]],[[33376,43627],[25,8]],[[33427,43652],[24,20]],[[33451,43672],[41,4]],[[33508,43642],[26,-47]],[[33544,43535],[29,-16]],[[33600,43519],[35,-5]],[[19022,47510],[-2,15]],[[19020,47525],[-13,19]],[[19007,47544],[-32,37]],[[18950,47601],[-19,64]],[[18933,47671],[32,36]],[[18965,47707],[37,13]],[[19002,47720],[19,37],[-54,50],[13,59]],[[18989,47953],[-9,12]],[[18980,47965],[-45,-9]],[[18929,47949],[-19,20]],[[18910,47969],[-26,42]],[[18874,48013],[-21,2]],[[18847,48043],[-16,10]],[[18831,48053],[-35,33]],[[18779,48098],[8,21]],[[18787,48119],[-24,-3]],[[18754,48118],[-24,18]],[[18724,48151],[40,25],[8,47],[-50,66]],[[18722,48289],[-13,3]],[[19491,51650],[151,12],[79,-55],[77,-100],[84,-31],[127,-74],[217,-76],[26,-35],[-52,-54],[-17,-63],[-158,-203],[-70,14],[-59,-117],[33,-31],[-69,-83],[-1,-77],[-47,-52],[32,-47],[-62,-100],[56,-32],[25,-95],[47,-53],[-15,-152],[83,-39],[-10,-35],[87,-22],[82,66],[54,-9],[85,36],[10,-59],[65,-99],[0,-61],[-60,-52],[76,-13],[-12,-66],[112,-5],[23,90],[72,14],[25,55],[91,74],[10,38],[56,8],[57,67],[79,-13],[149,116],[60,85],[113,-49],[211,-71],[41,-110],[8,-88],[40,-59],[96,-94],[131,-72],[111,-85],[70,0],[81,-55],[208,-52],[72,-8],[-8,-71],[-83,-83],[-88,-34],[-62,-59],[-56,15],[-66,-44],[4,-37],[64,-57],[115,-75],[36,18],[68,-24],[73,-103],[12,-86],[82,-29],[47,34],[70,-107],[26,72],[124,6],[58,-45],[87,-26],[-16,-82],[19,-48],[45,-19],[-23,-52],[29,-26],[74,29],[70,-48],[86,-92],[147,-28],[107,-43],[-12,-102],[33,-65],[199,16],[54,59],[44,-25],[-7,-72],[86,45],[56,3],[98,-42],[90,67],[109,23]],[[24387,48042],[-17,24]],[[24347,48089],[-14,16]],[[24326,48115],[24,30]],[[24338,48149],[-30,-10]],[[24308,48139],[-27,-1]],[[24281,48138],[-43,19]],[[24238,48157],[-1,36]],[[24254,48192],[44,1]],[[24298,48212],[-41,19]],[[24172,48188],[2,-15]],[[24174,48173],[-9,-2]],[[24152,48165],[-5,-7]],[[24106,48158],[13,31]],[[24119,48189],[11,-11]],[[24130,48178],[7,14]],[[24137,48192],[7,19]],[[24139,48225],[-10,15]],[[24141,48265],[19,10]],[[24159,48283],[-6,14]],[[24130,48299],[-8,16]],[[24122,48315],[-60,27]],[[22284,53517],[21,16],[28,156],[105,41],[54,96],[57,59],[6,65],[41,32],[40,-31],[110,-42],[72,-87],[29,-58],[92,-77],[-2,-37],[57,-52],[-30,-93],[60,-19],[54,-108],[-14,-32],[37,-69],[53,-43],[118,-25],[19,-78],[31,-12],[15,-86],[174,8],[85,-109],[-14,-38],[112,-66],[143,92],[89,-9],[102,53],[31,-28],[102,-35],[94,4],[52,-118],[37,-7],[36,-65],[56,0],[110,-54],[63,-51],[40,0],[52,-54],[10,-43],[60,-44],[117,71],[53,-55],[12,-50],[67,3],[30,-54],[-36,-95],[-82,-59],[59,-54],[4,-138],[61,-36],[79,19],[187,-104],[68,10],[47,-56],[129,-33],[39,-44],[55,-20],[52,13],[22,47],[57,-14],[115,-81],[24,1],[147,-95],[58,-59],[28,-59],[80,-61],[220,-70],[196,-55],[-69,-54],[-101,-5],[-36,-28],[-99,-118],[33,-80],[-70,-36],[1,-30],[-81,-27],[-142,-197],[-39,2],[-90,-93],[-83,12],[-68,-10],[-61,-77],[-3,-64],[-40,-90],[-96,-66],[-31,-60],[-59,15],[-117,-23],[-46,-90],[-45,-23],[42,-142],[67,-52],[10,-46],[-28,-77],[-60,-73],[-62,-13],[17,-48],[-35,-52],[-92,-47],[13,-77],[-117,-14],[-9,-76],[69,-43],[-8,-62],[54,-87],[40,-18],[-25,-66],[-22,-192],[-39,21],[-35,-43],[30,-93],[-82,-58],[-101,42],[-84,-75],[-33,-92],[-3,-120],[-19,-53],[-45,-14],[-78,-129],[13,-173],[12,-16]],[[41766,44501],[45,-6]],[[41821,44496],[33,-26]],[[41905,44448],[15,-12]],[[41958,44432],[84,-19]],[[42042,44413],[44,-20]],[[42750,44539],[101,-25],[54,-42],[91,-20],[18,-153],[-17,-60],[5,-118],[34,10],[46,72],[73,-37],[19,-51],[-29,-34],[90,-39],[89,38],[45,-78],[76,-11],[38,-82],[-4,-51],[56,-60],[91,28],[35,-29],[95,27],[35,-10],[141,81],[17,-29],[65,51],[52,-4],[10,-43],[122,-16],[23,-62],[77,-7],[67,35],[80,-38],[180,-65],[-24,-54],[-57,-47],[92,-16],[22,46],[71,-5],[48,-32],[59,-4],[46,-47],[63,35],[103,-25]],[[44829,42735],[16,-65]],[[44840,42661],[-22,5]],[[44765,42678],[4,25]],[[44754,42691],[12,-31]],[[44792,42613],[-3,-13]],[[44758,42597],[-14,12]],[[44723,42601],[22,-6]],[[44756,42589],[-2,-20]],[[44782,42551],[-22,-14]],[[44746,42528],[-13,-23]],[[44733,42505],[-12,4]],[[44717,42503],[37,-3]],[[44772,42506],[3,-25]],[[44751,42481],[4,-32]],[[44755,42449],[-11,-6]],[[44711,42444],[16,-26]],[[44735,42409],[22,9]],[[44793,42413],[-3,-4]],[[44761,42394],[-48,20],[-73,92],[-48,22],[8,-106],[-35,-2],[-54,-85],[69,-52],[38,-102],[-135,-81],[-8,-116],[-49,-30],[-27,64],[-76,14],[-85,-5],[-71,38],[-41,52],[-34,-42],[-71,-27],[-72,64],[-139,59],[-15,83],[-50,45],[-67,-2],[-79,45],[-40,82],[13,121],[-39,40],[-36,78],[62,23],[-76,72],[-9,113],[-56,34],[-56,-5],[-35,40],[-59,8],[-22,66],[-53,23],[-27,-69],[-55,-54],[-15,-65],[184,-91],[-7,-68],[53,-25],[79,6],[4,-75],[-23,-30],[-119,8],[-79,-8],[-57,95],[-112,4],[-58,-118],[-70,51],[5,90],[-37,24],[-88,-24],[0,72],[-26,43],[-109,-20],[-24,85],[-74,96],[-109,49],[-83,16],[-16,58],[-47,-4],[-4,53],[-69,24],[-12,53],[-112,22],[-30,174],[-35,-9],[-48,-73],[-52,-178],[-38,-73],[58,-52],[26,71],[81,-33],[146,-25],[29,-57],[-8,-39],[65,-96],[-35,-30],[-134,-6],[-13,-42],[-48,-1],[-25,-43],[-77,-39],[-29,-38],[2,-134],[-67,-41],[-145,-27],[-36,-40],[-110,-55],[-10,-80],[-30,-36],[56,-65],[-118,-164],[-41,-119],[-52,-45],[42,-71],[15,-70],[-18,-52],[109,-105],[59,50],[34,-23],[140,43],[4,-62],[37,-14],[104,-85],[81,-50],[-8,-36],[67,-56],[103,-19],[-17,-104],[50,-70],[164,-142],[152,-45],[84,-54],[73,-1],[21,57],[64,11],[54,-22],[65,66],[34,-75],[36,-4],[21,-70],[-32,-118],[38,-16],[-2,-64],[58,-32],[29,-52],[40,26],[29,-60],[78,-2],[68,-26],[-65,-76],[2,-90],[-44,-43],[-30,-72],[-53,38],[-45,-5],[-59,61],[-91,-83],[-118,29],[-79,53],[-81,-20],[-117,11],[-79,-59],[-47,38],[-157,38],[-71,-40],[40,-96],[-42,-54],[21,-103],[-33,-71],[33,-13],[-31,-69],[-28,-5],[-56,-82],[8,-51],[-84,8],[-73,-76],[37,-71],[-59,-3],[-101,27],[-6,55],[-69,86],[-105,-9],[-82,-79],[34,-42],[22,-76],[-115,-111],[-13,-72],[-34,6],[-46,-71],[-16,-76],[-98,-96],[70,-74],[126,-201],[85,-86],[58,-34],[62,-71],[123,-28],[131,-127],[43,-23],[90,-9],[96,19],[144,-79],[49,-6],[52,-99],[26,66],[125,-44],[94,19],[102,-40],[30,-64],[-11,-154],[-67,-68],[22,-103],[32,-50],[-7,-66],[30,-22],[9,-155],[-14,-57],[16,-54],[-18,-43],[-138,-66],[-70,-50],[-22,27],[-97,-30],[54,-94],[-44,-61],[-13,-115],[-21,-47],[20,-97],[-26,-53],[66,-43],[-12,-57],[117,18],[37,-128],[47,-24],[23,-47],[48,-22],[51,-58],[76,37],[43,-37],[-21,-87],[-53,3],[-23,-120],[19,-43],[-54,-41],[21,-67],[-104,-55],[56,-51],[-7,-37],[56,-33],[47,2],[32,-46],[60,-2],[35,62],[45,-44],[127,12],[79,-60],[58,42],[6,-69],[-43,-1],[-50,-45],[-13,-67],[-71,-71],[-57,-22],[-7,-59],[25,-87],[-20,-132],[59,-43],[25,-156],[76,0],[45,-77],[-19,-105],[-78,-63],[0,-69],[80,-93],[-25,-69],[-36,-41],[16,-153],[-86,-16],[-57,-39],[-20,-102],[-16,-144],[-78,51],[-6,56],[-44,-1],[26,-83],[35,-29],[60,1],[16,-50],[-14,-94],[-33,-12],[-21,3],[-15,-6],[-28,-63],[5,-99],[-25,-16],[0,-15],[-4,-21],[-11,-3],[-29,-16],[-58,-48],[-21,-73],[-72,31],[-55,-11],[-71,-108],[-40,-110],[34,-137],[-44,-50],[-33,-112],[34,-67],[-26,-67],[-50,-38],[-16,34],[-19,-13],[-34,15],[6,-52],[-42,-63],[-61,45],[22,69],[-54,10],[-20,-32],[-32,5],[8,44],[-42,-14],[-20,-19],[-16,11],[-17,-14],[-40,-34],[-23,-101],[13,-79],[-59,-11],[-18,125],[-61,14],[-20,-5],[-10,-9],[-11,-54],[-78,-29],[-18,-18],[-3,-19],[50,-100],[-136,21],[-34,120],[-77,129],[26,90],[-47,87],[87,96],[38,68],[22,120],[-29,131],[-46,81],[-149,49],[-91,2],[66,205],[-54,-43],[-7,-69],[-54,-71],[-48,5],[-87,53],[-50,73],[-4,150],[-52,-76],[8,-103],[72,-66],[39,-59],[66,-21],[26,21],[64,-43],[84,4],[62,-15],[120,-162],[-55,-81],[-174,-114],[-64,-17],[-150,-340],[-85,-83],[-25,-44],[-68,-33],[-133,-110],[-44,-62],[-41,-24],[-76,6],[-28,-42],[-129,-53],[-244,-46],[-163,-53]],[[40111,32441],[-1,11]],[[40067,32519],[-1,28]],[[40082,32591],[-1,40]],[[40084,32637],[-13,41]],[[40077,32692],[-1,6]],[[40033,32711],[14,7]],[[40047,32718],[-17,14]],[[40030,32732],[1,41]],[[40022,32781],[-30,3]],[[39925,32791],[-19,4]],[[39879,32789],[-32,24]],[[39817,32824],[-8,-11]],[[39809,32813],[-9,18]],[[39800,32831],[-13,-4]],[[39780,32828],[-12,6]],[[39770,32838],[-25,7]],[[39745,32845],[-20,3]],[[39722,32867],[-30,-10]],[[39677,32867],[0,4]],[[39654,32889],[12,13]],[[39666,32902],[-13,29]],[[39640,32954],[-22,28]],[[39618,32982],[8,22]],[[39634,33116],[-36,35]],[[39592,33165],[5,31]],[[39575,33195],[-6,-2]],[[39569,33193],[-38,7]],[[39473,33222],[-16,15]],[[39441,33184],[-3,-40]],[[39438,33144],[-14,-6]],[[39346,33125],[-8,-9]],[[39326,33116],[-28,-41]],[[39298,33075],[-5,-9]],[[39295,33060],[14,-13]],[[39309,33038],[-39,-49]],[[41325,40898],[4,19]],[[41333,40943],[-7,7]],[[41320,40953],[-16,51]],[[41283,41014],[-14,-2]],[[41244,41055],[5,14]],[[41261,41071],[-21,19]],[[41253,41130],[15,17]],[[41268,41147],[-6,4]],[[41249,41158],[25,12]],[[41269,41176],[-4,16]],[[41278,41228],[-16,10]],[[41280,41251],[6,0]],[[41289,41253],[-10,19]],[[41290,41335],[-1,20]],[[40786,41878],[42,4]],[[40828,41882],[3,20]],[[40822,41914],[6,16]],[[40828,41930],[8,19]],[[40826,41995],[2,19]],[[40828,42014],[13,19]],[[40841,42033],[18,69]],[[40930,42176],[25,12]],[[40955,42188],[9,19]],[[40971,42206],[45,17]],[[41025,42199],[20,-17]],[[41104,42215],[17,-6]],[[41130,42216],[-6,15]],[[41093,42256],[31,14]],[[41124,42270],[-4,35]],[[41121,42319],[2,16]],[[41123,42335],[-12,21]],[[41151,42379],[28,-38]],[[41202,42344],[17,-1]],[[41219,42343],[-7,26]],[[41212,42369],[46,34]],[[41258,42403],[8,16]],[[41310,42411],[23,4]],[[41339,42436],[30,20]],[[41369,42456],[5,19]],[[41382,42482],[19,13]],[[41407,42504],[22,14]],[[41437,42529],[13,-2]],[[41473,42563],[45,29]],[[41527,42594],[28,9]],[[41612,42642],[21,4]],[[41647,42661],[12,18]],[[41739,42766],[9,-8]],[[41754,42753],[14,34]],[[41789,42798],[1,13]],[[41774,42818],[-25,41]],[[41718,42849],[-21,3]],[[41669,42872],[-2,19]],[[41712,42978],[-18,34]],[[41408,43201],[1,1]],[[41407,43209],[75,147],[6,41],[44,44],[9,116],[31,45],[12,114],[-42,143],[8,70],[-73,64],[20,48],[-54,65],[-4,81],[-62,45],[-11,46],[-95,16],[-53,133],[-42,18],[-1,55],[33,27],[15,166]],[[42222,32421],[67,-36],[2,-89],[-51,-3],[-51,31],[9,72],[24,25]],[[42923,32438],[120,-61],[16,-59],[-96,-5],[-53,59],[13,66]],[[42703,32503],[15,-59],[44,-23],[-21,-23],[-14,-35],[-67,37],[9,76],[34,27]],[[42304,32506],[98,-60],[5,-49],[-76,-55],[-28,55],[-55,28],[56,81]],[[42792,32538],[5,-73],[50,-61],[-22,-25],[-80,-2],[3,28],[13,8],[2,11],[-10,8],[-31,13],[-5,74],[75,19]],[[43195,32513],[47,7],[14,-40],[-15,-30],[-65,10],[19,53]],[[42387,32622],[46,-110],[-14,-51],[-72,37],[40,124]],[[43234,32653],[21,-124],[57,12],[14,-109],[-59,-6],[-13,86],[-12,10],[-48,-4],[-29,124],[43,-7],[26,18]],[[42865,32655],[0,-94],[-21,-18],[-40,19],[-39,-2],[-20,22],[-36,21],[59,1],[6,16],[91,35]],[[41834,32654],[37,-2],[47,-60],[5,-62],[-34,-62],[-66,17],[23,80],[-12,89]],[[42132,32661],[34,-77],[-41,-117],[-63,67],[-2,84],[72,43]],[[42637,32668],[12,-56],[80,-73],[-34,-34],[-79,99],[21,64]],[[41613,32687],[25,-46],[-38,-13],[-1,-38],[37,-16],[19,2],[14,-64],[-55,-69],[-49,174],[48,70]],[[43390,32688],[28,-70],[40,-51],[2,-64],[-91,-37],[-48,52],[0,96],[-16,44],[85,30]],[[43221,32699],[86,-60],[-3,-84],[-46,25],[-37,119]],[[42322,32719],[52,-8],[32,-73],[-41,-14],[3,-60],[-56,-55],[-49,157],[59,53]],[[43023,32739],[65,-42],[58,-79],[-42,-124],[-75,61],[-26,73],[20,111]],[[42045,32709],[34,-63],[-32,-25],[-5,-68],[44,-69],[-93,-33],[-16,147],[40,40],[28,71]],[[41647,32776],[105,-16],[2,-58],[82,-123],[-39,-77],[-8,-88],[35,-35],[-30,-38],[-90,2],[-6,61],[-59,61],[37,34],[-4,74],[-14,13],[-37,-2],[-19,18],[3,19],[42,24],[-19,39],[19,92]],[[43115,32776],[43,-10],[36,-17],[11,-24],[14,-10],[-14,-37],[4,-41],[-46,8],[-58,41],[10,90]],[[41947,32780],[0,-91],[68,-20],[-83,-58],[-43,51],[24,37],[-13,59],[47,22]],[[43277,32782],[106,-76],[-73,-28],[-11,36],[-29,35],[7,33]],[[42917,32785],[61,-10],[-44,-101],[2,-59],[39,-99],[-42,-49],[-64,42],[30,68],[-8,71],[-78,63],[19,37],[47,3],[38,34]],[[42398,32810],[3,-36],[7,-20],[61,-25],[-51,-47],[-47,109],[27,19]],[[43266,32827],[-1,-76],[26,-35],[-14,-41],[-59,28],[25,24],[-9,18],[-29,-17],[-8,21],[-10,11],[10,38],[69,29]],[[42455,32837],[29,-37],[-5,-73],[-73,37],[7,51],[7,11],[35,11]],[[42141,32834],[34,6],[-16,-118],[-25,-58],[-46,-14],[-21,135],[74,49]],[[42677,32875],[22,-58],[67,-49],[-13,-59],[48,-17],[-40,-38],[2,-49],[-26,0],[-26,12],[-4,-16],[49,-35],[-90,53],[-33,117],[35,95],[9,44]],[[42320,32881],[51,-36],[-14,-73],[21,-54],[-64,5],[-35,-42],[-43,70],[1,48],[83,82]],[[42065,32883],[37,-48],[-35,-40],[0,-111],[-46,52],[-37,78],[81,69]],[[42909,32867],[5,-80],[-38,-35],[-55,39],[72,116],[16,-40]],[[42825,32739],[-64,-26],[17,112],[41,-26],[6,-60]],[[43092,32915],[8,-6],[31,-1],[5,-11],[-21,-29],[1,-9],[-20,-19],[11,-7],[-37,-80],[-10,55],[-31,73],[19,6],[16,17],[28,11]],[[42196,32934],[32,-48],[-30,-30],[-54,4],[-9,39],[61,35]],[[43145,32962],[11,-17],[14,-31],[1,-38],[-71,-72],[9,27],[-9,10],[19,18],[12,31],[9,6],[-5,12],[-20,2],[-5,26],[17,3],[4,18],[14,5]],[[42419,32968],[50,-42],[-19,-35],[-46,-28],[-19,33],[34,72]],[[41876,32991],[44,-13],[-1,-75],[20,-53],[39,-19],[-5,-41],[-43,-4],[-28,-14],[-8,-20],[11,-64],[-27,-25],[-55,16],[-4,94],[-45,67],[-37,5],[-8,29],[11,15],[87,36],[16,31],[-7,20],[7,8],[33,7]],[[42967,33001],[-1,-17],[11,-6],[34,-7],[-4,-12],[11,-37],[-1,-46],[35,-57],[-12,-42],[-116,42],[8,146],[35,36]],[[41472,33022],[43,-97],[28,-186],[-36,-115],[3,-87],[-42,-51],[-93,0],[-101,43],[-10,54],[16,96],[35,36],[23,96],[103,191],[31,20]],[[42828,33030],[7,-12],[-13,-10],[7,-11],[19,16],[10,-8],[53,-8],[-16,-84],[-56,-27],[-59,39],[23,76],[14,19],[11,10]],[[43223,33063],[108,-67],[-22,-98],[-92,-30],[-52,82],[59,60],[-1,53]],[[42480,33072],[65,-63],[-30,-184],[-34,19],[-4,67],[-29,49],[-24,21],[56,91]],[[42886,33079],[50,-30],[-21,-47],[-48,5],[19,72]],[[42357,33071],[29,-28],[-28,-117],[-37,-10],[-30,50],[66,105]],[[42116,33088],[29,-25],[49,-18],[14,-76],[-76,-63],[-24,-43],[-104,67],[16,88],[35,31],[5,35],[34,-3],[22,7]],[[42680,33093],[18,-18],[44,-5],[20,-39],[37,-30],[-50,-141],[-52,-13],[-14,27],[-20,7],[-28,70],[45,142]],[[42518,33124],[56,-18],[-29,-71],[-61,45],[34,44]],[[42927,33116],[104,-7],[58,29],[119,-63],[-15,-79],[-34,-47],[-4,1],[-16,26],[-1,-11],[-10,-6],[-1,-15],[-21,-8],[-17,-17],[-23,-12],[-28,-22],[-20,18],[4,21],[-10,35],[2,13],[-9,7],[-27,2],[-25,88],[-26,47]],[[42692,33147],[18,-27],[46,15],[94,-15],[30,-37],[-36,-57],[-8,-21],[-12,0],[13,13],[-2,11],[-8,3],[-5,-2],[-19,-20],[-11,19],[-28,5],[-16,33],[-20,11],[-24,-2],[-26,42],[14,29]],[[42737,33251],[9,-45],[104,-72],[-79,10],[-60,-12],[-22,38],[6,78],[42,3]],[[42560,33337],[116,-40],[-79,-126],[-95,21],[5,95],[53,50]],[[41482,33353],[-112,-204],[-87,-38],[51,164],[49,45],[99,33]],[[42877,33338],[181,-14],[16,-96],[0,-86],[-106,-23],[-66,45],[-102,8],[-50,34],[-4,50],[25,71],[83,33],[23,-22]],[[43064,33394],[-2,-57],[-51,-9],[-48,62],[101,4]],[[43300,33407],[50,-4],[58,-78],[21,-59],[-31,-114],[-68,-17],[-65,51],[39,56],[-91,42],[-13,45],[38,74],[62,4]],[[42875,33428],[40,-22],[2,-52],[-107,23],[65,51]],[[42997,33468],[0,-35],[22,-38],[-42,1],[-21,-7],[-65,43],[106,36]],[[43067,33479],[-27,-52],[-40,7],[-2,51],[69,-6]],[[42858,33482],[5,-43],[-52,-37],[-68,23],[64,95],[51,-38]],[[42888,33564],[61,-13],[39,-78],[-59,-18],[-67,26],[-13,59],[39,24]],[[42986,33660],[44,-5],[76,-122],[-12,-38],[-93,-8],[-54,73],[39,100]],[[43163,33709],[72,-90],[-3,-64],[-53,-128],[40,-48],[-25,-46],[15,-64],[45,-38],[1,-62],[56,-45],[-60,-32],[-127,77],[-39,114],[7,36],[-30,116],[61,75],[-45,77],[22,60],[63,62]],[[43271,33730],[23,-7],[19,-104],[56,-33],[-38,-86],[16,-83],[-158,12],[37,40],[34,114],[-42,83],[-8,52],[61,12]],[[42633,33751],[76,-32],[69,-4],[50,-50],[-47,-50],[-63,-30],[-27,-42],[-71,-51],[-1,-66],[85,-47],[22,-39],[-41,-32],[-118,41],[-24,124],[-37,54],[39,125],[88,99]],[[42944,33709],[10,-102],[-106,-39],[-102,-96],[-22,-52],[-71,17],[-5,29],[69,59],[28,65],[46,17],[73,77],[55,-29],[25,54]],[[43126,33787],[45,-8],[14,-60],[-34,-3],[-27,-34],[-46,37],[48,68]],[[42877,33914],[28,-41],[-1,-51],[-51,-29],[11,-44],[42,-26],[-24,-32],[-54,-6],[-48,36],[-39,8],[10,70],[45,44],[25,15],[12,2],[4,7],[40,47]],[[42954,34088],[87,-43],[42,-69],[54,-31],[-16,-74],[50,-83],[-78,-1],[-29,-106],[-63,-11],[-12,52],[-62,26],[-62,4],[41,65],[2,58],[-47,67],[5,81],[23,56],[28,-2],[37,11]],[[43235,34131],[-3,-124],[35,-5],[-8,-89],[77,-62],[15,-70],[59,-71],[-38,-94],[-57,41],[-10,90],[-67,-3],[-38,21],[-43,89],[15,230],[20,13],[8,46],[35,-12]],[[43054,34494],[17,-62],[-27,-74],[7,-32],[-8,-13],[10,-15],[7,-32],[15,-22],[-7,-50],[35,-27],[-77,-50],[-4,59],[-43,22],[-1,187],[12,69],[64,40]],[[43101,34530],[74,-30],[47,-151],[34,-32],[-12,-62],[-43,-58],[-8,-85],[-33,-42],[-11,-96],[-76,56],[-22,95],[41,26],[20,-9],[0,41],[-14,51],[-31,36],[-2,20],[-17,23],[8,24],[-5,14],[37,69],[-37,100],[50,10]]],"transform":{"scale":[0.0004810329105952737,0.00045789305895671463],"translate":[68.18736267089872,6.754255771636963]},"objects":{"india":{"type":"GeometryCollection","geometries":[{"arcs":[[[0]],[[1]],[[2]],[[3]],[[4]],[[5]],[[6]],[[7]],[[8]],[[9]],[[10]],[[11]],[[12]],[[13]],[[14]],[[15]],[[16]],[[17]],[[18]],[[19]],[[20]],[[21]],[[22]],[[23]],[[24]],[[25]],[[26]],[[27]],[[28]],[[29]]],"type":"MultiPolygon","properties":{"ID_0":105,"ISO":"IND","NAME_0":"India","ID_1":1,"NAME_1":"Andaman and Nicobar","NL_NAME_1":null,"VARNAME_1":"Andaman & Nicobar Islands|Andaman et Nicobar|Iihas de Andama e Nicobar|Inseln Andamanen und Nikobare","TYPE_1":"Union Territor","ENGTYPE_1":"Union Territory"}},{"arcs":[[[30]],[[33,34,35]],[[36,37,38,39,40,41,42,43,44,45,46,47,48,49,50,51,52,53,54,55,56,57,58,59,60,61,62,63,64,65,66,67,68,69,70,71,72,73,74,75,76,77,78,79,80,81,82,83,84,85,86,87,88,89,90,91,92,93,94,95,96,97,98,99,100,101,102,103,104,105,106,107]]],"type":"MultiPolygon","properties":{"ID_0":105,"ISO":"IND","NAME_0":"India","ID_1":2,"NAME_1":"Andhra Pradesh","NL_NAME_1":null,"VARNAME_1":null,"TYPE_1":"State","ENGTYPE_1":"State"}},{"arcs":[[108,109,110]],"type":"Polygon","properties":{"ID_0":105,"ISO":"IND","NAME_0":"India","ID_1":3,"NAME_1":"Arunachal Pradesh","NL_NAME_1":null,"VARNAME_1":"Agence de la Frontire du Nord-Est(French-obsolete)|North East Frontier Agency","TYPE_1":"State","ENGTYPE_1":"State"}},{"arcs":[[[111,112,113,114,115,116,117,118,119,120,121,122,123,124,125,126,127,128,129,130,131,132,133,134,135,136,137,138,139,140,141,142,143,144,145,146,147,148,149,150,151,152,153,154,155,156,157,158,159,160,161,162,163,164,165,166,167,168,169,170,171,172,173,174,175,176,177,178,179,180,181,182,183,184,185,186,187,188,189,190,191,192,193,194,195,196,197,198,199,200,201,202,203,204,205,206,207,208,-110]],[[209,210,211,212,213,214]]],"type":"MultiPolygon","properties":{"ID_0":105,"ISO":"IND","NAME_0":"India","ID_1":4,"NAME_1":"Assam","NL_NAME_1":null,"VARNAME_1":null,"TYPE_1":"State","ENGTYPE_1":"State"}},{"arcs":[[219,220,221,222,223,224,225,226,227,228,229,230,231,232,233,234,235,236,237,238,239,240,241,242,243,244,245,246,247,248,249,250,251,252,253,254,255,256,257,258,259,260,261,262,263,264,265,266,267,268,269,270,271,272,273,274,275,276,277,278,279,280,281,282,283,284,285,286,287,288,289,290,291,292,293,294,295,296,297,298,299,300,301,302,303,304,305,306,307,308,309,310,311,312,313,314,315,316,317,318,319,320,321,322,323,324,325,326,327,328,329,330,331,332,333,334,335,336,337,338,339,340,341,342,343,344,345,346,347,348,349,350,351,352,353,354,355,356,357,358,359,360,361,362,363,364,365,366,367,368,369,370,371,372,373,374,375,376,377,378,379,380,381,382,383,384,385,386,387,388,389,390,391,392]],"type":"Polygon","properties":{"ID_0":105,"ISO":"IND","NAME_0":"India","ID_1":5,"NAME_1":"Bihar","NL_NAME_1":null,"VARNAME_1":null,"TYPE_1":"State","ENGTYPE_1":"State"}},{"arcs":[[393,394,395,396,397,398,399,400,401,402,403,404,405,406,407,408,409,410,411,412,413,414,415,416,417,418,419,420,421,422]],"type":"Polygon","properties":{"ID_0":105,"ISO":"IND","NAME_0":"India","ID_1":6,"NAME_1":"Chandigarh","NL_NAME_1":null,"VARNAME_1":null,"TYPE_1":"Union Territor","ENGTYPE_1":"Union Territory"}},{"arcs":[[423,-56,424,425,426,427]],"type":"Polygon","properties":{"ID_0":105,"ISO":"IND","NAME_0":"India","ID_1":7,"NAME_1":"Chhattisgarh","NL_NAME_1":null,"VARNAME_1":null,"TYPE_1":"State","ENGTYPE_1":"State"}},{"arcs":[[428,429,430,431,432,433,434,435,436,437,438,439,440,441,442,443,444,445,446,447,448,449,450,451,452,453,454,455,456,457,458,459,460,461,462,463,464,465,466,467,468,469,470,471,472,473,474,475,476,477,478,479,480,481,482,483,484,485,486,487,488,489,490,491,492,493,494,495,496,497,498,499,500,501,502,503,504,505,506,507,508,509,510,511,512,513,514,515,516,517,518,519,520,521,522,523,524]],"type":"Polygon","properties":{"ID_0":105,"ISO":"IND","NAME_0":"India","ID_1":8,"NAME_1":"Dadra and Nagar Haveli","NL_NAME_1":null,"VARNAME_1":"DAdra et Nagar Haveli|Dadra e Nagar Haveli","TYPE_1":"Union Territor","ENGTYPE_1":"Union Territory"}},{"arcs":[[[525,526,527,528,529,530,531,532,533,534,535,536,537]],[[540,541,542,543,544]],[[545,546,547,548,549,550,551,552,553,554,555,556,557,558,559,560,561,562,563,564,565,566,567,568,569]]],"type":"MultiPolygon","properties":{"ID_0":105,"ISO":"IND","NAME_0":"India","ID_1":9,"NAME_1":"Daman and Diu","NL_NAME_1":null,"VARNAME_1":null,"TYPE_1":"Union Territor","ENGTYPE_1":"Union Territory"}},{"arcs":[[570,571,572,573,574,575,576,577,578,579,580,581,582,583,584,585,586,587,588,589,590,591,592,593,594,595,596,597,598,599,600,601,602,603,604,605,606,607,608,609,610,611,612,613,614,615,616,617,618,619,620,621,622,623,624,625,626,627,628,629,630,631,632,633,634,635,636,637,638,639,640,641,642,643,644,645,646,647,648,649,650,651,652,653,654]],"type":"Polygon","properties":{"ID_0":105,"ISO":"IND","NAME_0":"India","ID_1":10,"NAME_1":"Delhi","NL_NAME_1":null,"VARNAME_1":null,"TYPE_1":"Union Territor","ENGTYPE_1":"Union Territory"}},{"arcs":[[655,656,657,658,659,660,661,662,663,664,665,666,667,668,669,670,671,672,673,674,675,676,677,678,679,680,681]],"type":"Polygon","properties":{"ID_0":105,"ISO":"IND","NAME_0":"India","ID_1":11,"NAME_1":"Goa","NL_NAME_1":null,"VARNAME_1":"Ga","TYPE_1":"State","ENGTYPE_1":"State"}},{"arcs":[[[682,683,684,685,-488,686,-486,687,688,-483,689,690,691,-479,692,693,694,-475,695,696,-472,697,-470,698,699,700,701,-465,702,703,-462,704,-460,705,-458,706,-456,707,-454,708,-452,709,710,711,712,-447,713,714,-444,715,716,717,-440,718,-438,719,-436,720,721,722,-432,723,724,725,726,-524,727,728,729,730,-519,731,-517,732,-515,733,734,735,-536,736,-534,737,-532,738,-530,739,740,-527,741,742,-541,743,744,-543,745,-540,746,-556,747,-554,748,749,-551,750,-549,751,-547,752,753,-569,754,-567,755,756,-564,757,-562,758,-560,759,760,761,762,763,764,765]],[[-558,766]],[[767]],[[768]],[[769]],[[770]],[[771]],[[772]],[[773]],[[774]],[[775]],[[776]],[[777]],[[778]],[[779]],[[780]],[[781]],[[782]],[[783]],[[784]]],"type":"MultiPolygon","properties":{"ID_0":105,"ISO":"IND","NAME_0":"India","ID_1":12,"NAME_1":"Gujarat","NL_NAME_1":null,"VARNAME_1":"Goudjerate|Gujerat|Gujerate","TYPE_1":"State","ENGTYPE_1":"State"}},{"arcs":[[785,786,-653,787,-651,788,-649,789,-647,790,-645,791,-643,792,-641,793,-639,794,795,-636,796,-634,797,798,799,-630,800,801,-627,802,803,804,-623,805,-621,806,-619,807,808,-616,809,-614,810,-612,811,812,813,814,-607,815,-605,816,817,818,-601,819,820,821,822,823,824,825,826,827,828,829,830,831]],"type":"Polygon","properties":{"ID_0":105,"ISO":"IND","NAME_0":"India","ID_1":13,"NAME_1":"Haryana","NL_NAME_1":null,"VARNAME_1":null,"TYPE_1":"State","ENGTYPE_1":"State"}},{"arcs":[[832,833,834,-832,835,836]],"type":"Polygon","properties":{"ID_0":105,"ISO":"IND","NAME_0":"India","ID_1":14,"NAME_1":"Himachal Pradesh","NL_NAME_1":null,"VARNAME_1":null,"TYPE_1":"Union Territor","ENGTYPE_1":"Union Territory"}},{"arcs":[[-837,837,838]],"type":"Polygon","properties":{"ID_0":105,"ISO":"IND","NAME_0":"India","ID_1":15,"NAME_1":"Jammu and Kashmir","NL_NAME_1":null,"VARNAME_1":null,"TYPE_1":"State","ENGTYPE_1":"State"}},{"arcs":[[839,840,-428,841,-315]],"type":"Polygon","properties":{"ID_0":105,"ISO":"IND","NAME_0":"India","ID_1":16,"NAME_1":"Jharkhand","NL_NAME_1":null,"VARNAME_1":"Vananchal","TYPE_1":"State","ENGTYPE_1":"State"}},{"arcs":[[-54,842,843,844,845,846,847,848,849,850,851,852,853,854,855,856,857,858,859,860,861,862,863,864,865,866,867,868,869,870,871,872,873,874,875,876,877,878,879,880,881,882,883,884,885,886,887,888,889,890,891,892,893,894,895,896,897,898,899,900,901,902,903,904,-677,905,906,907,-673,908,-671,909,-669,910,-667,911,912,913,-663,914,-661,915,916,-658,917,-656,918]],"type":"Polygon","properties":{"ID_0":105,"ISO":"IND","NAME_0":"India","ID_1":17,"NAME_1":"Karnataka","NL_NAME_1":null,"VARNAME_1":"Maisur|Mysore","TYPE_1":"State","ENGTYPE_1":"State"}},{"arcs":[[919,-902,920,-900,921,-898,922,-896,923,924,925,-892,926,-890,927,928,-887,929,-885,930,931,-882,932,-880,933,-878,934,935,936,937,-873,938,-871,939,940,-868,941,-866,942,943,944,-862,945,-860,946,947,948,949,950,-854,951,952,-851,953,-849,954,-847,955,956,-844,957,958,959,960,961,962,963,964,965,966,967,968,969,970,971,972,973,974,975,976,977,978,979,980,981,982,983,984,985,986,987,988,989,990,991,992,993,-904]],"type":"Polygon","properties":{"ID_0":105,"ISO":"IND","NAME_0":"India","ID_1":18,"NAME_1":"Kerala","NL_NAME_1":null,"VARNAME_1":null,"TYPE_1":"State","ENGTYPE_1":"State"}},{"type":null,"properties":{"ID_0":105,"ISO":"IND","NAME_0":"India","ID_1":19,"NAME_1":"Lakshadweep","NL_NAME_1":null,"VARNAME_1":"les Laquedives|Laccadive|Minicoy and Amindivi Islands|Laccadives|Lackadiverna|Lakkadiven|Lakkadi","TYPE_1":"Union Territor","ENGTYPE_1":"Union Territory"}},{"arcs":[[-426,994,-683,995,996]],"type":"Polygon","properties":{"ID_0":105,"ISO":"IND","NAME_0":"India","ID_1":20,"NAME_1":"Madhya Pradesh","NL_NAME_1":null,"VARNAME_1":null,"TYPE_1":"State","ENGTYPE_1":"State"}},{"arcs":[[-425,-55,-919,-682,997,998,-679,999,-734,1000,1001,-512,1002,-510,1003,1004,-507,1005,-505,1006,1007,1008,-501,1009,1010,1011,-497,1012,-495,1013,-493,1014,1015,1016,-684,-995]],"type":"Polygon","properties":{"ID_0":105,"ISO":"IND","NAME_0":"India","ID_1":21,"NAME_1":"Maharashtra","NL_NAME_1":null,"VARNAME_1":null,"TYPE_1":"State","ENGTYPE_1":"State"}},{"arcs":[[1017,1018,-113,1019]],"type":"Polygon","properties":{"ID_0":105,"ISO":"IND","NAME_0":"India","ID_1":22,"NAME_1":"Manipur","NL_NAME_1":null,"VARNAME_1":null,"TYPE_1":"State","ENGTYPE_1":"State"}},{"arcs":[[1020,1021,1022,-212,1023,1024,-217,1025,-172,1026,-170,1027,-168,1028,-166,1029,1030,-163,1031,-161,1032,-159,1033,1034,-156,1035,1036,-153,1037,-151,1038,1039,-148,1040,1041,1042,1043,-143,1044,-141,1045,1046,-138,1047,-136]],"type":"Polygon","properties":{"ID_0":105,"ISO":"IND","NAME_0":"India","ID_1":23,"NAME_1":"Meghalaya","NL_NAME_1":null,"VARNAME_1":null,"TYPE_1":"State","ENGTYPE_1":"State"}},{"arcs":[[-1019,1048,1049,1050,1051,1052,1053,1054,1055,1056,1057,1058,1059,1060,1061,1062,1063,1064,1065,1066,1067,1068,1069,1070,1071,1072,1073,1074,1075,1076,1077,1078,1079,1080,1081,1082,1083,1084,1085,1086,1087,1088,1089,1090,1091,1092,1093,1094,1095,1096,1097,1098,1099,1100,1101,1102,1103,1104,1105,1106,1107,1108,1109,1110,1111,1112,1113,1114,1115,1116,1117,-133,1118,-131,1119,-129,1120,-127,1121,1122,-124,1123,1124,-121,1125,-119,1126,-117,1127,1128,-114]],"type":"Polygon","properties":{"ID_0":105,"ISO":"IND","NAME_0":"India","ID_1":24,"NAME_1":"Mizoram","NL_NAME_1":null,"VARNAME_1":null,"TYPE_1":"State","ENGTYPE_1":"State"}},{"arcs":[[1129,-1020,-112,-109]],"type":"Polygon","properties":{"ID_0":105,"ISO":"IND","NAME_0":"India","ID_1":25,"NAME_1":"Nagaland","NL_NAME_1":null,"VARNAME_1":null,"TYPE_1":"State","ENGTYPE_1":"State"}},{"arcs":[[[1130,1131,1132,1133,1134,1135,1136,1137,1138,1139,1140,1141,1142,1143,1144,1145,1146,1147,1148,1149,1150,1151,1152,1153,1154,1155,1156,1157,1158,1159,1160,1161,1162,1163,1164,1165,1166,1167,1168,1169,1170,1171,1172,1173,1174,1175,1176,1177,1178,1179,1180,1181,1182,1183,1184,1185,1186,1187,1188,1189,1190,1191,-105,1192,-103,1193,-101,1194,1195,-98,1196,-96,1197,-94,1198,-92,1199,1200,1201,1202,1203,-86,1204,-84,1205,-82,1206,1207,1208,-78,1209,1210,1211,-74,1212,1213,-71,1214,-69,1215,1216,1217,-65,1218,-63,1219,-61,1220,-59,1221,-57,-424,-841]],[[1222]],[[1223]],[[1224]]],"type":"MultiPolygon","properties":{"ID_0":105,"ISO":"IND","NAME_0":"India","ID_1":26,"NAME_1":"Orissa","NL_NAME_1":null,"VARNAME_1":null,"TYPE_1":"State","ENGTYPE_1":"State"}},{"arcs":[[[-33,1225,-37]],[[-976,1227,-974,1228,1229,1230,1231,-969,1232,-967,1233,1234,1235,-963,1236,-961,1237,1238,1239,-992,1240,-990,1241,-988,1242,1243,-985,1244,-983,1245,-981,1246,-979,1247,1248]],[[1249,1250,1251,1252,1253,1254,1255,1256,1257,1258,1259,1260,1261,1262,1263,1264,1265,1266,1267,1268,1269,1270,1271,1272,1273,1274,1275,1276,1277,1278,1279,1280,1281,1282,1283,1284,1285,1286,1287,1288,1289,1290,1291,1292,1293,1294,1295,1296,1297,1298,1299,1300,1301,1302]],[[1303,1304,1305,1306,1307,1308,1309,1310,1311,1312,1313,1314,1315,1316,1317,1318,1319,1320,1321,1322,1323,1324,1325,1326,1327,1328,1329]]],"type":"MultiPolygon","properties":{"ID_0":105,"ISO":"IND","NAME_0":"India","ID_1":27,"NAME_1":"Puducherry","NL_NAME_1":null,"VARNAME_1":"Pondicherry|Puduchcheri|Pondichry","TYPE_1":"Union Territor","ENGTYPE_1":"Union Territory"}},{"arcs":[[-831,1330,1331,1332,1333,1334,1335,-414,1336,1337,-411,1338,-409,1339,-407,1340,1341,-404,1342,1343,-401,1344,-399,1345,-397,1346,1347,-394,1348,-827,1349,1350,-838,-836]],"type":"Polygon","properties":{"ID_0":105,"ISO":"IND","NAME_0":"India","ID_1":28,"NAME_1":"Punjab","NL_NAME_1":null,"VARNAME_1":null,"TYPE_1":"State","ENGTYPE_1":"State"}},{"arcs":[[-826,1351,-996,-766,1352,-764,1353,1354,-761,1355,-1350]],"type":"Polygon","properties":{"ID_0":105,"ISO":"IND","NAME_0":"India","ID_1":29,"NAME_1":"Rajasthan","NL_NAME_1":null,"VARNAME_1":"Greater Rajasthan|Rajputana","TYPE_1":"State","ENGTYPE_1":"State"}},{"arcs":[[1356,1357,1358,1359,1360,1361,1362,1363,1364,1365,1366]],"type":"Polygon","properties":{"ID_0":105,"ISO":"IND","NAME_0":"India","ID_1":30,"NAME_1":"Sikkim","NL_NAME_1":null,"VARNAME_1":null,"TYPE_1":"State","ENGTYPE_1":"State"}},{"arcs":[[[1367,-50,1368,-48,1369,-46,1370,-44,1371,-42,1372,1373,-39,1374,1375,-1323,1376,-1321,1377,1378,-1318,1379,1380,-1315,1381,-1313,1382,-1311,1383,-1309,1384,-1307,1385,-1305,1386,-1330,1387,-1328,1388,-1326,1389,1390,-1257,1391,-1255,1392,1393,1394,1395,-1250,1396,-1302,1397,1398,-1299,1399,-1297,1400,-1295,1401,-1293,1402,-1291,1403,1404,1405,-1287,1406,-1285,1407,-1283,1408,-1281,1409,1410,-1278,1411,-1276,1412,-1274,1413,1414,1415,-1270,1416,-1268,1417,1418,-1265,1419,-1263,1420,-1261,1421,1422,-958,-843,-53,1423]],[[1424]]],"type":"MultiPolygon","properties":{"ID_0":105,"ISO":"IND","NAME_0":"India","ID_1":31,"NAME_1":"Tamil Nadu","NL_NAME_1":null,"VARNAME_1":"Madras|Tamilnad","TYPE_1":"State","ENGTYPE_1":"State"}},{"arcs":[[-134,-1118,1427,-1116,1428,-1114,1429,1430,-1111,1431,-1109,1432,1433,1434,-1105,1435,-1103,1436,1437,1438,-1099,1439,1440,-1096,1441,-1094,1442,1443,1444,1445,-1089,1446,1447,-1086,1448,-1084,1449,-1082,1450,-1080,1451,-1078,1452,-1076,1453,-1074,1454,-1072,1455,1456,1457,1458,-1067,1459,-1065,1460,-1063,1461,-1061,1462,-1059,1463,-1057,1464,-1055,1465,1466,-1052,1467,-1050,1468]],"type":"Polygon","properties":{"ID_0":105,"ISO":"IND","NAME_0":"India","ID_1":32,"NAME_1":"Tripura","NL_NAME_1":null,"VARNAME_1":null,"TYPE_1":"State","ENGTYPE_1":"State"}},{"arcs":[[1469,1470,1471,1472,1473,1474,1475,1476,1477,1478,1479,1480,1481,1482,1483,1484,1485,1486,1487,1488,1489,1490,1491,1492,1493,1494,1495,1496,1497,1498,1499,1500,1501,1502,1503,-392,1504,-390,1505,-388,1506,-386,1507,-384,1508,-382,1509,-380,1510,-378,1511,1512,1513,-374,1514,-372,1515,-370,1516,1517,-367,1518,-365,1519,-363,1520,-361,1521,-359,1522,1523,-356,1524,1525,-353,1526,-351,1527,1528,1529,-347,1530,-345,1531,1532,-342,1533,1534,1535,-338,1536,-336,1537,-334,1538,-332,1539,1540,-329,1541,-327,1542,-325,1543,1544,-322,1545,-320,1546,-318,1547,-316,-842,-427,-997,-1352,-825,1548,1549,1550,-593,1551,-591,1552,1553,1554,-587,1555,1556,-584,1557,1558,-581,1559,-579,1560,1561,-576,1562,1563,-573,1564,-571,1565,1566,-786,-835,1567]],"type":"Polygon","properties":{"ID_0":105,"ISO":"IND","NAME_0":"India","ID_1":33,"NAME_1":"Uttar Pradesh","NL_NAME_1":null,"VARNAME_1":"United Provinces","TYPE_1":"State","ENGTYPE_1":"State"}},{"arcs":[[-1503,1568,-1501,1569,-1499,1570,-1497,1571,1572,1573,1574,-1492,1575,-1490,1576,-1488,1577,1578,-1485,1579,-1483,1580,1581,1582,1583,-1478,1584,-1476,1585,-1474,1586,-1472,1587,1588,-1568,-834,1589]],"type":"Polygon","properties":{"ID_0":105,"ISO":"IND","NAME_0":"India","ID_1":34,"NAME_1":"Uttaranchal","NL_NAME_1":null,"VARNAME_1":"Uttarakhand","TYPE_1":"State","ENGTYPE_1":"State"}},{"arcs":[[[1590,-1364,1591,-1362,1592,-1360,1593,1594,-1357,1595,-208,1596,-206,1597,-204,1598,-202,1599,-200,1600,-198,1601,-196,1602,-194,1603,-192,1604,-190,1605,1606,-187,1607,-185,1608,-183,1609,1610,-180,1611,-178,1612,-176,1613,-174,1614,1615,-1189,1616,-1187,1617,-1185,1618,-1183,1619,-1181,1620,1621,1622,-1177,1623,-1175,1624,-1173,1625,-1171,1626,1627,1628,-1167,1629,-1165,1630,1631,-1162,1632,-1160,1633,-1158,1634,1635,-1155,1636,1637,-1152,1638,-1150,1639,-1148,1640,1641,-1145,1642,-1143,1643,1644,-1140,1645,-1138,1646,1647,-1135,1648,-1133,1649,-1131,-840,-314,1650,-312,1651,-310,1652,-308,1653,-306,1654,-304,1655,-302,1656,1657,-299,1658,-297,1659,-295,1660,-293,1661,-291,1662,-289,1663,-287,1664,1665,-284,1666,1667,-281,1668,1669,1670,-277,1671,1672,-274,1673,-272,1674,-270,1675,-268,1676,-266,1677,1678,-263,1679,1680,-260,1681,-258,1682,1683,1684,1685,-253,1686,-251,1687,1688,-248,1689,-246,1690,-244,1691,-242,1692,-240,1693,-238,1694,-236,1695,-234,1696,-232,1697,-230,1698,-228,1699,-226,1700,-224,1701,-222,1702,-220,1703,-219,1704,-1366]],[[1705]],[[1706]],[[1707]],[[1708]],[[1709]],[[1710]],[[1711]],[[1712]],[[1713]],[[1714]],[[1715]],[[1716]],[[1717]],[[1718]],[[1719]],[[1720]],[[1721]],[[1722]],[[1723]],[[1724]],[[1725]],[[1726]],[[1727]],[[1728]],[[1729]],[[1730]],[[1731]],[[1732]],[[1733]],[[1734]],[[1735]],[[1736]],[[1737]],[[1738]],[[1739]],[[1740]],[[1741]],[[1742]],[[1743]],[[1744]],[[1745]],[[1746]],[[1747]],[[1748]],[[1749]],[[1750]],[[1751]],[[1752]],[[1753]],[[1754]],[[1755]],[[1756]],[[1757]],[[1758]],[[1759]],[[1760]],[[1761]],[[1762]],[[1763]],[[1764]],[[1765]],[[1766]],[[1767]],[[1768]],[[1769]],[[1770]],[[1771]],[[1772]],[[1773]],[[1774]],[[1775]]],"type":"MultiPolygon","properties":{"ID_0":105,"ISO":"IND","NAME_0":"India","ID_1":35,"NAME_1":"West Bengal","NL_NAME_1":null,"VARNAME_1":"Bangla|Bengala Occidentale|Bengala Ocidental|Bengale occidental","TYPE_1":"State","ENGTYPE_1":"State"}}]}}}