{"type":"Topology","arcs":[[[95457,379],[12,-6],[-21,-11],[9,17]],[[95203,1747],[-28,2],[-21,71],[10,19],[46,-70],[-7,-22]],[[95682,1874],[-21,-45],[14,-41],[23,-17],[60,14],[31,-52],[22,-1],[-10,-119],[29,-83],[-13,-82],[26,-34],[-21,-62],[8,-72],[20,-29],[34,-7],[13,-58],[41,-52],[-17,-31],[15,-58],[46,7],[30,-53],[33,-15],[9,-41],[-19,-24],[-58,72],[-50,-44],[2,-21],[51,-31],[1,-47],[25,-41],[39,-30],[-23,-22],[-43,19],[-36,-31],[-3,-56],[-30,-19],[26,-60],[-71,-38],[17,-106],[-32,-35],[2,-72],[62,-46],[-31,-85],[-73,-77],[-53,85],[-65,4],[-13,-140],[-46,-93],[-25,-5],[-87,40],[1,28],[29,28],[-20,18],[16,36],[-13,51],[27,37],[-16,9],[-31,-22],[-61,71],[29,74],[-21,25],[-36,2],[-28,75],[28,15],[6,37],[-47,19],[-14,82],[-46,-35],[-38,68],[4,16],[29,-1],[5,31],[-25,97],[-38,-8],[-6,67],[-39,56],[-72,-1],[10,32],[-47,59],[-61,5],[-22,-52],[-32,14],[41,66],[-18,19],[14,29],[-31,30],[15,85],[-24,13],[29,53],[-35,10],[-13,53],[66,50],[-27,19],[-35,-21],[-10,51],[35,23],[10,31],[31,3],[9,59],[-20,79],[49,55],[100,8],[47,-24],[30,5],[75,58],[-8,18],[34,29],[47,-29],[14,19],[58,5],[37,-45],[0,37],[35,10],[-22,21],[16,3],[-12,53],[91,10],[59,31],[3,-15]],[[95386,2498],[5,-33],[-29,17],[24,16]],[[95090,2527],[21,-40],[-15,-10],[-29,33],[23,17]],[[95178,2657],[35,-86],[-3,-73],[130,-107],[-2,-56],[-66,-76],[-49,-117],[-66,-22],[-33,-41],[-71,-34],[-39,-104],[-77,-59],[-71,86],[19,83],[-19,64],[-30,21],[56,50],[-14,190],[27,13],[36,-21],[52,49],[41,-30],[37,54],[55,25],[56,-4],[-40,33],[23,85],[-18,75],[31,2]],[[94935,2785],[16,-25],[-29,2],[13,23]],[[94547,2971],[25,-30],[-29,-28],[-11,39],[15,19]],[[93937,4898],[110,-68],[-22,-35],[-6,-84],[38,-55],[32,-11],[34,33],[22,-44],[109,-101],[36,-145],[-49,-78],[-32,13],[-43,90],[-71,32],[-93,-21],[-65,-76],[-88,26],[-45,49],[9,32],[-16,34],[34,50],[-21,-17],[-4,14],[49,42],[-32,12],[-24,-21],[21,2],[-21,-32],[-34,16],[-12,-48],[-50,39],[7,25],[-32,85],[49,53],[-6,60],[17,43],[75,54],[18,-31],[29,4],[77,59]],[[94560,4911],[65,-18],[68,-123],[-20,-244],[-262,217],[0,47],[23,8],[18,-22],[48,51],[-11,48],[16,24],[68,-111],[6,44],[-33,67],[14,12]],[[94677,5285],[38,-61],[7,-153],[40,-76],[-32,-47],[-79,110],[10,25],[27,3],[0,27],[-46,57],[22,56],[-17,-15],[-34,46],[64,28]],[[94483,5694],[66,-24],[4,-105],[-75,-102],[33,48],[-87,-60],[5,-40],[-34,-37],[79,-99],[29,-90],[61,-42],[18,-85],[-29,-67],[19,-49],[-33,5],[-41,44],[-20,-65],[-18,20],[-45,-13],[-8,-39],[22,-27],[-19,-8],[-1,-50],[-22,-17],[-33,10],[-24,65],[-1,107],[19,8],[35,-28],[16,33],[6,-28],[12,40],[-21,18],[21,8],[8,41],[26,-83],[29,27],[-7,37],[23,17],[-18,-5],[-6,27],[23,20],[-57,20],[-8,-40],[-76,-44],[2,-42],[-28,3],[-16,131],[32,22],[-29,18],[-12,-23],[-43,62],[-11,33],[17,12],[-33,16],[-4,47],[24,20],[-35,24],[-6,107],[82,41],[55,56],[15,92],[119,33]],[[93397,5826],[61,-124],[-5,-31],[-40,-17],[-72,93],[5,46],[51,33]],[[92991,6174],[21,-29],[42,-7],[-45,-141],[10,-32],[-28,-97],[104,-129],[149,-69],[39,-37],[-20,-83],[-42,-6],[-49,31],[-52,2],[-31,32],[-119,51],[-125,181],[-15,101],[43,116],[0,52],[41,43],[26,-12],[51,33]],[[94953,6323],[17,-14],[-14,-12],[-36,22],[33,4]],[[92683,6627],[49,-51],[15,-66],[-13,-15],[-54,6],[-29,31],[32,95]],[[94817,7014],[22,-162],[53,-36],[4,-45],[-20,-21],[39,-141],[-4,-16],[-28,23],[-27,-12],[-14,-71],[18,-46],[-18,-59],[-24,51],[15,11],[-13,20],[13,37],[-18,15],[27,18],[-16,74],[37,32],[-24,142],[-44,73],[16,78],[-13,27],[8,17],[11,-9]],[[91995,7964],[-27,8],[25,59],[17,-29],[-15,-38]],[[91728,9599],[108,-106],[29,-81],[112,52],[9,-28],[-117,-38],[23,-99],[-4,-107],[-51,-12],[-20,-46],[-67,-17],[-42,4],[27,-13],[-22,3],[-55,38],[-20,-15],[-119,3],[-49,109],[9,235],[27,23],[70,-30],[74,13],[35,74],[-9,24],[19,15],[-18,45],[51,-46]],[[90715,15973],[52,-41],[-6,-20],[14,-30],[-14,-21],[7,-13],[25,2],[-26,7],[13,24],[-5,43],[98,-83],[-6,-75],[30,-142],[-16,-23],[43,6],[59,-61],[-19,-171],[58,-152],[-6,-96],[-45,4],[-28,-21],[4,-53],[18,-12],[-62,-25],[-51,-49],[-48,-105],[17,-66],[73,-25],[20,-31],[-88,-105],[-52,-126],[-70,-28],[-52,-2],[-66,28],[-110,101],[-64,14],[-58,-3],[-65,-62],[-61,3],[-13,33],[102,160],[13,92],[29,33],[-77,179],[-18,20],[-55,5],[8,207],[-17,72],[14,86],[-20,75],[32,35],[7,-29],[30,-16],[-5,-39],[15,-33],[-13,44],[12,35],[79,55],[32,108],[27,-4],[49,59],[38,10],[-2,82],[49,39],[35,0],[49,68],[26,6],[44,-51],[-6,-29],[-26,10],[29,-13],[7,32],[-21,46],[34,32]],[[91061,16131],[42,-39],[-41,7],[-1,32]],[[89637,16299],[4,-24],[-38,-11],[-10,22],[44,13]],[[91265,16297],[-19,19],[13,24],[30,-17],[-24,-26]],[[91520,16945],[12,-16],[-18,-16],[-12,16],[18,16]],[[91315,17075],[16,-9],[-14,-16],[-10,48],[8,-23]],[[91423,17482],[0,-100],[-41,-42],[-6,-34],[-22,-5],[36,75],[-17,74],[50,32]],[[91403,17568],[37,-11],[7,-21],[-52,19],[8,13]],[[91487,17587],[-38,-28],[33,92],[5,-64]],[[90836,17883],[-9,11],[16,5],[-7,-16]],[[90870,17875],[-4,16],[23,8],[-19,-24]],[[91183,18334],[17,4],[-1,-41],[85,-41],[64,-205],[-8,-39],[-44,-3],[2,-38],[-86,-34],[43,-4],[13,-43],[40,16],[13,-26],[56,-19],[-10,-66],[-83,-32],[-15,-38],[-45,19],[-54,-42],[-139,1],[-45,30],[-28,48],[42,54],[-20,76],[100,0],[34,19],[8,58],[-20,39],[14,39],[-46,70],[9,59],[69,156],[16,10],[19,-27]],[[91046,18428],[6,-49],[-21,32],[6,31],[9,-14]],[[90881,18441],[32,-40],[-10,-40],[-18,-1],[-33,54],[-1,30],[30,-3]],[[91066,18522],[31,5],[7,-16],[-10,-74],[-27,-19],[-33,83],[31,2],[-10,36],[11,-17]],[[91018,18456],[-7,-35],[-10,14],[-19,-11],[-5,29],[-10,-25],[33,165],[18,-137]],[[91069,18635],[31,-43],[-17,-55],[-32,30],[-20,-9],[2,67],[36,10]],[[89608,18651],[44,-20],[40,19],[78,-9],[31,-22],[-7,-111],[22,-75],[-19,-51],[-35,-19],[-37,31],[-134,15],[-24,81],[26,90],[-29,44],[31,15],[0,21],[13,-9]],[[90804,18693],[31,-15],[-10,-29],[79,1],[10,-14],[-27,-17],[11,-43],[-42,-42],[-57,0],[-31,-30],[19,38],[-12,119],[14,40],[15,-8]],[[91400,18929],[4,-19],[-30,5],[26,14]],[[91633,18949],[-9,27],[23,16],[-14,-43]],[[92829,19373],[-20,5],[27,34],[-7,-39]],[[92597,19619],[55,-28],[104,33],[33,-35],[-39,-72],[-44,-18],[-73,54],[-57,11],[-12,74],[33,-19]],[[91017,19857],[-5,38],[20,15],[-15,-53]],[[90900,20029],[11,-24],[-21,15],[10,9]],[[91522,20046],[-2,-36],[-20,-15],[-12,46],[37,25],[-3,-20]],[[91588,20100],[57,-11],[7,-37],[-22,-27],[-58,-15],[-36,32],[52,58]],[[91014,20130],[50,-128],[-40,-58],[-12,149],[-26,34],[28,3]],[[91685,20291],[-16,-16],[-2,16],[18,0]],[[92406,20352],[19,33],[29,5],[60,-37],[41,-58],[-8,-71],[78,-188],[34,-16],[62,-171],[-9,-46],[-33,-34],[-65,23],[-23,73],[-91,126],[21,40],[-12,-12],[-27,14],[-19,-23],[-39,14],[-55,127],[-96,14],[-31,41],[20,38],[74,29],[41,68],[12,73],[17,-62]],[[92488,20642],[51,-23],[-26,-145],[12,-56],[-32,-27],[-48,30],[-25,32],[7,23],[-50,25],[-4,40],[38,20],[-37,20],[-5,52],[25,11],[29,-27],[65,25]],[[92328,20669],[35,-65],[-22,-58],[-13,123]],[[92969,20794],[-8,-17],[20,-14],[-30,-40],[-24,51],[42,20]],[[92623,20828],[-6,-70],[34,-53],[-3,-96],[72,-93],[-1,-60],[-29,-59],[-68,88],[-76,30],[1,121],[-24,-1],[-14,25],[-61,-7],[-54,28],[-40,90],[23,32],[87,-9],[27,-20],[44,-115],[-8,80],[18,47],[77,79],[1,-37]],[[91621,20921],[18,-7],[-17,-49],[-1,56]],[[91518,20946],[-11,-23],[-11,17],[22,6]],[[92776,21037],[28,-7],[39,-63],[12,-72],[-23,-73],[42,-50],[-27,-48],[0,-27],[20,-2],[-9,-87],[-19,-39],[-41,-24],[-91,121],[24,32],[-28,-12],[-45,51],[23,86],[-21,15],[24,-1],[92,200]],[[92292,21086],[10,-26],[-23,-17],[-8,-65],[-31,60],[11,42],[41,6]],[[91404,21131],[33,-75],[-10,-69],[21,-32],[-33,-95],[34,40],[3,-40],[28,58],[58,7],[78,-22],[-9,-92],[-71,-178],[-1,-85],[19,-40],[-21,-34],[28,35],[55,-33],[-20,-42],[28,3],[27,-35],[42,15],[20,-14],[-26,-25],[7,-62],[-51,6],[-11,-20],[-30,25],[-3,28],[-13,-9],[-38,34],[-11,-40],[19,-6],[-29,-28],[24,-10],[-13,-12],[38,5],[22,-57],[49,35],[11,-48],[-96,-21],[0,-20],[34,15],[18,-15],[-32,-42],[-14,19],[-38,-21],[16,78],[-40,-10],[-16,-76],[25,1],[9,-25],[-52,-28],[-17,-110],[25,5],[15,-26],[-3,-295],[-65,-133],[-40,-14],[-60,22],[45,-17],[1,-21],[66,22],[30,39],[51,126],[5,184],[49,104],[68,31],[74,-15],[-8,-21],[22,-42],[-18,-57],[19,-14],[-35,-35],[34,-32],[-8,-111],[-37,-83],[-78,-511],[-44,46],[7,-81],[-17,-7],[-34,32],[-34,-4],[-16,33],[-23,-42],[-38,47],[13,-17],[-36,-9],[42,-6],[-16,-11],[-6,-74],[27,-26],[-57,-8],[-29,-26],[-6,-41],[-65,12],[28,-110],[29,47],[14,-24],[9,36],[26,-69],[-6,52],[27,21],[-19,44],[26,5],[36,-41],[-4,33],[71,27],[-51,21],[-3,49],[23,34],[38,-49],[63,11],[-1,-31],[31,-13],[5,-56],[-44,-40],[23,-25],[2,-92],[-45,-66],[13,-30],[-52,-98],[17,-28],[-41,-88],[15,-50],[-38,-54],[-24,-96],[-45,112],[-77,19],[-42,-29],[-76,70],[-11,72],[26,40],[-32,36],[19,46],[-53,26],[-7,-28],[-50,-35],[9,42],[-4,35],[-44,46],[3,97],[60,-9],[13,32],[8,-35],[23,-5],[30,35],[1,45],[-37,-5],[13,41],[-23,21],[-3,-88],[-84,23],[-64,134],[31,85],[-43,104],[-9,-15],[-42,6],[-7,-63],[-27,-28],[-14,11],[-35,102],[2,160],[25,40],[-26,42],[-13,124],[-30,12],[20,60],[-15,-24],[-21,38],[-51,-50],[-35,87],[42,90],[7,92],[42,35],[-13,28],[32,46],[45,7],[27,81],[40,-75],[26,-10],[25,-142],[20,-2],[7,46],[28,-7],[10,-150],[-1,34],[27,16],[2,163],[-21,38],[20,68],[2,164],[19,30],[-15,59],[15,73],[21,9],[-11,51],[30,9],[-27,36],[19,31],[-23,38],[15,124],[46,68],[-16,9],[53,217],[60,140],[14,6],[-39,-136],[71,140],[15,-54],[7,38],[16,-22],[8,18],[9,85],[30,18],[14,-15]],[[91515,21157],[16,-12],[-18,-53],[11,-59],[24,51],[18,-12],[2,-39],[0,49],[-25,20],[7,29],[19,-35],[7,15],[57,-4],[1,-77],[21,-31],[-16,-74],[-62,-7],[-52,19],[-8,30],[-28,-16],[-5,171],[31,35]],[[92022,21131],[-19,28],[17,30],[2,-58]],[[92153,21209],[46,-90],[-3,-38],[-16,33],[-30,-13],[-34,23],[-34,-37],[-13,-62],[-31,141],[29,13],[5,-32],[17,-2],[11,47],[53,17]],[[92810,21232],[22,-13],[11,-82],[34,24],[19,65],[19,0],[-20,-217],[-34,42],[6,37],[-39,-9],[-72,27],[27,110],[27,16]],[[92630,21303],[-10,-26],[-18,5],[28,21]],[[91588,21332],[-27,-126],[-30,-26],[18,130],[9,-11],[30,33]],[[91539,21322],[-4,-14],[9,42],[-5,-28]],[[91650,21265],[-12,-16],[-39,43],[37,64],[19,-37],[-5,-54]],[[91444,21364],[42,-2],[4,-16],[-49,-236],[-34,143],[11,119],[26,-8]],[[92301,21305],[3,-24],[-53,-83],[3,-58],[-25,-27],[-13,30],[10,101],[-17,-6],[2,16],[-17,-17],[4,38],[-46,-6],[0,65],[44,18],[26,-41],[25,-7],[9,92],[19,24],[-4,-84],[30,-31]],[[91687,21419],[72,-25],[52,34],[76,-48],[135,21],[-3,-17],[29,-2],[-14,-40],[63,-14],[-26,-35],[13,-55],[23,10],[-41,-56],[-51,-1],[-21,-21],[49,-76],[7,-78],[27,-19],[-3,-22],[-20,-8],[-79,41],[-27,-23],[2,-31],[30,-3],[-17,-122],[-55,39],[-50,-8],[-14,-30],[27,-15],[-42,-82],[-47,-6],[36,-52],[3,-40],[-52,6],[-38,-23],[23,-26],[-7,-57],[-42,-5],[-63,-63],[-30,42],[-55,15],[-10,64],[107,354],[7,54],[-20,41],[21,99],[-69,-17],[-14,44],[-20,6],[31,110],[52,-40],[64,83],[-25,61],[-28,-13],[14,59],[20,-10]],[[92790,21452],[2,-14],[-37,2],[35,12]],[[95651,21459],[67,-106],[35,9],[30,-29],[11,-34],[-21,-44],[31,-120],[-47,-12],[-21,125],[-14,-4],[11,-120],[-111,29],[68,108],[-88,-95],[-42,101],[-2,55],[35,86],[99,-78],[-81,97],[40,32]],[[92191,21525],[-9,40],[21,28],[14,-20],[-26,-48]],[[91971,21799],[78,-14],[28,-27],[28,36],[20,-36],[-37,-39],[-1,-54],[-14,35],[-25,3],[-25,-24],[-24,40],[-60,26],[1,35],[31,19]],[[92020,21846],[12,-28],[-32,-1],[-6,12],[26,17]],[[91892,21868],[55,-46],[-47,10],[-8,36]],[[92353,21821],[-43,-45],[-3,-71],[-39,-97],[-49,20],[-1,42],[32,44],[-12,18],[23,91],[35,26],[34,-28],[1,56],[26,24],[16,-60],[-20,-20]],[[91325,22309],[19,-9],[-24,-64],[-36,46],[14,28],[27,-1]],[[91494,23159],[-27,37],[9,25],[-18,2],[7,36],[29,-100]],[[91442,23418],[16,-8],[-11,-192],[49,-109],[-8,-24],[-16,30],[-4,-121],[-37,3],[18,71],[-13,138],[-55,90],[22,13],[5,51],[34,58]],[[91508,23555],[-37,-112],[-33,-7],[-7,18],[46,101],[31,0]],[[91645,23518],[-16,50],[17,18],[-1,-68]],[[91720,23666],[23,-9],[-22,-35],[-15,13],[14,31]],[[91607,23741],[6,-70],[-14,-21],[-17,17],[5,14],[15,-16],[5,76]],[[91755,23735],[21,-52],[-28,-23],[-38,17],[22,33],[-30,-11],[-24,16],[3,24],[62,17],[12,-21]],[[92279,23762],[-5,-20],[-10,22],[15,-2]],[[91651,23787],[-10,-28],[-8,18],[18,10]],[[92143,23753],[43,-28],[43,14],[-44,-32],[-19,-73],[55,11],[30,-16],[6,-94],[43,-13],[-5,-59],[31,-16],[-14,-37],[37,-76],[-19,-55],[-54,-44],[-2,-29],[19,-24],[40,8],[-1,-33],[48,-32],[23,-50],[-11,-64],[42,-20],[13,-32],[-36,4],[-29,-48],[8,-72],[-31,-220],[2,-113],[67,-198],[-34,-110],[8,-65],[-35,-38],[-46,47],[-27,-62],[-27,-8],[11,-43],[-15,-15],[81,41],[22,-12],[-3,-21],[-51,-27],[-11,-45],[-97,-21],[31,-32],[-34,-114],[-30,7],[9,52],[-114,91],[28,36],[-60,-31],[-58,45],[-36,45],[0,44],[-37,54],[-20,6],[31,-22],[-5,-19],[27,-25],[-7,-33],[28,-46],[146,-94],[40,-72],[-50,29],[-39,-37],[-38,47],[-69,-9],[-100,54],[-4,-14],[-53,25],[-29,-9],[14,102],[-34,20],[27,-21],[-16,-100],[12,-7],[29,9],[94,-42],[13,-72],[29,-13],[-11,-42],[79,-90],[0,-35],[34,-2],[15,-33],[23,17],[41,-29],[22,-56],[-51,33],[-10,-42],[33,-9],[4,-23],[27,4],[-6,-23],[-34,12],[-30,-39],[-21,18],[-56,-14],[-93,-45],[-85,47],[-54,-33],[-88,52],[-24,-66],[-4,38],[-35,-65],[-70,20],[0,31],[-13,-26],[-45,-7],[-48,63],[5,45],[-35,1],[3,145],[20,17],[-29,73],[1,121],[32,119],[-27,61],[34,98],[-53,87],[23,109],[31,48],[-15,35],[10,122],[-77,16],[-9,27],[10,29],[18,-30],[39,20],[7,-22],[42,139],[16,-1],[18,-64],[43,52],[-7,65],[71,53],[89,-14],[-2,-119],[3,-14],[9,17],[-1,-26],[23,-21],[-1,-21],[3,25],[-22,19],[0,88],[31,81],[-5,126],[-31,23],[27,-31],[-7,-44],[-58,-83],[-134,8],[11,40],[-29,33],[7,19],[49,5],[-13,55],[24,34],[-55,79],[-38,172],[10,152],[31,30],[21,-95],[10,99],[11,-44],[5,58],[50,30],[10,47],[50,-70],[-4,-34],[6,-14],[20,-16],[8,-67],[15,13],[-9,53],[-35,23],[4,42],[-26,35],[3,43],[41,3],[4,-55],[4,46],[40,12],[-5,103],[71,29],[50,-8],[23,-41],[44,25],[-2,-60],[118,21],[-4,44],[88,25],[7,110],[4,-45]],[[91678,23812],[-8,-51],[-8,43],[16,8]],[[92061,23816],[28,-10],[6,-25],[-19,-10],[-21,24],[-8,-40],[-30,2],[-19,63],[63,-4]],[[91646,23817],[-9,-26],[-8,27],[17,-1]],[[91385,24047],[57,-16],[33,-37],[-20,-130],[28,2],[-1,-70],[-22,-15],[26,-68],[-5,-66],[-13,-30],[-34,13],[40,-37],[-60,-83],[-8,-45],[-43,-25],[-54,5],[3,-48],[33,23],[15,-49],[-51,-34],[-27,-98],[-3,33],[-26,18],[18,9],[2,55],[-65,188],[56,70],[-124,13],[129,-8],[22,122],[-126,4],[1,24],[124,-5],[38,115],[-44,10],[5,46],[54,94],[42,20]],[[92545,24066],[-102,-116],[1,-26],[31,-18],[-30,-29],[11,-52],[-33,3],[-17,35],[-65,-15],[30,35],[53,-16],[-5,36],[-68,21],[-1,31],[16,-14],[16,15],[-39,43],[27,36],[35,-25],[-18,-18],[29,-33],[62,59],[-11,34],[30,-10],[48,24]],[[92245,24171],[51,4],[6,-115],[-77,22],[-19,52],[25,54],[14,-17]],[[91473,24459],[6,-15],[-58,-49],[3,-47],[-19,3],[-18,93],[86,15]],[[92798,25247],[16,-13],[-22,-8],[6,21]],[[92589,25348],[24,-5],[-20,-46],[8,-52],[-46,31],[3,23],[21,-4],[-5,55],[15,-2]],[[91823,25696],[21,-13],[-14,-52],[-7,65]],[[92872,25688],[-22,-29],[-6,21],[28,8]],[[92788,25720],[-11,-49],[-5,42],[19,26],[-3,-19]],[[92889,25757],[19,-22],[-20,2],[1,20]],[[91936,25777],[11,-39],[-17,-19],[-37,-28],[-36,8],[-2,62],[69,14],[9,17],[3,-15]],[[97267,25868],[17,-10],[-10,-82],[-44,-41],[-28,1],[-24,62],[52,70],[37,0]],[[92052,26052],[-13,-39],[-16,27],[29,12]],[[92217,26065],[10,-11],[-28,-20],[18,31]],[[92184,26149],[10,-15],[-24,-12],[14,27]],[[92734,26260],[-13,-25],[-7,19],[20,6]],[[92630,26288],[58,-185],[-41,-227],[-58,-7],[56,-30],[4,-83],[-51,-16],[44,-25],[30,6],[-17,-37],[33,-24],[1,-25],[60,66],[-7,-85],[42,27],[-13,-41],[-55,-17],[-15,-64],[-76,-5],[78,3],[23,32],[61,-134],[25,3],[3,-26],[31,8],[12,-29],[-54,-26],[-39,-101],[-22,101],[-50,-33],[-25,9],[23,89],[-25,59],[9,22],[-26,-26],[24,-33],[-31,-25],[-110,31],[-50,-44],[-12,-50],[-26,22],[-11,54],[-20,0],[-7,45],[-71,-64],[12,-43],[41,-31],[51,-2],[79,-52],[37,36],[-10,-41],[57,-54],[-35,-1],[15,-21],[-16,-50],[50,27],[26,-29],[50,22],[-22,-44],[21,-43],[77,51],[-34,-62],[-5,-91],[-49,-38],[12,-49],[-52,-121],[19,-31],[0,-123],[-24,-43],[15,-180],[-29,-14],[2,-56],[-26,-50],[-30,-6],[-33,-76],[-33,25],[-18,-34],[-29,-9],[-62,42],[11,-64],[22,-21],[-55,9],[-93,107],[2,32],[28,14],[-23,115],[-9,-92],[-23,5],[-23,-21],[-26,53],[-16,-35],[-45,-7],[-16,-12],[-24,-41],[38,47],[68,-15],[-55,-124],[24,-84],[30,2],[11,-54],[52,10],[-7,-34],[22,3],[6,-38],[-40,-52],[-34,8],[-23,-52],[-18,18],[-3,131],[-32,6],[-5,32],[-34,-48],[-21,1],[-36,-125],[17,-23],[-29,-37],[-43,1],[-13,-29],[17,-93],[64,19],[-24,-67],[12,-30],[-112,-26],[0,60],[-48,-22],[-20,41],[-82,8],[-32,60],[-2,60],[30,34],[-37,67],[3,42],[17,-8],[-11,79],[21,23],[25,-33],[44,15],[-36,42],[38,11],[24,47],[-70,-24],[-8,22],[-49,-1],[-10,24],[23,48],[8,226],[14,8],[10,-55],[26,-7],[-18,43],[9,50],[23,16],[31,-28],[-6,44],[17,26],[-33,2],[-24,46],[48,26],[26,-6],[10,-29],[11,22],[25,-11],[-9,34],[29,11],[-20,27],[-47,11],[-29,-15],[-45,31],[21,82],[76,-2],[-63,38],[20,36],[-21,6],[-1,27],[50,45],[-27,15],[19,25],[-14,2],[8,48],[32,27],[29,-26],[20,9],[18,69],[-26,21],[-32,-14],[-22,39],[-22,-13],[-17,44],[8,44],[52,-6],[-11,28],[24,30],[-76,30],[36,22],[-19,45],[32,42],[17,141],[20,10],[22,-25],[61,57],[-11,16],[-18,-17],[-47,19],[-13,46],[25,37],[67,-37],[15,38],[10,-16],[-23,42],[7,23],[52,19],[-13,55],[-29,15],[12,48],[-17,43],[56,24],[46,-6],[18,81],[59,13],[13,-19],[24,24],[-24,42],[17,29],[-50,23],[12,39],[111,3],[16,23],[49,5],[44,-64],[46,0],[13,32],[-43,62],[26,81],[56,-47],[27,-73],[17,6],[6,104],[40,33],[10,-22]],[[92136,26397],[24,-20],[-68,-86],[-14,33],[58,73]],[[92758,26599],[13,-13],[-45,-31],[-31,-84],[-17,62],[52,66],[28,0]],[[92579,26684],[24,-22],[37,-141],[-17,-27],[-37,23],[-11,43],[-52,21],[-54,-25],[-36,47],[18,39],[80,21],[13,-12],[35,33]],[[93357,27994],[29,-126],[-5,-32],[-30,-13],[-17,20],[5,145],[18,6]],[[93885,28535],[8,-31],[38,-4],[-33,-16],[31,-86],[-51,-239],[-45,70],[44,79],[-40,187],[48,40]],[[93851,28675],[15,-6],[-13,-8],[-2,14]],[[93900,28678],[-12,-56],[-27,32],[39,24]],[[94911,31412],[-18,-109],[-52,-35],[-40,-74],[0,-40],[-12,41],[16,106],[46,94],[60,17]],[[44915,25984],[9,-9],[-17,-6],[8,15]],[[44767,26085],[16,-30],[-32,8],[-2,20],[18,2]],[[44604,26462],[-9,-30],[56,-15],[0,-41],[22,-25],[-28,-33],[-22,-98],[-46,-42],[-16,33],[11,47],[-52,74],[44,25],[74,-1],[-124,40],[21,-26],[-15,-24],[-23,67],[70,5],[37,44]],[[44446,26595],[6,-24],[-26,-39],[20,63]],[[44431,26690],[14,-3],[-8,-34],[-6,37]],[[46968,35017],[30,-25],[2,-28],[-32,53]],[[46932,35110],[26,-71],[-32,48],[6,23]],[[49797,37013],[19,-25],[-126,4],[107,21]],[[52622,38396],[0,-1]],[[52622,38395],[0,1]],[[52744,38437],[47,-76],[-36,-25],[4,-29],[62,60],[-18,22],[-19,-8],[-11,30],[70,-23],[23,36],[-26,24],[38,-18],[-154,-209],[-31,-68],[0,-86],[-33,86],[36,-118],[-27,-70],[-55,40],[-50,115],[-61,2],[-39,31],[-4,25],[37,53],[-27,72]],[[52470,38303],[100,29]],[[52570,38332],[116,27],[46,37],[-8,29],[20,12]],[[52622,38396],[6,74],[-27,37],[-49,-78],[-225,-17],[-38,50],[36,52],[8,21],[-16,5],[-108,-94],[-52,-8],[16,-34],[54,-30],[82,5],[116,-71],[41,-5]],[[52466,38303],[15,-84],[-28,-44],[9,-55],[81,-25],[53,-106],[-21,-28],[-78,-14],[-23,-42],[25,35],[98,26],[26,-42],[-40,-81],[-38,3],[-41,-29],[21,-16],[71,15],[54,20],[-4,22],[15,-27],[-319,-115],[-391,-201],[-25,11],[-12,-29],[-237,-129],[-49,-9],[-44,-53],[-285,-140],[-338,-79],[-498,-249],[1,32],[-137,56],[-458,48],[-6,24],[-69,29],[-49,-20],[-34,18],[-37,-24],[-163,2],[-222,-35],[-13,32],[-10,-31],[-25,13],[-36,55],[-67,-7],[-72,-113],[94,59],[-20,24],[53,30],[48,-69],[-239,-93],[-224,-152],[-11,11],[-11,-39],[-118,-139],[-96,-228],[-11,-118],[-73,-7],[71,-2],[-46,-152],[-180,-329],[-8,-86],[25,-86],[-53,-3],[-12,-37],[-150,-129],[-256,-286],[-47,-93],[-9,34],[-42,-76],[3,-40],[68,-154],[-24,-13],[-17,-58],[-128,-77],[-103,-53],[-27,23],[-314,-56],[-95,13],[-94,121],[-61,139],[8,45],[22,-75],[19,-6],[-5,-42],[40,-63],[38,-16],[-9,93],[-66,196],[66,5],[3,66],[-24,37],[-117,91],[-19,-12],[-131,48],[-175,27],[-325,-51],[-203,-65],[-29,9],[-29,-12],[9,-16],[-377,-161],[-340,-225],[-258,-286],[-124,-279],[-45,-264],[-46,-115],[-14,11],[-32,-28],[0,-13],[42,4],[-41,-117],[-271,-340],[-63,-110],[-23,-82],[-22,-10],[-3,-41],[-69,7],[73,-24],[-59,-165],[18,-184],[-38,-117],[-120,79],[56,-73],[61,-33],[14,16],[-102,-264],[-22,-155],[25,-301],[53,-278],[60,-186],[12,-221],[-14,0],[16,-39],[-30,-5],[-46,36],[-34,1],[84,-47],[43,10],[80,-304],[7,32],[75,-112],[5,-25],[-31,-46],[39,42],[-17,60],[136,-420],[76,-35],[24,-52],[-57,-194],[-42,-6],[38,-19],[-47,-654],[-116,-340],[-45,-317],[11,-256],[-13,-5],[-1,45],[-14,-76],[13,16],[11,-25],[4,36],[74,-396],[7,45],[68,-257],[12,-14],[-64,222],[240,-543],[56,-172],[36,-49],[28,-152],[-68,-319],[8,-222],[242,-644],[34,-44],[18,-106],[-34,2],[-68,96],[-36,237],[-10,17],[-4,-42],[-9,36],[-28,0],[23,19],[-23,126],[-54,42],[-33,95],[-54,42],[-31,61],[-106,74],[-3,93],[-67,88],[-17,-11],[-46,63],[-38,-6],[-30,66],[17,-17],[25,39],[-64,-2],[4,-42],[20,3],[24,-45],[-11,-44],[29,-120],[-34,-180],[-46,-5],[-65,118],[4,62],[31,2],[-12,-14],[18,-17],[-30,-33],[33,14],[-4,67],[24,28],[-7,29],[-14,1],[2,-29],[-23,20],[-13,-17],[-16,10],[17,72],[-17,64],[-24,-28],[27,-35],[-25,-23],[9,-126],[-22,-6],[-1,34],[-32,-29],[26,57],[-61,-50],[7,-21],[51,-12],[-83,-39],[-5,-87],[19,-15],[-95,-87],[58,-60],[24,-56],[89,-67],[12,-45],[71,-54],[-13,-28],[9,11],[2,-17],[26,-2],[11,44],[124,-106],[67,20],[119,-32],[95,-9],[-2,15],[41,-59],[56,0],[51,-127],[18,-6],[-21,-1],[-26,-79],[35,70],[46,-3],[39,-31],[7,-42],[4,34],[35,12]],[[45215,25727],[13,-199],[-16,-26],[-135,76],[8,71],[-37,26],[-31,127],[-70,88],[-109,47],[-66,-24],[-115,6]],[[44657,25919],[-25,5]],[[44632,25924],[-17,0]],[[44615,25924],[-5,4]],[[44610,25928],[-22,18]],[[44588,25946],[-35,29]],[[44553,25975],[-10,14]],[[44543,25989],[-44,25]],[[44499,26014],[-76,11]],[[44423,26025],[-18,18]],[[44405,26043],[-26,61]],[[44379,26104],[-34,14]],[[44345,26118],[-14,-10]],[[44331,26108],[-24,42]],[[44307,26150],[-69,-27],[-20,-33],[-104,12],[-37,28],[-67,-22],[2,-64],[60,19],[27,-43],[72,-8],[15,-9],[-3,-58],[-113,13],[-39,-109],[-29,9],[-96,-41],[5,-128],[-46,-38],[-55,5],[-13,-20],[11,-75],[55,-11],[12,-30],[-20,-27],[-31,7],[1,-42],[-54,-85],[-56,30],[-70,-74],[-79,-50],[-44,8],[-29,-40],[-189,4],[-49,-76],[-28,-10],[-96,80],[-29,-88],[-93,-30],[2,-25],[200,-122],[35,-41],[-6,-21],[-36,-2],[-81,-49],[-28,-38],[-80,104],[-16,3],[-11,-32],[-60,-45],[-40,18],[27,102],[-15,18],[-42,-39],[-28,4],[2,68],[39,37],[-59,97],[-22,-53],[-90,31],[-22,-10],[-11,-49],[-33,-7],[-73,34],[-46,-29],[-12,-51],[-20,-7],[-55,16],[-62,68],[-27,46],[-21,124],[-49,18],[-133,3],[-29,19],[-188,8],[-202,-79],[114,-68],[61,5],[13,-21],[-61,-133],[8,-134],[23,1],[4,24],[67,44],[24,-3],[11,-48],[-89,-32],[8,-81],[-169,-19],[-35,-24],[6,-30],[-35,-48],[-51,27],[-3,-109],[29,-19],[-38,-24],[-34,15],[-17,-24],[-52,-7],[-33,-87],[-39,2],[5,67],[-52,31],[-41,-7],[-24,78],[-41,-18],[-34,44],[-40,-82],[-68,34],[-14,-30],[29,-45],[-15,-47],[-41,-48],[-69,-26],[-36,-95],[-36,-27],[19,-13],[-9,-23],[16,-21],[-13,-73],[-76,-46],[-124,59],[-56,6],[-81,-45],[-51,6],[-56,54],[-3,38],[-102,45],[-11,26],[-84,6],[-77,72],[-126,-51],[-34,25],[-25,-15],[-58,7],[-22,-67],[-29,6],[-27,-65],[89,-10],[42,-43],[-15,-11],[-33,17],[-126,-12],[6,240],[-28,16],[-43,-6],[-23,-52],[-98,-6],[-90,32],[-114,-96],[-117,-29],[-163,41],[-32,-200],[-159,53],[-51,-82],[-89,-69],[91,-94],[-33,-5],[66,-132],[-79,1],[-73,-175],[-6,-63],[-48,-73],[23,-106],[-36,-24],[6,-48],[-27,-27],[-2,-56],[-60,-45],[4,-27],[-80,-32],[18,-20],[-17,-39],[31,-9],[-32,-72],[25,-40],[-26,-17],[9,-27],[-87,-23],[-21,49],[8,18],[18,-9],[3,25],[-53,26],[-5,53],[-27,-32],[-35,65],[-37,17],[-17,-18],[17,-27],[35,-46],[57,-24],[3,-24],[-22,-21],[-39,39],[-2,-37],[-25,-13],[41,-54],[-32,-50],[-54,-16],[-61,12],[19,-104],[-30,-90],[-27,17],[-85,-6],[-24,22],[-69,-28],[-117,-6],[-146,103],[-26,-5],[-50,49],[-69,12],[-97,150],[-118,7],[-20,-17],[3,-60],[-105,7],[-38,22],[35,33],[-12,26],[91,26],[25,46],[-24,144]],[[37414,23124],[33,36],[40,159],[3,170],[80,36],[49,-29],[102,-7],[4,71],[65,-11],[22,43],[-61,-1],[9,57],[11,16],[40,-13],[68,149],[123,-126],[25,4],[12,35],[55,-54],[53,-9],[28,17],[6,33],[35,-5],[10,-81],[53,-55],[6,-48],[7,153],[-130,119],[12,56],[-18,33],[29,15],[-18,70],[132,-21],[13,61],[-34,95],[-3,107],[35,2],[38,46],[125,34],[-23,66],[13,45],[44,12],[4,25],[49,24],[-63,34],[-9,52],[47,36],[53,7],[-11,43],[23,37],[113,19],[-21,80],[-78,11],[-6,27],[65,19],[39,47],[-43,30],[6,58],[69,135],[-38,37],[-43,107],[-19,-90],[-13,-13],[-68,12],[-30,-78],[-33,17],[-40,66],[-107,54],[-3,65],[-20,8],[-113,-45],[-43,80],[-124,-60],[-45,51],[-45,12],[16,48],[63,-54],[26,16],[8,38],[-84,54],[-69,1],[-5,32],[61,139],[-33,235],[18,166],[113,274],[-26,46],[-39,13],[-136,-14],[-117,22],[-234,-35],[-82,49],[-19,-39],[-52,19],[-48,-82],[-46,-17],[-15,87],[54,62],[0,82],[-124,28],[-18,97],[-180,-6],[-51,-26],[-12,-28],[-37,9],[-3,58],[-80,64],[21,29],[0,53],[79,-30],[75,15],[15,100],[-91,89],[39,65],[58,44],[27,59],[-39,102],[35,71],[-13,73],[-28,49],[-116,5],[-15,66],[-111,57],[6,-89],[-19,-42],[-83,6],[-40,28],[-73,0],[-72,-160],[-79,0],[13,36],[-21,196],[132,50],[-17,103],[19,107],[-45,11],[-41,-33],[-17,-54],[-45,-13],[-71,-100],[-30,-6],[-82,55],[-10,76],[-212,-15],[-44,30],[-37,-48],[-8,-54],[18,-53],[37,-21],[15,-36],[8,-32],[-30,-22],[32,-21],[-63,-33],[-30,-44],[-100,-18],[9,-89],[-186,-43],[-58,-43],[2,-171],[-18,-52],[-24,-6],[-25,117],[-119,-35],[30,68],[-5,29],[-79,-7],[-144,-78],[8,-33],[79,-22],[11,-23],[-58,-30],[-63,58],[-33,4],[-82,-65],[-26,10],[-39,-49],[-30,15],[-32,90],[-74,0],[-17,-26],[47,-70],[-23,-120],[-34,-8],[-36,72],[-57,9],[-29,-14],[21,-63],[-33,-35],[-99,-7],[-19,77],[45,65],[22,119],[-45,162],[25,44],[-63,20],[-44,-55],[-44,12],[9,33],[-40,-1],[66,117],[-6,21],[-193,-15],[1,27],[-51,29],[-120,-81],[-27,4],[-49,121],[-64,-28],[-25,-34],[-122,-6],[10,64],[-46,38],[3,88],[-28,24],[-32,2],[-52,-132],[-12,-4],[2,70],[-14,10],[-30,-83],[-16,-13],[-52,14],[-13,6],[26,154],[-19,62],[-65,-34],[-14,-34],[34,-129],[-9,-36],[-87,8],[-57,-37],[5,-25],[76,-31],[62,-54],[-31,-78],[65,-110],[-18,-67],[-109,4],[-52,-19],[-105,39],[-56,-29],[1,-62],[-76,6],[-93,117],[-33,9],[-24,-7],[-32,-143],[-65,34],[-47,171],[17,28],[-8,43],[-57,39],[58,52],[8,44],[30,-1],[44,43],[42,167],[90,15],[-21,109],[-174,120],[20,95],[-72,58],[-99,40],[-29,53],[-36,8],[25,96],[126,19],[12,49],[-25,56],[-82,21],[8,44],[-20,59],[-60,59],[-54,-20],[-107,35],[29,108],[96,-6],[74,32],[17,90],[63,-53],[229,-11],[-23,-174],[24,-20],[-13,-62],[-31,-31],[58,-57],[-14,-85],[13,-31],[169,-23],[2,-30],[26,-6],[166,16],[50,-170],[48,-25],[27,-4],[31,28],[-4,33],[36,9],[86,-22],[91,19],[88,-6],[49,56],[59,28],[4,-77],[22,-5],[94,77],[37,-8],[62,-133],[88,-31],[-38,-121],[71,-33],[-75,-116],[21,-60],[157,4],[6,-68],[19,2],[107,83],[6,28],[-64,20],[-9,83],[78,28],[7,98],[-37,31],[-168,-29],[-9,48],[38,99],[-213,60],[44,119],[45,-2],[32,22],[51,50],[27,71],[59,50],[4,28],[-25,31],[-115,-38],[-54,-49],[12,109],[108,20],[22,70],[26,23],[1,45],[74,17],[200,-21],[139,-51],[37,81],[-76,214],[35,127],[-12,43],[-44,14],[-19,36],[-92,-48],[-41,21],[-5,124],[-55,-19],[-6,61],[-116,33],[-34,-17],[-44,-76],[4,-38],[35,-114],[62,-21],[55,-186],[-3,-34],[-89,-48],[-27,4],[-8,71],[-98,76],[14,152],[-297,26],[6,212],[-87,-21],[-48,-43],[-48,-13],[-133,12],[-165,91],[-21,-22],[-22,15],[-32,-21],[-23,-112],[-52,-54],[-19,-99],[32,-19],[-39,-168],[-110,-15],[-96,116],[-62,4],[-108,-35],[-81,26],[-145,-7],[-69,138],[70,36],[24,48],[-27,44],[-164,53],[-74,105],[15,169],[50,16],[62,74],[106,-54],[8,175],[55,2],[22,24],[33,102],[-249,23],[-135,-61],[-60,118],[-99,93],[-29,-10],[-75,28],[-51,98],[-36,143],[-14,-12],[-47,57],[42,277],[100,234],[-66,173],[199,21],[13,75],[43,-1],[-33,100],[35,34],[18,87],[-39,97],[62,18],[19,179],[-4,102],[-87,-11],[-49,-39],[-46,49],[-193,23],[-25,51],[102,130],[-50,144],[12,67],[85,75],[237,-132],[60,-108],[73,13],[173,-19],[90,-54],[56,-10],[6,38],[64,36],[172,-2],[-21,-91],[141,-21],[12,86],[32,21],[70,3],[60,153],[7,98],[75,52],[24,51],[-5,43],[-65,17],[-12,26],[18,25],[78,-1],[20,48],[-6,80],[-43,99],[-32,40],[-77,12],[10,46],[34,5],[29,65],[93,-2],[-4,31],[-71,27],[10,76],[-121,16],[-21,144],[-180,-21],[5,62],[-93,81],[22,96],[-57,68],[-4,130],[-80,51],[-37,74],[-96,90],[6,60],[90,-26],[114,1],[-11,295],[21,221],[147,27],[47,46],[130,-107],[33,131],[-90,77],[-93,46],[31,70],[-30,5],[0,43],[-109,14],[-14,36],[37,94],[-17,7],[52,68],[17,68],[-21,8],[9,97],[-83,-6],[-72,39],[203,301],[104,57],[94,22],[50,40],[139,36],[174,6],[81,24],[125,-40],[66,12],[54,-21],[145,-5],[84,-41],[188,35],[151,-57],[113,-4],[45,-21],[24,141],[-38,58],[17,114],[-32,13],[-41,97],[46,164],[-38,41],[19,51],[43,25],[-85,47],[6,122],[-17,43],[42,110],[2,100],[59,16],[-2,24],[-82,4],[-4,98],[42,31],[9,38],[67,12],[54,-32],[35,94],[81,41],[59,-45],[43,16],[-29,146],[27,37],[-74,-6],[-65,21],[-133,110],[-91,22],[-210,-5],[-38,-36],[-60,-9],[-144,66],[-113,0],[-38,33],[-179,56],[-76,105],[-23,66],[-85,80],[13,19],[47,-20],[151,23],[18,68],[103,-40],[156,12],[11,69],[37,34],[123,11],[12,16],[1,101],[-52,11],[-42,50],[4,21],[97,-5],[72,66],[102,12],[-20,30],[20,12],[-2,37],[-36,10],[0,25],[58,128],[-30,7],[-65,-50],[-41,7],[12,19],[-72,47],[-1,31],[77,14],[34,30],[57,-7],[13,22],[6,130],[-80,7],[-30,-24],[-52,27],[45,135],[8,130],[125,-16],[3,66],[-34,32],[-23,74],[14,119],[-10,95],[-20,9],[4,106],[54,31],[-14,137],[56,59],[-3,86],[18,33],[61,33],[-28,55],[0,66],[-52,86],[-4,59],[-62,64],[9,43],[-90,40],[-18,-13],[-38,11],[-74,36],[-18,33],[-84,23],[-4,42],[-31,10],[-26,40],[18,13],[22,96],[77,9],[8,56],[20,8],[-53,16],[-16,26],[93,68],[36,-29],[28,90],[119,87],[-6,42],[-70,6],[58,103],[21,88],[4,28],[-24,19],[6,79],[104,-3],[-26,-25],[8,-16],[92,-19],[81,30],[26,39],[8,22],[-33,33],[53,69],[-92,32],[-2,57],[87,53],[146,-44],[2,95],[85,-45],[54,6],[2,99],[110,24],[14,73],[32,32],[-18,-85],[134,-32],[6,126],[-73,17],[-35,43],[-132,4],[-17,27],[-93,13],[-7,116],[-155,-51],[-43,84],[-35,7],[-96,-124],[-43,98],[-60,-5],[-48,46],[-79,17],[2,88],[22,12],[26,90],[-31,68],[20,166],[79,49],[48,-2],[37,48],[41,-6],[83,49],[44,-7],[84,84],[15,65],[-43,-11],[-117,71],[-69,12],[24,72],[56,40],[0,58],[66,-2],[4,-36],[18,4],[52,93],[34,118],[32,12],[57,-21],[5,26],[-55,82],[8,38],[117,-21],[0,136],[45,40],[-19,36],[23,20],[7,-36],[46,-28],[1,63],[34,26],[-37,15],[20,20],[-10,57],[-30,12],[-35,-15],[-82,98],[-54,-30],[-27,56],[-119,38],[-4,48],[-23,26],[6,38],[34,-6],[40,55],[112,31],[12,58],[-26,110],[16,92],[-69,40],[-35,104],[-21,3],[0,41],[37,-3],[40,65],[-47,92],[114,144],[-121,49],[-36,-29],[-41,32]],[[34913,44476],[76,65],[-13,37],[-50,52],[-97,31],[-29,38],[7,59],[104,89],[22,117],[-109,36],[9,51],[23,7],[95,-28],[94,40],[-6,31],[-126,17],[-14,21],[91,14],[22,65],[53,-11],[9,-29],[30,3],[6,66],[-61,45],[3,26],[53,47],[-30,4],[15,95],[50,0],[9,-20],[12,24],[47,7],[20,-21],[23,34],[31,-5],[12,-11],[-25,-52],[45,-35],[69,55],[136,50],[90,2],[43,194],[-69,145],[14,74],[-20,8],[18,46],[62,53],[31,67],[25,3],[18,-67],[64,-25],[0,39],[59,84],[2,51],[129,302],[262,85],[79,-30],[51,2],[6,77],[-54,16],[10,17],[-29,12],[3,20],[-98,34],[-2,61],[-41,5],[-22,90],[-93,-9],[-60,20],[49,158],[-87,-8],[-11,-17],[-55,14],[16,127],[-111,7],[-21,-31],[-53,20],[-8,131],[-29,51],[16,129],[132,-41],[-14,76],[29,51],[5,68],[47,6],[50,-72],[73,20],[-11,93],[-53,83],[68,75],[14,83],[20,16],[-51,28],[7,34],[56,113],[22,112],[64,19],[59,-16],[20,43],[-19,38],[-145,27],[-3,70],[101,39],[19,34],[71,-13],[106,95],[31,-5],[104,-78],[32,-46],[122,-49],[55,-86],[48,-12],[20,-112],[89,18],[27,32],[64,-36],[102,4],[86,-63],[75,24],[50,20],[11,30],[-12,114],[38,93],[14,111],[-37,26],[-28,56],[30,164],[-21,62],[60,-16],[97,102],[104,-15],[79,91],[90,-19],[43,29],[4,116],[-39,68],[-17,128],[-59,81],[65,0],[12,33],[42,19],[0,125],[-88,194],[-66,33],[60,102],[113,4],[24,50],[85,39],[0,80],[29,13],[54,167],[-27,95],[-91,50],[11,79],[-167,40],[50,227],[45,27],[33,2],[25,-23],[-46,-58],[50,-45],[179,-16],[6,-102],[44,-63],[116,-51],[177,-26],[66,-90],[36,-2],[33,84],[51,28],[219,-38],[70,22],[118,-53],[226,-54],[77,-88],[81,49],[93,-15],[81,12],[84,-80],[115,16],[27,-15],[67,-237],[-18,-156],[120,-4],[93,48],[71,-21],[72,4],[55,-54],[-23,-123],[11,-50],[55,-75],[-115,-106],[18,-22],[90,-3],[53,42],[95,-85],[124,21],[44,-54],[147,-13],[7,-59],[133,-44],[140,-156],[42,-8],[126,35],[-60,92],[33,73],[78,63],[12,126],[38,70],[-46,84],[-2,38],[25,12],[227,-86],[36,-95],[57,31],[147,-9],[8,-37],[158,-109],[103,0],[63,-56],[46,-83],[160,80],[6,92],[103,25],[37,-109],[112,-66],[58,3],[66,211],[89,63],[273,33],[102,76],[168,-37],[30,-52],[87,-43],[43,-123],[156,-124],[153,-48],[108,-108],[21,-91],[102,-153],[-32,-194],[-27,-62],[17,-143],[-62,-52],[-93,-222],[8,-89],[78,-127],[-10,-23],[-54,-14],[-75,-74],[-130,-73],[-49,-72],[6,-268],[116,42],[95,7],[36,-18],[32,-81],[-12,-180],[36,-144],[-7,-303],[-50,-83],[-118,-25],[83,-129],[59,-50],[299,-68],[24,-61],[53,-18],[50,-98],[58,-17],[183,-156],[176,77],[48,-72],[67,-7],[48,84],[47,15],[40,-20],[80,20],[78,65]],[[45046,46121],[107,-125],[86,-246],[73,-130],[52,11],[53,53],[54,-43],[77,52],[51,7],[128,67],[48,-14],[94,16],[37,-35],[58,-18],[68,-104],[237,-143],[68,-88],[70,-28],[7,-78],[61,-102],[179,-139],[-29,-65],[82,-52],[50,12],[9,-20],[-47,-80],[30,-42],[8,-84],[61,-108],[7,-77],[163,-202],[-15,-25],[-191,-95],[5,-181],[39,-27],[65,-7],[133,13],[74,80],[-3,147],[7,22],[40,12],[110,-31],[31,-72],[-23,-33],[-49,-4],[28,-211],[23,-40],[145,8],[116,57],[83,67],[73,5],[-4,-95],[-87,-78],[2,-96],[-22,-67],[82,-145],[-14,-46],[84,-418],[36,-34],[37,-292],[31,-84],[74,-104],[88,-26],[65,13],[58,95],[263,161],[121,-22],[231,-135],[268,2],[220,-23]],[[49212,42607],[91,-7],[38,61],[67,-20],[82,36],[40,-6],[41,-78],[271,52],[56,44],[158,-48],[118,92],[23,90],[52,55],[55,3],[39,28],[56,-92],[295,188],[70,101],[120,58],[50,-1],[196,69],[54,43],[142,47],[138,109],[48,13],[-1,81],[86,51],[98,-52],[55,17],[-25,37],[41,8],[9,20],[75,-50],[78,20],[59,-36],[12,-50],[37,31],[80,-8],[49,-80],[2,-40],[73,-7],[79,-56],[70,-8],[18,-47],[95,25],[13,94],[-47,93],[33,52],[115,53],[-19,-30],[14,-31],[37,-5],[-3,-27],[42,-7],[-14,35],[32,19],[30,-37],[25,26],[27,107],[-12,46],[-31,28],[4,186],[91,-67],[25,38],[-58,104],[-59,6],[-84,43],[-16,81],[51,21],[48,57],[-42,25],[36,42],[22,127],[25,21],[105,9],[79,125],[-32,47],[-72,-8],[-61,-40],[-53,42],[40,18],[55,85],[61,37],[30,61],[-45,111],[-41,46],[60,47],[74,114],[110,98],[38,78],[138,152],[28,7],[14,-19],[-36,-16],[22,-56],[66,-51],[30,24],[59,-16],[5,-54],[-18,-28],[29,-19],[-24,-20],[24,-16],[-42,-48],[26,-12],[-7,-22],[20,1],[13,-50],[33,15],[-2,19],[57,-21],[-66,-113],[17,-19],[-30,-26],[10,-27],[53,-24],[25,19],[54,-16],[112,-60],[-8,-57],[48,-29],[-13,-18],[-42,-3],[21,-91],[-47,8],[-49,-48],[12,-23],[30,4],[12,-39],[-20,-42],[11,-23],[-29,-19],[31,-52],[76,-28],[15,-38],[50,-41],[69,45],[-2,64],[52,114],[146,37],[17,47],[31,17],[88,1],[-6,18],[51,8],[17,32],[60,11],[64,89],[-24,65],[36,28],[0,46],[21,18],[-45,18],[-18,78],[85,76],[72,-4],[99,-111],[14,21],[79,-34],[35,32],[20,-7],[23,-79],[-22,-53],[66,-87],[93,19],[19,-37],[48,-3],[53,26],[62,-9],[58,77],[73,13],[21,24],[74,-56],[61,21],[49,65],[-40,47],[24,63],[-9,30],[-83,-37],[-16,17],[18,13],[-3,31],[-46,7],[-35,30],[135,127],[140,233],[-66,18],[-76,-29],[-70,50],[5,40],[-26,37],[101,72],[-7,25],[-41,14],[-50,-56],[-73,24],[49,85],[-43,101],[154,68],[74,165],[170,196],[-16,40],[78,55],[66,-53],[67,1],[62,-58],[61,-7],[13,-102],[64,113],[-11,80],[174,-34],[21,24],[-6,47],[35,55],[92,35],[70,-2],[39,-21],[22,40],[64,-12],[13,28],[-36,55],[32,40],[52,-41],[88,36],[6,85],[50,26],[-97,53],[-48,64],[43,38],[-88,6],[-52,99],[9,27],[52,-15],[30,-50],[35,24],[-61,57],[-11,59],[-57,14],[-16,-149],[-46,-6],[-39,65],[47,15],[5,22],[-24,27],[3,27],[-51,36],[-30,89],[89,-6],[22,72],[42,12],[33,-2],[27,-57],[99,21],[59,-26],[16,11],[-1,-63],[127,-124],[47,-8],[26,53],[-8,83],[-37,6],[-7,66],[98,3],[12,80],[-46,58],[-9,64],[-24,13],[10,52],[41,3],[11,29],[76,-96],[43,45],[31,-154],[-20,-11],[-55,19],[7,-60],[134,-22],[13,89],[65,72],[-27,57],[5,45],[32,17],[22,-46],[-12,-57],[79,-6],[21,115],[75,33],[-38,124],[74,52],[34,76],[26,-34],[-2,-69],[74,-19],[1,-28],[-19,-5],[48,-99],[-3,-49],[103,-120],[47,-106],[98,-17],[-13,-30],[-55,-18],[2,-55],[77,-37],[73,-222],[38,-5],[43,-56],[47,21],[-70,142],[-41,-1],[-40,132],[43,57],[64,22],[27,38],[43,-2],[15,-62],[42,-40],[46,-111],[-5,-75],[29,-45],[-16,-48],[23,-16],[55,12],[17,-78],[-20,-91],[25,-51],[77,-48],[22,-79],[48,5],[14,-55],[32,36],[46,6],[96,-37],[23,-39],[91,29],[68,-16],[93,16],[46,-25],[28,17],[26,-46],[51,-26],[5,-49],[35,-10],[27,-63],[60,-28],[96,40],[57,-26],[24,18],[7,46],[75,42],[30,-2],[-5,-23],[81,-1],[25,41],[14,-11],[137,40],[16,-27],[78,-29],[98,66],[113,-43],[87,52],[-10,65],[55,12],[-13,24],[17,33],[-35,56],[-5,87],[37,-4],[26,-46],[41,1],[34,62],[-66,30],[-9,32],[119,-54],[16,32],[-6,21],[-68,24],[-9,27],[107,-40],[59,18],[-14,60],[44,-21],[43,50],[-52,94],[18,44],[76,67],[-22,38]],[[60584,47118],[-31,28]],[[60553,47146],[-4,20]],[[60549,47166],[-1,24]],[[60548,47190],[-39,65]],[[60509,47255],[20,1]],[[60529,47256],[8,-15]],[[60537,47241],[57,-43]],[[60594,47198],[127,-63]],[[60721,47135],[15,41]],[[60736,47176],[8,62]],[[60744,47238],[43,51]],[[60787,47289],[32,15]],[[60819,47304],[45,48]],[[60864,47352],[141,33]],[[61005,47385],[22,6],[23,46]],[[61050,47437],[30,15]],[[61080,47452],[10,-11]],[[61090,47441],[28,6]],[[61118,47447],[-16,-104]],[[61102,47343],[16,-62],[36,-23]],[[61154,47258],[35,26],[13,51]],[[61202,47335],[33,53]],[[61235,47388],[18,0],[-7,12]],[[61246,47400],[1,19],[40,3]],[[61287,47422],[8,-11]],[[61295,47411],[17,-12]],[[61312,47399],[16,23]],[[61328,47422],[50,2]],[[61378,47424],[25,-15]],[[61403,47409],[32,47]],[[61435,47456],[-33,64],[-36,13]],[[61366,47533],[-41,-37]],[[61325,47496],[-34,-1]],[[61291,47495],[-29,60]],[[61262,47555],[-41,10]],[[61221,47565],[-37,87]],[[61184,47652],[-15,33],[66,-24],[74,12]],[[61309,47673],[46,16],[21,-17]],[[61376,47672],[52,6]],[[61428,47678],[18,51]],[[61446,47729],[-4,83]],[[61442,47812],[31,1],[30,-28]],[[61503,47785],[61,2]],[[61564,47787],[16,3]],[[61580,47790],[12,-8],[5,-21],[-34,-71]],[[61563,47690],[-13,-14]],[[61550,47676],[16,-43]],[[61566,47633],[-2,-6]],[[61564,47627],[80,-50]],[[61644,47577],[13,-24],[28,-1]],[[61685,47552],[115,-71],[-273,-380],[-86,-25],[12,-34],[57,41],[-52,-62],[-215,-200],[-82,-103],[-26,13],[15,-23],[-40,-83],[2,-45],[-72,-76],[-14,-99],[-191,-157],[-136,-147],[-92,-126],[-1,-62],[-235,-224],[-59,-74],[-26,-87],[-40,-11],[-19,-41],[62,48],[2,-25],[-575,-503],[-193,-204],[-49,-93],[-19,-9],[-24,18],[14,-32],[-19,0],[-3,-62],[24,-46],[-20,-23],[-181,-122],[-239,-106],[-228,-128],[-229,-78],[-100,-81],[-291,-109],[-265,-142],[-150,-92],[-329,-252],[-46,-12],[-50,-74],[-1,-60],[-109,-132],[-258,-172],[-12,62],[7,-58],[-28,-21],[11,-48],[-167,-171],[23,-37],[-22,-90],[-70,-64],[-25,-65],[-133,-101],[-23,-52],[6,-48],[-141,-88],[-16,-20],[22,3],[-6,-36],[-20,30],[-6,-22],[-64,-4],[-36,87],[-35,-3],[-1,-26],[32,3],[40,-67],[59,-5],[-10,-44],[-49,-59],[-77,-34],[-7,-28],[-91,-56],[-10,-52],[20,-15],[-80,-48],[-12,-32],[-141,-60],[-50,-55],[-264,-84],[-11,-23],[-282,-116],[-85,-120],[-134,-48],[-24,-28],[-271,-125],[-7,32],[24,30],[-25,-19],[-17,-36],[6,-24],[-489,-211],[-471,-265],[-18,16],[6,-25],[-50,-14],[-441,-314],[-411,-381],[4,49],[-10,-54],[-36,-40],[-18,14],[-1,-30],[-199,-220],[-71,-154],[27,-38],[-35,-5],[-2,-20],[31,-10],[-33,-11],[-18,-39],[5,-78],[-66,-17],[-19,-24],[1,-88],[25,-28],[1,-53],[34,-4],[17,-38],[44,8],[14,-16],[-12,-32],[17,24],[-1,22],[60,-49],[39,-49],[-5,-45],[52,59],[107,-15],[34,222],[-16,136],[-15,46],[-55,36],[-56,95],[78,-33],[43,-69],[29,-238],[-27,-223],[-38,-138],[24,39],[-45,-206],[1,-105],[-116,-17],[0,-32],[-46,-42]],[[100863,76839],[-6,100],[-74,89],[15,94],[92,106],[-111,43],[-60,160],[36,42],[-49,-5],[-41,59],[106,80],[63,0],[15,20],[0,115],[-31,53],[-42,10],[-19,76],[16,8],[-25,15],[31,30],[-37,45],[18,2],[-55,28],[18,63],[-17,142]],[[100706,78214],[31,0],[37,-37],[33,29],[25,-3],[6,21],[64,-59],[110,75],[1,27],[132,115],[132,70],[66,31],[39,-41],[162,110],[77,8],[37,23],[26,-12],[30,74],[-27,33],[35,34],[-16,38],[18,32],[-33,89],[36,18],[67,108],[71,33],[37,54],[15,-19],[54,26],[80,-62],[68,-13],[58,-83],[164,40],[11,-12],[177,79],[136,1],[71,47],[167,36],[80,49],[15,-42],[187,51],[2,-55],[43,-50],[80,-15],[47,111],[211,97],[21,57],[58,10],[-53,10],[88,56],[12,46],[80,17],[9,13],[-70,86],[-40,100],[-44,9],[-6,53],[-17,5],[-20,-49],[-3,48],[-23,-30],[-30,17],[-11,46],[-124,-8],[-88,-143],[-17,147],[-88,-58],[9,-46],[-67,51],[13,56],[41,28],[-10,55],[56,18],[11,108],[39,27],[-42,53],[11,129],[-71,-3],[-38,51],[-45,3],[-30,48],[-40,11],[11,82],[-98,18],[-14,56],[-26,4],[1,35],[37,13],[15,51],[-83,44],[-3,46],[8,26],[60,35],[-82,33],[-16,90],[-45,43],[110,42],[-27,62],[76,72],[83,125],[75,47],[33,49],[91,29],[58,59],[11,39],[46,6],[-4,33],[29,-10],[27,61],[23,-13],[-9,53],[50,9],[71,114],[-19,35],[93,103],[-565,34],[-817,-76],[-67,-62],[-65,3],[-23,-77],[-79,-35],[-1,-42],[-65,-17],[-38,-63],[-491,-153],[-253,112],[-987,-312],[-77,-59],[-124,7],[-425,-133],[-86,-10],[19,-13],[-46,-18],[-18,-80],[-35,-28],[-68,-28],[-96,7],[-16,-35],[-71,-19],[-60,-67],[-50,-12],[-81,25],[-29,-38],[-88,27],[-21,-15],[12,-38],[-17,-15],[-50,3],[-77,-32],[-52,-51],[-160,-23],[-67,-61],[-176,-43],[-98,-71],[-78,-2],[-72,-74],[-24,51],[-65,52],[-19,72],[-37,-7],[-66,-54],[-58,8],[-44,-18],[-31,-31],[-206,50],[-53,57],[-39,-49],[-43,6],[-14,39],[-68,40],[48,54],[-55,51],[-64,-33],[-66,-90],[-24,7],[52,-48],[-13,-41],[19,-47],[112,-70],[22,-116],[-13,-18],[-139,-60],[-35,-35],[-79,-7],[-126,-70],[11,-45],[-276,-238],[-94,-158],[-228,-112],[3,-17],[-165,-137],[-207,-205],[-125,-164],[-103,-98],[-49,-16],[-72,-74],[-6,-48],[-28,-2],[8,-18],[49,-2],[-1,-32],[46,-17],[35,-171],[-60,-39],[-22,23],[-30,-36],[-29,36],[-22,-63],[-19,4],[-11,45],[-20,-56],[-20,37],[-15,-73],[-185,-93],[-161,-185],[-191,-27],[-150,-44],[-218,-16],[-136,-39],[-9,18],[-70,-17],[-75,59],[-373,35],[-468,-54],[-423,-84],[-64,-46],[-86,34],[-184,-29],[-379,183],[-4,79],[-165,89],[-385,97],[-207,-26],[-204,48],[-31,-53],[-43,-24],[21,-33],[3,-87],[-225,-99],[-118,-11],[-181,30],[-169,-13],[-50,-11],[-76,-66],[-52,3],[-45,-69],[-174,36],[-188,-44],[4,-57],[-102,-27],[-82,38],[-222,-82],[-264,-5],[-61,16]],[[89193,77639],[35,149],[-19,65],[20,42],[-16,60],[-41,28],[4,95],[-87,50],[-12,74],[-47,47],[-71,-1],[-42,50],[-43,193],[53,91],[-49,92],[7,36],[116,69],[4,52],[46,79],[-15,82],[-96,65],[-1,19],[113,41],[118,-32],[65,27],[6,45],[-67,53],[-92,34],[-72,65],[6,70],[-52,89],[30,123],[-46,49],[-12,91],[-73,43],[-2,124],[-82,-10],[-66,-47],[-51,7],[-97,-24],[-62,41],[-90,-12],[-28,19],[-70,-1],[-35,35],[-51,2],[-77,-52],[-71,14],[-133,-31],[-90,37],[-111,-15],[-23,13],[-12,68],[-76,44],[-138,-76],[-21,7],[-13,55],[-88,55],[-42,109],[-55,-8],[-48,88],[-55,49],[-18,35],[55,59],[-2,34],[-49,45],[-20,52],[34,73],[85,75],[8,44],[25,13],[-8,23],[51,1],[51,51],[22,158],[39,42],[-2,28],[-31,24],[-11,113],[-110,77],[-96,-31],[-28,10],[-80,155],[32,12],[23,-27],[21,4],[47,36],[28,-22],[36,22],[49,-31],[204,17],[27,-6],[93,-134],[57,-34],[181,-46],[172,29],[41,-21],[34,27],[34,-117],[44,-17],[57,-149],[37,-10],[31,-48],[111,17],[38,-43],[98,52],[40,85],[38,3],[67,71],[201,-49],[66,8],[375,300],[203,85],[133,17],[67,-22],[77,-194],[84,-109],[270,61],[12,79],[89,25],[26,4],[112,-86],[41,10],[173,147],[52,-5],[107,-88],[39,4],[189,228],[239,87],[167,190],[95,154],[-164,228],[-53,39],[-68,16],[90,243],[185,99],[173,124],[62,72],[61,-3],[19,-106],[20,-8],[256,126],[66,117],[192,103],[80,-40],[15,-65],[39,-14],[125,124],[-38,155],[84,-3],[96,26],[87,-8],[110,76],[113,-32],[144,-2],[94,61],[12,170],[35,88],[-21,29],[-167,94],[6,28],[93,47],[103,118],[152,85],[48,149],[61,88],[-20,128],[103,34],[35,123],[52,-5],[227,54],[126,89],[79,-92],[28,6],[18,82],[45,35],[67,-16],[57,-72],[35,-9],[322,-4],[415,121],[163,-80],[257,150],[79,-14],[145,-104],[82,-19],[115,127],[32,71],[11,109],[123,93],[0,34],[-61,54],[2,32],[53,50],[-19,84],[131,46],[136,165],[331,226],[12,74],[54,69],[9,110],[147,245],[160,126],[112,121],[258,17],[40,53],[17,92],[220,142],[236,-40],[144,8],[93,40],[52,83],[22,117],[102,62],[51,61],[17,126],[17,12],[50,-6],[133,-74],[127,-91],[247,-243],[76,-120],[-18,-115],[19,-60],[181,71],[94,5],[175,-85],[182,-10],[103,-72],[103,-40],[11,11],[-28,36],[-118,118],[41,-2],[157,-79],[219,-34],[87,-106],[279,-33],[202,9],[-3,-160],[62,-42],[135,21],[159,-65],[146,-31],[95,-15],[72,27],[67,-20],[26,4],[118,151],[39,247],[26,10],[162,-55],[-6,200],[-28,129],[179,16],[7,93],[41,76],[147,-47],[168,106],[70,89],[94,8],[61,53],[7,50],[120,105],[21,0],[29,-71],[21,-6],[113,74],[50,-7],[30,19],[121,126],[285,-34],[112,94],[57,20],[198,178],[93,19],[46,-26],[76,-112],[137,-109],[94,-134],[39,-77],[-10,-136],[75,-60],[26,-72],[125,-153],[184,2],[73,90],[122,32],[67,70],[44,-7],[66,-105],[-19,-88],[-61,-60],[-48,-141],[-45,-41],[-321,-41],[-42,-39],[-79,-15],[-39,-31],[-64,-124],[-54,-44],[-266,-66],[134,-94],[129,-251],[-17,-75],[-94,-50],[-37,-70],[66,-59],[13,-63],[31,-6],[274,149],[28,63],[142,152],[197,130],[332,20],[334,161],[-179,-329],[38,-110],[22,-12],[95,33],[18,-88],[56,-104],[-5,-143],[144,-206],[104,-101],[45,-99],[-9,-73],[-103,-147],[-96,-38],[-141,-11],[-118,-79],[-67,-1],[80,-193],[-185,-124],[-61,-72],[-21,-9],[-81,36],[22,-117],[-194,-13],[-108,-102],[-5,-14],[157,-99],[24,-68],[-22,-29],[-96,-37],[-289,-218],[152,-34],[57,-71],[191,31],[33,-116],[46,-6],[27,-70],[87,25],[34,157],[98,106],[81,21],[113,-24],[259,172],[316,11],[156,-109],[167,-61],[87,-184],[138,-23],[152,1],[38,38],[135,30],[80,-87],[22,-71],[100,-19],[79,-63],[84,-29],[98,39],[108,122],[152,45],[125,-52],[97,-85],[82,-135],[69,-18],[118,21],[64,-95],[152,4],[90,-47],[25,-47],[54,-4],[176,-97],[97,-97],[-1,-27],[-31,-9],[-75,36],[-31,-16],[-123,-129],[-22,-56],[53,-111],[-107,-101],[-10,-63],[16,-27],[74,-18],[156,19],[-21,-69],[34,-51],[142,-58],[-13,-35],[-76,-12],[-49,-99],[-9,-161],[45,-69],[-34,-33],[39,-83],[-91,-44],[-79,35],[-83,-18],[10,86],[-57,70],[-195,-79],[-259,-245],[-71,-37],[-28,-53],[-86,-29],[-49,-64],[-81,-19],[-15,-19],[24,-52],[-31,-97],[-108,38],[-73,-40],[-72,-1],[-48,-33],[-140,-265],[-73,9],[-61,-26],[-50,-44],[-35,-95],[-82,-41],[6,-104],[56,-21],[6,-116],[82,-109],[-89,-160],[-8,-99],[81,-47],[30,-91],[89,-45],[38,-74],[-25,-38],[11,-28],[96,-92],[22,-97],[137,-85],[13,-70],[48,-16],[25,-51],[115,-94],[4,-102],[80,-47],[40,-93],[48,-30],[36,4],[23,-63],[41,-26],[17,-72],[-59,-40],[-35,-90],[-58,3],[-83,68],[-138,-47],[-71,38],[-83,87],[-117,48],[-53,49],[-247,34],[-160,69],[-35,24],[-10,75],[99,68],[10,42],[-28,78],[-88,18],[-44,130],[-93,54],[-84,131],[-110,41],[-120,-2],[-105,63],[-50,-59],[-108,26],[-89,-17],[-96,19],[-30,-13],[-53,-50],[10,-45],[-146,-75],[-147,-121],[-63,53],[-72,-9],[-57,28],[-139,-10],[-65,-39],[-92,-20],[-102,21],[-10,-23],[-51,-22],[-138,52],[-76,-30],[-44,-57],[-41,-6],[-124,27],[-60,-59],[-82,-17],[-53,-42],[-68,1],[-184,-82],[-57,-7],[-47,-55],[-187,-81],[-72,-159],[-141,-170],[-82,-164],[-78,-59],[-221,-125],[-72,7],[-74,-27],[-112,20],[-175,-218],[10,-73],[-41,-57],[21,-59],[-102,-106],[-36,-15],[-66,14],[-18,31],[-94,58],[-39,-20],[-45,-82],[-53,-17],[-17,-115],[-77,-109],[-137,17],[-75,54],[-82,-33],[-67,-69],[-95,-199],[-21,-25],[-67,-18],[-137,-194],[-84,-13],[-151,-74],[-72,2],[-164,-85],[-114,26],[-37,42],[-8,49],[-34,23],[-25,6],[-24,-29]],[[100706,78214],[-172,-167],[-121,-62],[-26,-65],[-86,-54],[-182,-55],[-62,-51],[-106,3],[-4,-30],[-24,0],[-105,97],[-89,-19],[-20,52],[-156,-75],[-62,-68],[-68,-129],[-113,-104],[-30,-114],[-61,-25],[32,-24],[-12,-24],[-108,-42],[-62,-88],[-40,38],[-35,-57],[-186,-134],[-217,-54],[-27,10],[-41,73],[-22,-3],[-40,-51],[36,-9],[6,-25],[-32,4],[-14,-60],[-36,11],[-42,-36],[12,-20],[-44,-2],[2,65],[-68,14],[-65,-38],[-19,12],[-27,-65],[-64,-53],[-113,-15],[-35,-56],[15,-76],[-30,13],[-174,-95],[-7,-48],[33,-71],[-26,-85],[15,-11],[-26,-13],[11,-21],[-31,-67],[-79,-27],[-3,-47],[-99,-17],[17,-20],[-13,-30],[-105,-63],[2,-33],[-30,-30],[-49,16],[-35,52],[-33,230],[18,92],[-49,-21],[-137,-182],[-106,-84],[-39,-76],[-54,-37],[-47,-152],[19,-124],[-13,-66],[-41,-45],[12,-26],[45,3],[-16,-38],[-108,-34],[-29,24],[-73,-31],[35,-40],[-77,12],[-20,-68],[-96,-91],[-24,-97],[-22,7],[-57,-44],[-41,-80],[-9,-102],[-85,-65],[-31,-50],[-19,-58],[21,-63],[-54,-31],[28,-11],[-26,-50],[40,-26],[-30,-20],[-6,-51],[-22,-18],[17,-60],[-69,-107],[-25,-10],[-41,-135],[21,-39],[-17,-88],[50,-52],[7,-62],[43,-71],[-12,-26],[-73,-55],[-74,-17],[-20,-37],[-70,-14],[-124,-161],[-116,66],[-35,-2],[-67,-59],[-20,-81],[-42,-38],[-44,-8],[-60,124],[7,50],[38,40],[-16,35],[40,119],[-36,90],[18,14],[-25,41],[10,20],[-61,52],[-10,-48],[-28,5],[-50,-49],[9,-22],[-174,-58],[-65,-46],[66,-235],[-11,-6],[4,25],[-49,-23],[-46,-72],[-110,-19],[-28,-23],[-45,-52],[-25,-95],[-53,-11],[-9,-36],[-11,13],[-34,-26],[-20,15],[-17,-40],[-39,12],[-29,-75],[-34,2],[2,-16],[-38,-13],[12,-59],[-24,-67],[-20,6],[-28,-41],[-17,27],[-97,-166],[-61,-18],[-1,-24],[-28,9],[-70,-29],[18,-27],[-56,21],[-47,-35],[-25,6],[-74,-85],[-3,-50],[-63,-6],[2,-22],[-30,-17],[8,-26],[-30,-2],[-12,-32],[-31,2],[-3,-35],[-60,10],[-61,-63],[32,-37],[44,1],[-8,-15],[81,-125],[54,-30],[15,-93],[21,-20],[79,-43],[67,7],[100,-77],[5,-92],[56,-120],[-98,-137],[37,-29],[-19,-44],[64,-62]],[[94287,71530],[-52,-56],[-57,-9],[-68,-44],[-22,-57],[-63,-12],[-56,-66],[-14,-78],[-119,-169],[-21,-69],[7,-149],[-50,-114],[-46,-16],[-40,-52],[-31,-116],[-16,18],[-31,-21],[-27,17],[-61,-7],[-47,-81],[8,-27],[-33,-12],[-7,-58],[61,2],[-29,-8],[-15,-80],[5,-34],[38,-24],[-3,-57],[-49,14],[18,-48],[-37,4],[-15,-19],[31,5],[-20,-34],[27,-5],[11,-43],[-53,-15],[16,-43],[-48,-34],[16,-19],[-32,-34],[11,-15],[-76,-80],[-43,0],[16,-49],[-26,0],[26,-14],[-32,-15],[16,-9],[-21,-44],[22,-44],[-59,-24],[-11,-34],[-16,29],[-80,-53],[-59,82],[-22,-20],[-37,10],[5,43],[-48,-38],[11,-29],[-42,-93],[16,-33],[-26,-97],[10,-10],[6,19],[16,-19],[-54,-68],[-15,-58],[-38,19],[-10,-14],[64,-87],[-5,-39],[37,10],[11,-20],[-31,-87],[-43,-19],[17,-78],[-37,-4],[0,-20],[27,-38],[-42,-59],[49,-23],[38,5],[31,-30],[-37,-4],[-37,-44],[-97,14],[43,-53],[-27,-53],[-16,29],[-32,-39],[-16,-53],[17,-44],[-43,-19],[11,-34],[-32,-34],[48,-83],[-1,-44],[-39,-11],[-21,-125],[26,-68],[-87,-33],[-35,36],[-22,-33]],[[92522,68038],[-76,24],[-74,-53],[-34,35],[-58,-36],[-90,67],[-24,-71],[-40,3],[-13,27],[-64,-20],[-40,9],[-70,-76],[-57,-8],[-15,49],[24,39],[-82,72],[-32,-1],[8,32],[-141,361],[-43,-53],[-147,-363],[-37,-142],[-27,-8],[-24,-74],[-25,-28],[-34,8],[-64,-24],[-32,-57],[-30,0],[-12,26],[-50,-11],[-47,-305],[-88,-33],[-88,20],[-52,-16],[-64,-251],[-30,-30],[-44,2]],[[90706,67152],[-18,-17]],[[90688,67135],[15,-25]],[[90703,67110],[-12,1]],[[90691,67111],[-17,17]],[[90674,67128],[-9,-20]],[[90665,67108],[-54,0]],[[90611,67108],[-12,-11]],[[90599,67097],[-8,-8]],[[90591,67089],[3,-13]],[[90594,67076],[-18,-20],[8,-28],[-28,2]],[[90556,67030],[-24,-26]],[[90532,67004],[-14,5]],[[90518,67009],[-79,63]],[[90439,67072],[-17,-6]],[[90422,67066],[-8,44]],[[90414,67110],[-3,44]],[[90411,67154],[-5,35],[-53,43],[13,227]],[[90366,67459],[-404,-2]],[[89962,67457],[-65,-4]],[[89897,67453],[-312,-9],[222,501],[2,35],[-63,118],[2,67],[-77,54],[-18,39],[-3,76],[34,38],[-32,54]],[[89652,68426],[18,293],[57,216],[0,81],[44,122],[132,184],[-49,28],[34,72],[-28,27],[25,77],[-31,23],[-20,126],[-93,24],[9,27],[-32,3],[-17,28],[-13,82],[35,15],[2,21],[-37,74],[18,43],[36,14],[10,-27],[37,-4],[12,21],[65,-21],[6,38],[32,17],[60,-48],[19,-50],[59,-6],[30,-60],[18,5],[-1,58],[28,-52],[37,5],[19,-39],[52,-17],[26,-66],[13,20],[53,-15],[27,44],[59,-41],[3,29],[52,13],[8,55],[79,-25],[20,16],[60,-4],[31,33],[-18,67],[35,17],[-50,70],[-8,123],[-37,-45],[-39,-1],[-46,15],[-16,27],[25,24],[22,-18],[33,9],[-49,73],[-54,-35],[-40,-3],[-25,24],[-18,91],[36,123],[-28,15]],[[90379,70461],[45,7],[32,32],[38,-27],[24,8],[-12,68],[55,62],[36,144],[157,-9],[62,-24],[-66,100],[-3,56],[124,-39],[89,7],[149,-54],[61,106],[80,53],[28,70],[46,23],[55,-7],[39,35],[159,67],[121,-18],[93,63],[-68,46],[-52,7],[-29,62],[45,43],[-26,33],[73,37],[11,25],[-31,88],[15,37],[-13,58],[-45,27],[-44,-16],[-76,113],[-12,64],[-70,-24],[-166,162],[-51,-26],[-21,96],[-47,-61],[-46,59],[-3,-38],[-73,-32],[-41,212],[-47,-15],[-12,20],[-40,-34],[-15,13],[1,51],[29,38],[172,97],[86,84],[19,87],[40,40],[0,56],[-26,28],[-48,-19],[-44,-69],[-75,-14],[-23,-32],[-56,-17],[-23,26],[-33,2],[-43,54],[-13,145],[-64,23],[-111,-3],[-33,22],[-76,158],[-59,72],[-125,33],[-18,75],[55,40],[-33,41],[-60,-7],[-17,30],[15,12],[-21,10],[-89,0],[-7,40],[-82,-66],[-110,-43],[-94,3],[-141,-58],[-126,-10],[-29,30],[-68,-78],[-148,-112],[-39,19],[18,25],[-15,68],[-44,71],[59,77],[-54,190],[8,112],[104,149],[-4,73],[87,76],[46,15],[37,51],[-11,16],[-82,-12],[-13,38],[-60,-36],[-64,12],[-28,127],[34,36],[7,53],[203,119],[298,300],[-16,10],[-88,-54],[-19,11],[-103,-21],[-108,33],[-118,-10],[-8,43],[-88,-45],[-80,-85],[-149,10],[-151,-60],[-67,26],[-163,5],[-48,-58],[-165,-43],[-44,-59],[-24,42],[5,43],[-126,33],[-49,85],[21,176],[-211,81],[-31,-53],[-34,0],[-42,-70],[-45,17],[-71,-77],[-105,-47],[13,-10],[-31,-37],[-12,-64],[-11,-294],[-72,-47],[-118,-141],[-27,18],[-39,-9],[-151,124],[0,18],[71,1],[29,78],[-49,81],[31,73],[-3,67],[-45,18],[-87,-24],[1,-14],[-33,50],[-46,12],[-92,-225],[-52,-25],[0,-24],[-70,-15],[5,-67],[-68,-77],[15,-30],[113,81],[-17,-40],[-85,-54],[-28,-43],[8,-25],[-38,13],[-36,-17],[-32,-76],[70,-22],[53,7],[82,86],[11,-22],[-27,-43],[-66,-31],[-146,-22],[-90,-70],[-95,53],[-245,-65],[-74,4],[-216,-355],[-75,4],[-118,-94],[-119,24],[-10,130],[-34,50],[37,171],[47,76],[-23,72],[-65,-63],[-97,28],[-79,-31],[-41,-41],[-147,-8],[-55,-14],[-12,-20],[-50,32],[85,37],[21,55],[-47,-24],[-62,9],[-106,-101],[-74,-1],[46,134],[50,37],[10,82],[-58,-14],[-108,22],[-65,-11],[-25,156],[-56,44],[-11,33],[-40,-31],[-60,14],[12,-115],[-88,70],[4,23],[-51,55],[-37,-34],[-111,7],[-24,-25],[-2,35],[-46,-9],[-52,28],[-68,-64],[-51,-106],[-76,11],[5,41],[-51,-36],[-18,11],[45,72],[-31,-4],[-15,31],[27,64],[-82,-33],[-29,22],[-118,-15],[-39,-55],[-180,-75],[-9,-70],[-40,3],[-29,49],[4,28],[80,69],[-173,86],[-42,-80],[-67,-38],[-104,-109],[-48,-18],[79,154],[3,84],[-107,147],[-106,74],[-74,-61],[-108,-40],[-42,13],[-23,52],[-55,32],[-117,-15],[-96,-52],[-56,-87],[-140,-40],[-276,-39],[-16,30],[-54,-18],[-42,-48],[-24,49],[-66,4],[-19,25],[-50,-25],[-62,-4],[-18,16],[-49,-75],[-18,1]],[[81709,73970],[-17,-10]],[[81692,73960],[-30,-13],[15,-29]],[[81677,73918],[-42,-16]],[[81635,73902],[-10,-26]],[[81625,73876],[-21,6]],[[81604,73882],[-34,-15]],[[81570,73867],[-16,-20]],[[81554,73847],[-25,-45]],[[81529,73802],[-38,-30],[-53,14]],[[81438,73786],[-47,-22]],[[81391,73764],[-39,-39],[19,-11],[17,-15]],[[81388,73699],[16,-2]],[[81404,73697],[12,-22]],[[81416,73675],[-39,-61]],[[81377,73614],[-52,-22]],[[81325,73592],[15,-7]],[[81340,73585],[-96,-32],[-29,-30]],[[81215,73523],[-65,-5]],[[81150,73518],[-23,-2],[5,-16]],[[81132,73500],[-1,-16]],[[81131,73484],[24,-20]],[[81155,73464],[2,-106]],[[81157,73358],[10,-34],[-80,-85],[-1,-31],[-65,-20]],[[81021,73188],[-63,18]],[[80958,73206],[-24,-35],[6,-29],[68,-78]],[[81008,73064],[22,-17]],[[81030,73047],[10,-32],[42,-17]],[[81082,72998],[35,-46]],[[81117,72952],[19,-74],[125,-82]],[[81261,72796],[11,-42],[60,-19]],[[81332,72735],[19,8]],[[81351,72743],[52,-60],[-47,-77]],[[81356,72606],[-14,-16],[-25,8]],[[81317,72598],[-61,17],[-23,-62],[-138,-46],[-66,0]],[[81029,72507],[-119,-18],[-32,-35]],[[80878,72454],[-28,-18]],[[80850,72436],[60,246],[-4,84],[-37,101],[-29,18],[-54,103],[10,76],[-67,19],[-22,50],[-5,39],[54,85],[-5,43],[-51,151],[-57,36],[61,80],[-2,60],[34,12],[-6,53],[162,190],[33,81],[-48,11],[-117,-28],[-9,21],[-57,8],[19,31],[67,-19],[-37,67],[114,21],[12,26],[-83,44],[-14,59],[-36,29],[-20,-50],[21,-63],[-63,15],[-20,28],[32,65],[-49,127],[-54,-92],[-26,-2],[47,84],[-24,2],[-8,-23],[-20,22],[-37,-23],[-9,12],[53,36],[-14,32],[56,12],[-13,65],[-17,2],[8,43],[-43,-11],[4,85],[-104,14],[43,71],[-50,50],[-24,59],[-105,-3],[-15,43]],[[80285,74833],[31,30],[22,-3]],[[80338,74860],[5,8]],[[80343,74868],[-64,8]],[[80279,74876],[-39,-16]],[[80240,74860],[-15,16]],[[80225,74876],[-29,46]],[[80196,74922],[60,-2]],[[80256,74920],[20,11]],[[80276,74931],[-7,56]],[[80269,74987],[42,0]],[[80311,74987],[24,24],[-29,20]],[[80306,75031],[-33,-10]],[[80273,75021],[-67,4]],[[80206,75025],[8,12]],[[80214,75037],[22,-7]],[[80236,75030],[23,41]],[[80259,75071],[24,15]],[[80283,75086],[40,25]],[[80323,75111],[-49,32]],[[80274,75143],[3,34]],[[80277,75177],[-19,11]],[[80258,75188],[-40,11]],[[80218,75199],[15,35],[26,-2],[-3,-19]],[[80256,75213],[24,-21]],[[80280,75192],[56,5]],[[80336,75197],[5,23]],[[80341,75220],[14,18],[-61,66]],[[80294,75304],[-20,53]],[[80274,75357],[26,22]],[[80300,75379],[-7,-44]],[[80293,75335],[80,-4],[14,-17]],[[80387,75314],[41,-9]],[[80428,75305],[8,16]],[[80436,75321],[-31,53],[3,61]],[[80408,75435],[39,-20],[58,42],[12,94],[147,71],[-33,-49],[36,-26],[25,115],[49,-13],[17,24],[44,2],[-39,71],[-24,-46],[-37,-3],[-12,24],[22,61],[44,-8],[18,16],[-7,29],[80,103],[5,44],[-31,24],[-36,83],[3,114],[41,120],[-9,114],[57,24],[-20,41],[19,70],[-57,8],[-18,32],[1,34],[71,67],[-31,27],[13,104],[-54,78]],[[80801,76906],[20,128],[101,-48],[117,-7],[238,16],[65,29],[198,-19],[498,159],[-18,151],[40,89],[75,80],[110,16],[172,-36],[79,9],[127,99],[35,75],[33,8],[171,15],[46,-15],[514,-374],[262,-36],[70,-67],[113,23],[77,-47],[86,-2],[67,29],[581,14],[370,37],[216,-34],[131,150],[28,5],[123,-43],[189,11],[306,-25],[122,-76],[154,-21],[161,84],[84,130],[23,1],[261,-169],[54,-7],[365,57],[124,64],[236,-62],[37,26],[111,2],[280,153],[111,94],[97,145],[147,8],[212,-110],[117,-113],[224,-42],[162,52],[31,30],[5,51],[34,46]],[[80855,72409],[15,-34]],[[80870,72375],[-19,-27],[13,-30]],[[80864,72318],[22,-96]],[[80886,72222],[-41,-48]],[[80845,72174],[-18,-13],[-33,12]],[[80794,72173],[33,132],[-23,95],[28,18],[23,-9]],[[80855,72409],[11,17]],[[80866,72426],[-11,-17]],[[74273,76259],[-21,1],[18,12]],[[74270,76272],[3,-13]],[[74273,76258],[97,-89],[49,-6],[9,22],[66,19],[10,61],[39,-25],[14,46],[30,5],[90,-33],[-18,20],[41,21],[-26,17],[6,25],[59,-20],[8,-76],[-100,-67],[-1,-19],[-46,-8],[-56,-67],[47,-29],[8,-42],[79,-9],[-6,31],[48,-6],[-40,-41],[51,-71],[53,8]],[[74784,75925],[33,-60]],[[74817,75865],[60,-61],[-48,-8],[-93,-84]],[[74736,75712],[5,-35]],[[74741,75677],[22,-37],[28,3]],[[74791,75643],[36,-6]],[[74827,75637],[25,21],[31,-4]],[[74883,75654],[45,-73]],[[74928,75581],[30,-12]],[[74958,75569],[-3,-22]],[[74955,75547],[-36,-19]],[[74919,75528],[8,-25],[-8,-16],[-26,-20]],[[74893,75467],[-10,9]],[[74883,75476],[-17,14]],[[74866,75490],[-64,-38],[-43,-82],[-18,19],[-19,-52]],[[74722,75337],[-21,-33]],[[74701,75304],[-25,-25]],[[74676,75279],[-38,-8]],[[74638,75271],[-77,-19],[-24,-50]],[[74537,75202],[-52,-16]],[[74485,75186],[-16,-3]],[[74469,75183],[-53,-15],[-27,-35]],[[74389,75133],[5,-50],[-47,-15]],[[74347,75068],[-23,4]],[[74324,75072],[-30,-7],[15,-12]],[[74309,75053],[-38,-26]],[[74271,75027],[-12,-16]],[[74259,75011],[-33,-22]],[[74226,74989],[-15,-13]],[[74211,74976],[-9,-33]],[[74202,74943],[-53,-35]],[[74149,74908],[-12,-38]],[[74137,74870],[-41,-7]],[[74096,74863],[-79,15]],[[74017,74878],[-15,-28]],[[74002,74850],[-81,-60]],[[73921,74790],[12,-46]],[[73933,74744],[-31,1]],[[73902,74745],[-40,-5]],[[73862,74740],[-52,67]],[[73810,74807],[-70,-40]],[[73740,74767],[20,-4],[0,-33]],[[73760,74730],[-3,-29]],[[73757,74701],[-40,-11],[38,-14]],[[73755,74676],[31,-14],[-23,-48]],[[73763,74614],[-42,-1],[-14,-24]],[[73707,74589],[56,-43]],[[73763,74546],[10,-26]],[[73773,74520],[-15,-13]],[[73758,74507],[-31,10]],[[73727,74517],[-82,2],[-25,-60]],[[73620,74459],[-32,11],[-2,19]],[[73586,74489],[-20,11],[3,32]],[[73569,74532],[-17,12],[-64,-43]],[[73488,74501],[-12,2]],[[73476,74503],[-16,-33]],[[73460,74470],[-45,-22]],[[73415,74448],[-3,-41],[-45,2],[-79,-44],[-1,-47]],[[73287,74318],[-31,-121]],[[73256,74197],[-23,-33]],[[73233,74164],[-4,-34]],[[73229,74130],[18,-83]],[[73247,74047],[-21,-13],[6,-20]],[[73232,74014],[-12,-27]],[[73220,73987],[17,-21]],[[73237,73966],[-6,-36]],[[73231,73930],[-74,-7]],[[73157,73923],[-12,-69],[15,-12],[11,19],[22,-4],[-11,-50],[25,-24],[-18,-31],[27,-54],[124,-26],[35,10],[50,-35],[22,24],[98,-49],[-51,-67],[-52,-23],[49,2],[-10,-15],[62,-40],[-11,-21],[-16,18],[-24,-11],[-6,-25],[29,-11],[-18,-10],[1,-114],[76,17],[37,-24],[14,13],[34,-59],[-11,-28],[82,-64],[2,-28],[69,-24],[30,20],[35,-46],[73,-27],[-2,-50],[52,27],[18,-18],[19,15],[32,-29]],[[74058,73000],[2,-35]],[[74060,72965],[-22,-29],[21,-61],[-18,-21]],[[74041,72854],[17,-34]],[[74058,72820],[-5,-3]],[[74053,72817],[-10,-1]],[[74043,72816],[-34,-23]],[[74009,72793],[30,-18]],[[74039,72775],[40,3],[-55,-22],[-8,-45]],[[74016,72711],[7,-27]],[[74023,72684],[8,-12]],[[74031,72672],[-43,-21]],[[73988,72651],[22,-12]],[[74010,72639],[11,-7]],[[74021,72632],[-27,-29]],[[73994,72603],[-39,-2],[34,-49],[-18,-20]],[[73971,72532],[49,-20],[-11,-14]],[[74009,72498],[-22,-3]],[[73987,72495],[-9,-24]],[[73978,72471],[40,-27],[5,-51]],[[74023,72393],[26,5]],[[74049,72398],[37,-17]],[[74086,72381],[8,-5],[-3,-12],[35,-35],[8,-13],[-19,-27]],[[74115,72289],[10,-4]],[[74125,72285],[18,-1],[6,-3],[-12,-8]],[[74137,72273],[-6,-47]],[[74131,72226],[8,-36],[-16,3]],[[74123,72193],[-49,21],[-24,-16],[-44,39],[-26,-25],[-74,64],[14,19],[-15,11],[-12,-63],[-43,14],[-46,70],[27,31],[-58,-3],[-62,57],[-110,-7],[-86,-66],[7,-45],[-22,-12],[-51,49],[-22,-4],[8,-40],[-43,-10],[-34,-65],[10,-80],[-48,11],[-63,-14],[0,-22],[-30,-5],[0,-48],[-64,-42],[-82,56],[-19,-16],[-18,-60],[-40,-18],[20,-49],[-34,2],[-11,-28],[27,-5],[-3,-99],[41,-27],[46,5],[-19,-153],[28,-39],[38,4],[110,-82],[72,-18],[23,-76],[-27,-94],[-51,-14],[-48,-60],[52,-135],[-132,73],[-51,9]],[[73085,71188],[-16,99],[-282,39],[1,58],[-70,52],[16,70],[-48,5],[13,23],[-120,-12],[-75,18],[-22,26],[-12,-30],[-34,18],[-25,-16],[-96,65],[24,48],[-28,30],[-48,-56],[-73,-11],[-29,-190],[-39,-8],[-61,48],[-53,1],[-32,50],[-32,-39],[22,-68],[26,-8],[5,-50],[-31,-2],[-55,-81],[-2,-179],[-234,79],[-66,48],[-54,-19],[-27,-68],[-174,70],[-47,-205],[16,-19],[-64,-117],[-25,-175],[-78,17],[-73,47],[-40,-25],[-23,-52],[-84,14],[-51,-61],[-78,-37],[-68,-127],[-43,-26],[-9,-69],[34,-60],[-19,-188],[25,-40],[-32,-73],[43,-105],[-38,-68],[11,-37],[-136,-11],[-73,-113],[-61,-15],[-4,-54],[72,-26],[-52,-86],[13,-81],[-47,-58],[7,-26],[22,-2],[2,-44],[-40,-66],[-7,-62],[-55,-80],[-38,-179],[23,-67],[-22,-5],[-30,30],[-34,-15],[-12,45],[-53,-57],[-145,93],[-96,-15],[12,63],[-69,0],[15,-63],[-57,-27],[-4,-33],[-74,-94],[49,-184],[-67,62],[-34,-2],[-29,50],[-55,-27],[-26,-38],[-59,14],[-6,55],[-137,-14],[27,47],[-7,68],[-75,87],[33,-78],[-28,10],[-37,78],[-6,-16],[-92,9],[-19,-109],[-52,-53],[-49,9],[-187,-68],[-84,26],[-17,34],[-86,32],[2,40],[-44,-2],[9,51],[-24,-9],[-71,-77],[-21,-67],[-88,-33],[12,-42],[-42,-51],[-86,2],[-67,-69],[-79,-227],[25,-19],[-9,-112],[-85,-12],[-1,-142],[-50,-63],[-137,41],[-63,81],[-94,60],[-85,107],[-116,-13],[-59,18],[-10,46],[-81,20],[24,57],[31,-1],[69,123],[-42,91],[32,59],[-22,42],[71,100],[-40,7],[-8,-17],[-65,17],[-70,-13],[11,-32],[-39,29],[-8,-23],[-175,138],[-6,-79],[-77,-23],[-110,-6],[-49,62],[-71,15],[-29,32],[-27,115],[30,48],[-2,64],[29,18],[-34,114],[-57,105],[-84,54],[-88,21],[-90,-40],[-11,23],[63,56],[-9,68],[-153,-44],[-35,-64],[-85,-15],[-26,-54],[-75,-6],[-84,33],[-64,50],[-87,123],[9,24],[-44,33],[-188,36],[-35,-10],[-27,-48],[-125,17],[-44,52],[-107,39],[-59,-137],[-41,-23],[-19,-47],[13,-82],[-43,-132],[-64,-76],[-112,-25],[-5,-20],[44,-28],[12,-39],[-7,-69],[40,-105],[4,-102],[-31,-43],[-77,-14],[-107,18],[-64,57],[-81,21],[-51,-46],[20,-100],[-51,-35],[-66,35],[13,-57],[-15,-56],[-67,-44],[-59,27],[-19,65],[-41,9],[-198,-56],[-100,37],[-135,-62],[-193,-20],[-134,8],[-2,-113],[-133,-8],[-84,-93],[-77,7],[-15,-21],[-181,-18],[-3,-27],[33,-17],[40,-84],[-53,-45],[-150,-34],[-95,-115],[-90,29],[34,84],[6,121],[-85,-96],[-79,40],[-156,-51],[-81,-140],[-77,-16],[-84,24],[-102,-22],[-13,11],[22,27],[-8,45],[-76,111],[8,155],[-47,16],[-29,-40],[-45,36],[-49,-52],[-4,66],[-23,2],[20,160],[-49,51],[-66,-14],[-24,32],[-43,-45],[-14,-50],[-142,-32],[-63,-91],[-45,-16],[-24,14],[-103,-62],[-47,-97],[6,-70],[-36,-74],[-132,39],[-153,-9],[-7,34],[-28,8],[-50,-59],[25,-51],[-74,-39],[-91,9],[24,-44],[-34,-45],[2,-28],[23,-24],[-30,-23],[-25,-63],[-28,-7],[-3,-81],[-33,-28],[-35,38],[11,30],[-44,-9],[-38,23],[-40,116],[-138,-28],[19,107],[-103,34],[18,26],[-55,18],[-10,40],[-78,-12],[-95,36],[8,21],[-45,37],[7,43],[-48,5],[58,30],[-58,63],[-81,13],[-30,58],[34,57],[102,35],[17,50],[-124,244],[-89,-7],[10,-39],[31,-8],[-81,-55],[-5,-27],[-32,3],[-1,28],[-52,18],[3,37],[-54,-10],[-11,-59],[-32,8],[-34,76],[-43,-6],[-5,-23],[-53,-9],[51,-95],[-27,-46],[-95,27],[40,62],[-69,26],[-36,-42],[14,-95],[-57,-25],[-8,-45],[-48,-20],[-77,87],[2,115],[-42,43],[-22,95],[-48,28],[6,48],[-31,-5],[-23,93],[-84,65],[-32,-6],[-87,41],[-74,-160],[-147,-173],[-242,-73],[-39,18],[-236,-31],[-170,-73],[-120,-21],[-127,41],[-307,-9],[-215,49],[-165,4]],[[57092,68515],[-18,58],[88,27],[28,70],[2,68],[-29,70],[90,89],[-78,15],[13,55],[-30,-6],[-69,34],[7,65],[53,49],[-80,92],[-43,3],[-3,123],[-100,-17],[-125,141],[-122,55],[33,103],[-19,86],[-83,116],[-53,28],[38,31],[-35,27],[19,24],[-32,43],[25,42],[-4,160],[-69,31],[28,111],[-8,70],[-96,27],[-6,81],[26,37],[-6,30],[45,-18],[-23,38],[38,104],[8,94],[51,-8],[14,54],[-20,27],[1,79],[-34,27],[18,77],[-48,10],[54,68],[39,-10],[44,18],[28,41],[33,-18],[78,163],[38,-11],[0,27],[44,-34],[32,56],[76,-28],[75,118],[22,-12],[19,28],[26,-14],[16,25],[32,-6],[25,20],[1,36],[28,-11],[73,39],[-45,12],[24,19],[92,-7],[0,-30],[89,70],[71,23],[57,-11],[28,53],[47,-8],[28,103],[32,-19],[6,31],[33,-25],[74,26],[-51,28],[53,28],[19,40],[35,-38],[43,50],[43,-3],[20,47],[20,-38],[48,16],[28,-14],[-31,-36],[45,-16],[6,42],[70,0],[64,47],[21,53],[-40,27],[164,20],[-19,51],[-103,14],[17,47],[17,9],[54,-26],[82,47],[14,43],[44,33],[23,104],[87,31],[77,116],[102,34],[261,188],[232,83],[12,58],[-38,166],[93,95],[107,14],[44,29],[7,-30],[-39,-20],[35,-6],[33,14],[13,40],[172,-106],[32,-131],[53,-21],[255,-10],[27,27],[-34,33],[111,-31],[20,11],[21,237],[26,43],[86,-3],[56,-30],[-7,22],[47,27],[31,-17],[-27,-38],[46,-21],[31,-113],[81,-17],[2,64],[92,10],[54,-61],[-11,-30],[23,-20],[85,21],[-3,-51],[64,17],[40,-17],[31,25],[12,120],[30,43],[-17,-130],[78,-34],[23,65],[-11,137],[149,10],[131,-41],[-31,73],[-81,51],[9,46],[27,18],[39,-18],[-2,83],[-237,168],[-36,14],[-10,-43],[-64,16],[-3,82],[-24,22],[77,3],[-44,61],[-83,-21],[-79,65],[-70,-21],[-20,19],[-141,14],[-56,150],[-82,27],[-130,81],[-205,-47],[-228,150],[-125,56],[-35,-42],[-74,35],[-24,-28],[4,131],[-114,83],[-77,108],[-93,83],[-156,12],[-26,46],[1,77],[-91,52],[34,31],[2,38],[-52,16],[-40,43],[-3,46],[25,36],[55,6],[-17,32],[19,40],[-55,16],[-15,39],[56,30],[108,-62],[112,-17],[0,41],[44,8],[4,24],[68,6],[9,78],[106,-16],[15,15],[44,-68],[-8,53],[61,38],[-10,97],[48,93],[-54,81],[16,139],[-295,63],[-76,-23],[-39,22],[-24,46],[-91,42],[-73,137],[-35,-19],[-42,16],[-32,-50],[-133,13],[-164,47],[20,193],[-20,68],[122,25],[41,-23],[-1,-32],[63,-6],[43,90],[99,-27],[176,71],[6,70],[123,147],[-2,166],[84,-39],[6,18],[172,4],[-14,-41],[200,-13],[108,-56],[104,-10],[50,-30],[26,27],[59,1],[7,35],[21,6],[85,-8],[95,20],[73,-20],[31,25],[133,21],[-36,60],[-10,110],[-132,29]],[[60330,76810],[-62,10]],[[60268,76820],[-49,0]],[[60219,76820],[-51,27]],[[60168,76847],[-18,107]],[[60150,76954],[-48,83]],[[60102,77037],[-28,60]],[[60074,77097],[-73,-8]],[[60001,77089],[-44,-35]],[[59957,77054],[-42,-12],[-3,-18]],[[59912,77024],[-46,-14]],[[59866,77010],[-66,102]],[[59800,77112],[62,70]],[[59862,77182],[27,67]],[[59889,77249],[14,62]],[[59903,77311],[-14,47]],[[59889,77358],[-21,3]],[[59868,77361],[31,34],[-3,28]],[[59896,77423],[-17,80]],[[59879,77503],[-39,22]],[[59840,77525],[-50,23]],[[59790,77548],[-47,3]],[[59743,77551],[-122,-68]],[[59621,77483],[-5,-29]],[[59616,77454],[-2,-39],[-22,-5]],[[59592,77410],[-68,19]],[[59524,77429],[-70,63],[0,57],[28,13]],[[59482,77562],[5,39]],[[59487,77601],[1,14],[-40,-9]],[[59448,77606],[-110,60],[-3,-50]],[[59335,77616],[-27,-39]],[[59308,77577],[-23,4],[5,14]],[[59290,77595],[-9,11],[-34,-25]],[[59247,77581],[-64,46]],[[59183,77627],[-26,4],[-12,31]],[[59145,77662],[7,7]],[[59152,77669],[-21,12]],[[59131,77681],[-10,17]],[[59121,77698],[25,21]],[[59146,77719],[-15,61]],[[59131,77780],[-32,10],[-1,31],[-24,-6]],[[59074,77815],[-18,12]],[[59056,77827],[5,24],[20,2]],[[59081,77853],[13,-3]],[[59094,77850],[13,35]],[[59107,77885],[30,16]],[[59137,77901],[-3,24],[-18,0]],[[59116,77925],[9,47]],[[59125,77972],[-27,15]],[[59098,77987],[49,26]],[[59147,78013],[-25,47]],[[59122,78060],[-46,34],[37,90],[2,36],[-19,7]],[[59096,78227],[-43,-7]],[[59053,78220],[-109,64],[-16,28]],[[58928,78312],[56,13],[42,46]],[[59026,78371],[7,37]],[[59033,78408],[-17,26]],[[59016,78434],[-10,18],[-24,-3]],[[58982,78449],[-102,-44]],[[58880,78405],[-112,-25]],[[58768,78380],[-26,14]],[[58742,78394],[-2,48]],[[58740,78442],[4,68]],[[58744,78510],[35,25]],[[58779,78535],[11,22]],[[58790,78557],[-10,34]],[[58780,78591],[64,95]],[[58844,78686],[60,51]],[[58904,78737],[3,12]],[[58907,78749],[-32,83]],[[58875,78832],[-55,40],[6,28]],[[58826,78900],[-7,27]],[[58819,78927],[-50,40]],[[58769,78967],[-151,37]],[[58618,79004],[-21,16]],[[58597,79020],[-22,96]],[[58575,79116],[96,75],[7,77],[-58,54],[-54,-5],[-129,-67],[-32,1],[-29,36],[-45,0],[-5,23],[75,32],[34,59]],[[58435,79401],[24,-18],[93,46],[69,101],[-4,20],[-120,9],[9,53],[-27,88],[235,81],[41,-8],[14,-25],[75,21],[43,-28],[69,26],[8,-21],[27,6],[65,-36],[33,34],[76,4],[69,150],[92,31],[9,105],[40,19],[57,-42],[56,27],[45,-4],[-20,-80],[13,-40],[55,-8],[29,-31],[73,-25],[13,16],[42,-14],[10,-105],[41,-8],[45,61],[84,-16],[17,-51],[52,-38],[21,-52],[-6,-77],[22,4],[33,-44],[34,21],[173,-60],[97,6],[71,-32],[184,7],[106,-57],[23,28],[495,-102],[42,9],[86,-124],[179,-352],[-23,-7],[9,-16],[-25,-33],[18,-78],[-36,-38],[20,-6],[-15,-24],[36,-15],[-24,-26],[12,-33],[-23,-40],[-1,-69],[-26,-19],[22,-4],[-6,-52],[-36,-4],[21,-14],[-90,-59],[-13,-109],[425,-172],[60,58],[60,-35],[-9,-39],[27,-11],[13,32],[12,-13],[27,27],[15,49],[67,-4],[94,-43],[-13,-37],[24,-4],[-7,-42],[122,-36],[11,-29],[141,-4],[123,-32],[60,-78],[-40,-93],[119,-16],[10,-33],[-24,12],[-11,-15],[41,-30],[210,-31],[-19,-21],[-25,15],[14,-16],[-38,-23],[-47,0],[-2,-61],[-25,-14],[132,-25],[21,35],[1,-34],[54,36],[36,-20],[-3,53],[91,19],[314,-21],[-19,-143],[-50,-68],[13,-63],[47,-18],[17,-83],[61,-44],[67,20],[79,-9],[27,-22],[163,-9],[112,-44],[78,73],[74,1],[34,52],[48,15],[40,51],[66,-21],[27,16],[78,-31],[91,44],[6,34],[62,-15],[6,53],[83,8],[86,92],[39,-15],[16,38],[30,-12],[36,77],[26,-8],[11,-45],[81,39],[63,63],[39,-6],[30,-73],[141,-38],[152,-89],[50,-94],[-21,-177],[20,-48],[-40,-146],[0,-98],[49,-40],[-16,-36],[54,-56],[204,-62],[7,-34],[53,-47],[48,-5],[3,37],[74,-5],[25,-77],[-35,-50],[5,-32],[33,1],[78,57],[27,-4],[16,47],[35,0],[1,23],[97,38],[8,23],[72,-12],[-7,30],[34,33],[-7,54],[25,29],[58,26],[130,-15],[5,21],[61,27],[154,-37],[16,-28],[163,-74],[78,-6],[9,-48],[-18,-39],[132,41],[77,-9],[18,-82],[32,11],[44,-31],[64,9],[0,28],[66,74],[152,-15],[56,26],[73,-2],[62,-13],[-12,-39],[201,-40],[0,-40],[226,-66],[161,-101],[64,-11],[22,17],[75,-20],[106,-158],[189,-51],[32,-24],[-13,-33],[29,-15],[222,-55],[24,-53],[76,-9],[41,-49],[58,23],[-10,25],[75,63],[4,29],[254,-76],[51,13],[-4,23],[37,1],[19,35],[44,-14],[79,31],[-8,93],[142,13],[10,105],[107,27],[52,-14],[16,19],[42,-7],[91,34],[102,139],[9,74],[100,-6],[3,-169],[71,-353],[177,-137],[88,-41],[98,5],[-10,34],[94,-4],[28,-39],[37,40],[102,-9],[37,-22],[-1,-122],[88,0],[44,-29],[42,20],[106,-91],[65,51],[-19,42],[11,62],[47,77],[27,-4],[46,46],[146,13],[145,69],[186,-36],[116,-48],[20,-49],[130,-51],[-2,-40],[70,-5],[23,36],[148,13],[-6,47],[105,39],[-2,75],[53,1],[24,-28],[42,-3],[89,-76],[21,37],[30,5],[24,-40],[47,16],[5,25],[32,11],[-21,22],[17,-1],[10,33],[-18,1],[18,25],[-15,30],[32,14],[27,59],[149,-74],[-5,-38],[76,-14],[9,33],[43,30],[-16,42],[102,49],[9,39],[44,-36],[36,-75],[-40,-35],[95,-8],[5,-25],[-34,-36],[35,-12],[3,-37],[146,-81],[96,-18],[3,-88],[20,-18],[37,-15],[83,15],[-10,65],[27,39],[48,35],[30,-1],[17,34],[42,-6],[-6,20],[94,94],[8,57],[-19,41],[43,15],[-21,22],[33,14],[-23,13],[20,38],[-26,62],[-32,5],[23,17],[-5,20],[29,8],[3,67]],[[32156,92254],[-17,-18]],[[32139,92236],[-43,-43]],[[32096,92193],[-184,82],[-24,-5]],[[31888,92270],[-21,31]],[[31867,92301],[-25,-5],[-6,30]],[[31836,92326],[8,15]],[[31844,92341],[-43,22]],[[31801,92363],[0,6]],[[31801,92369],[3,53],[-23,26]],[[31781,92448],[-32,38],[-40,6],[9,41]],[[31718,92533],[-9,10]],[[31709,92543],[64,39],[39,-4]],[[31812,92578],[41,28]],[[31853,92606],[22,26]],[[31875,92632],[12,26]],[[31887,92658],[6,5]],[[31893,92663],[22,14]],[[31915,92677],[19,8]],[[31934,92685],[62,-7]],[[31996,92678],[33,-42]],[[32029,92636],[-14,-4]],[[32015,92632],[-12,-24],[43,-12]],[[32046,92596],[57,46]],[[32103,92642],[22,-15]],[[32125,92627],[5,-16]],[[32130,92611],[-39,-43]],[[32091,92568],[131,-10]],[[32222,92558],[-13,-127]],[[32209,92431],[36,-25],[7,-39],[-56,-68]],[[32196,92299],[-13,-23],[8,-19],[-35,-3]],[[58972,60781],[-31,30],[-53,-26],[-21,-31],[7,-45],[137,-65],[32,-51],[64,-13],[11,-18],[-6,-120],[-60,-42],[-7,-46],[-76,-115],[9,-49],[-42,6],[-96,-44],[-192,7],[-69,-77],[-94,-3],[-41,19],[-67,-67],[-66,-26],[-22,-105],[-96,-18],[-56,-51],[-27,-66],[-54,-27],[-15,-29],[-223,10],[-133,-80],[-43,0],[-99,-109],[-63,-172],[-161,-185],[-1,-32],[154,-116],[-62,-40],[-151,17],[-18,-16],[-16,-127],[54,-60],[-48,-105],[-1,-62],[84,-75],[-17,-46],[129,-23],[47,-59],[-29,-39],[-42,-13],[7,-24],[-44,-74],[47,-74],[1,-35],[-40,-54],[-94,22],[-64,-13],[-14,-34],[33,-18],[1,-95],[-114,25],[-57,55],[-25,-78],[-63,-45],[40,-70],[-15,-57],[38,-31],[-103,-183],[-106,-7],[-26,-22],[-5,-45],[79,-76],[157,-60],[6,-55],[-55,5],[-26,-82],[-38,-1],[-10,45],[-32,5],[23,102],[-24,18],[-121,-58],[-104,-83],[-47,-60],[-22,-95],[13,-88],[-43,-55],[-31,-105],[-42,-49],[27,-39],[31,-160],[74,-30],[42,-102],[46,-39],[-2,-132],[42,-39],[-7,-26],[-54,-37],[-43,17],[-6,-13],[-349,136],[-42,0],[3,-61],[-59,-106],[22,-20],[-25,-55],[17,-39],[52,-24],[7,-40],[-26,-66],[-39,27],[-55,4],[-90,-63],[-15,-36],[18,-105],[-43,-86],[14,-39],[-44,-66],[-35,-149],[-107,-15],[-102,-101],[-53,-17],[-43,26],[-49,-13],[-89,14],[-43,31],[-72,11],[-42,28],[1,20],[-136,89],[-36,-24],[-13,36],[-55,-7],[-34,76],[-69,-55],[-58,-11],[-73,18],[-86,-53],[-39,41],[-19,-17],[-88,31],[-103,-19],[-63,-31],[-25,-43],[-136,79],[-218,-27],[-35,20],[-84,-28],[-97,-5],[-7,-51],[51,-43],[-40,-52],[30,-37],[-72,-97],[-61,-22],[48,-133],[-67,-119],[-141,-149],[-51,-99],[-251,-146],[-14,-186],[-16,-33],[-66,-43],[-3,-45],[-67,-1],[-17,23],[-78,-12],[-37,41],[-16,98],[-69,28],[-55,-22],[-34,9],[1,63],[-47,4],[-47,-167],[18,-194],[-14,-122],[40,-115],[-24,-11],[28,-45],[-13,-59],[29,-80],[52,-55],[-11,-52],[22,-101],[-37,-35],[-9,-45],[-64,-35],[8,-95],[-62,-61],[68,-62],[24,-57],[118,-51],[29,-221],[34,-2],[48,82],[34,-61],[-6,-74],[30,-7],[13,-41],[-23,-29],[4,-31],[-53,-29],[2,-98],[-47,-82],[-15,-79],[25,-42],[82,-57],[25,-103],[-90,-75],[33,-85],[-36,-8],[35,-143],[-30,-90],[-83,-72],[14,-44],[-31,-17],[52,-140],[-7,-187],[18,-41],[280,-66],[117,-71],[154,-5],[205,-103],[59,6],[65,50],[282,-38],[16,-176],[-42,-198],[33,-89],[31,3],[-55,-154],[-73,-28],[-140,7],[-85,-139],[-73,-23],[-19,-32],[-49,-16],[-25,19],[3,82],[-28,19],[-1,78],[97,147],[-15,16],[-59,-5],[-40,32],[-45,-8],[-15,19],[-24,-21],[-54,50],[-25,-36],[-40,44],[-52,4],[-16,47],[-69,12],[-64,-22],[-60,32],[-106,-25],[-94,-57],[-77,-105],[-45,2],[1,-32],[-63,-65],[-47,33],[-33,80],[-74,94],[-136,339],[-116,102],[-61,-18],[-37,-50],[-96,-9],[-47,78],[-127,56],[-59,-9],[-68,50],[-17,36],[-38,0],[-25,44],[-69,22],[-124,-153],[-36,36],[-18,98],[-87,28],[-49,90],[-120,103],[-73,-59],[-121,-168],[-58,11],[-27,-39],[-109,-332],[43,-44],[-11,-91],[14,-27],[180,-113],[233,-92],[-11,-72],[84,-155],[28,-16],[58,26],[169,-39],[14,11],[29,-31],[-10,-115],[-49,-60],[-2,-92],[-22,-39],[51,-306],[-23,-88],[-42,-42],[38,-100],[-14,-48],[22,-53],[-89,-142],[139,7],[42,48],[79,-24],[-4,-61],[30,-17],[10,-61],[-18,-49],[38,-32],[-1,-37],[46,-74],[179,23],[59,-47],[-34,-157],[-28,-43],[-81,17],[-14,-32],[5,-53],[142,-62],[10,-48],[-35,-13],[-19,-99],[-63,-97],[0,-161],[35,-59],[-20,-46],[66,-47],[-15,-29],[22,-27],[-15,-6],[28,-36],[-15,-23],[-39,7],[39,-36],[-33,-8],[8,-36],[-31,-29],[38,-52],[24,47],[55,-34],[32,5],[-4,-90],[50,-14],[-67,-117],[116,-176],[54,-401],[-31,-21],[-65,27],[-153,-65],[-9,-68],[-46,-31],[18,-16],[-18,-52],[26,-84],[-25,-72],[13,-25],[-28,-33],[25,-21],[-58,-68],[-55,-12],[-6,-48],[-57,11],[-121,-18],[20,-35],[-30,-134],[-65,23],[-36,-24],[-8,22],[-59,5],[-246,-109],[-47,-40],[21,-48],[-50,-46],[1,-104],[-119,27],[-84,69],[-29,-13],[17,-27],[-6,-86],[92,-31],[62,-64],[93,-37],[-33,-46],[5,-61],[-13,-14],[-87,7],[-43,27],[-29,-27],[-15,-111],[-53,3],[-92,-62],[-51,-122],[-307,-271],[-64,-254],[-323,-23],[-34,-32],[42,-59],[-6,-18],[-160,-40],[-83,2],[-97,-108],[-73,-43],[-75,-11],[-8,-87],[-78,-204],[67,-102],[-40,-108],[-12,-142],[-51,-91],[-2,-42],[-49,-31],[-28,-82],[19,-96],[-22,-79],[16,-51],[-84,-90],[-36,-79],[11,-89],[-41,-105],[-26,-4],[-99,53],[-37,-13],[-16,-89],[32,-59],[-51,-81],[2,-74]],[[45046,46121],[-100,118],[5,43],[26,21],[103,-2],[65,99],[92,21],[102,58],[9,50],[-85,177],[-217,227],[-13,45],[14,181],[95,132],[-17,95],[101,71],[23,39],[-8,52],[44,49],[-40,91],[15,65],[39,24],[37,59],[103,47],[51,53],[-36,110],[24,84],[200,84],[144,285],[142,51],[66,101],[136,102],[60,-91],[17,-127],[80,-143],[58,-1],[120,67],[53,8],[45,-24],[-8,-94],[25,-47],[226,12],[108,123],[79,25],[13,28],[157,110],[-120,84],[-93,170],[176,60],[121,4],[92,86],[-9,129],[-40,77],[-126,39],[-66,129],[-158,-9],[-70,31],[-8,63],[-161,91],[-239,15],[33,308],[-121,102],[-191,75],[-43,64],[-115,77],[10,172],[-130,41],[-143,-20],[-36,-52],[77,-61],[9,-57],[-17,-32],[-96,79],[-215,7],[11,83],[73,-27],[54,5],[107,68],[55,112],[83,45],[-21,84],[-34,32],[-80,18],[-62,-39],[-138,48],[-18,14],[13,89],[70,18],[70,59],[34,-28],[43,4],[20,-49],[40,-23],[79,-11],[70,23],[22,69],[28,17],[-6,54],[49,77],[-48,65],[51,238],[-42,76],[20,94],[-62,57],[-75,16],[-21,39],[-174,23],[-43,-60],[-171,57],[-29,72],[32,73],[72,33],[-7,46],[-53,41],[-56,112],[149,42],[159,73],[108,12],[61,-20],[116,144],[158,48],[79,3],[5,20],[37,2],[4,30],[-63,137],[5,28],[-45,30],[-16,44],[14,66],[51,79],[-32,51],[32,61],[38,306],[-13,56],[36,43],[-26,90],[36,51],[-137,39],[-68,-6],[-31,-10],[-29,-42],[-147,-54],[-44,7],[-69,117],[12,69],[85,75],[168,72],[75,4],[27,36],[-19,57],[-55,52],[-21,136],[-34,70],[-8,102],[47,108],[-23,267],[-43,143],[14,30],[-254,-25],[-68,18],[-55,129],[-10,102],[-54,68],[88,104],[-20,170],[-32,63],[23,57],[36,0],[-39,37],[69,198],[66,-5],[77,45],[45,-3],[49,82],[79,-17],[59,18],[53,50],[117,41],[119,87],[73,152],[68,34],[-1,50],[-61,75]],[[46496,56193],[131,221],[29,100],[-7,51],[88,85],[34,88],[-31,91],[33,166],[-64,65],[22,61],[-38,59],[0,66],[46,51],[-4,91],[-31,21],[-18,98],[61,85],[4,41],[-24,29],[30,74],[62,104],[71,0],[77,-71],[106,30],[1,64],[75,157],[23,97],[-23,63],[36,40],[-16,23],[10,50],[-58,53],[2,74],[45,105],[-12,42],[-38,3],[-18,36],[102,16],[50,151],[35,43],[1,86],[29,90],[54,35],[26,137],[30,50],[70,24],[95,-29],[56,-120],[-7,-91],[57,-39],[33,1],[62,83],[-26,42],[24,61],[-62,53],[-55,5],[-2,37],[55,36],[109,7],[12,126],[-27,72],[50,19],[2,34],[-37,63],[13,58],[110,58],[76,8],[13,-17],[45,19],[45,119],[63,65],[-17,136],[24,55],[-55,151],[15,191],[19,32],[142,57],[60,101],[59,31],[47,-29],[6,-79],[90,-40],[82,29],[57,51],[18,82],[56,22],[106,-68],[45,31],[-4,101],[30,32],[93,-39],[69,1],[46,-35],[28,-209],[39,-38],[83,50],[-5,75],[25,21],[28,5],[15,-42],[45,-8],[9,20],[-26,-4],[2,27],[-18,3],[19,29],[-23,27],[156,-2],[50,101],[36,28],[14,-20],[20,7],[26,64],[34,-1],[53,-38],[55,8],[21,8],[-20,13],[0,36],[21,16],[137,-59],[60,13],[23,18],[-10,57],[16,22],[53,-8],[41,26],[2,28],[-34,40],[4,81],[27,48],[23,6],[7,40],[25,3],[57,62],[76,-11],[30,14],[60,103],[52,-28],[13,-81],[31,-7],[52,67],[12,48],[-72,195],[9,25],[50,8],[5,45],[76,76],[-87,261],[31,65],[1,86],[324,67],[18,12],[-4,81],[54,-6],[146,134],[99,35],[-12,202],[-70,121],[29,82],[44,28],[1,32],[116,6],[48,26],[75,-30],[81,7],[161,141],[182,-50],[46,32],[17,75],[68,39],[10,63],[-61,27],[16,38],[-15,51],[33,82],[-15,71],[102,163],[61,29],[14,131],[-15,53],[-104,31],[-76,110],[-100,-23],[-24,28],[3,76],[-25,57],[-156,-16],[-41,-60],[-61,37],[-23,-15],[-32,16],[20,51],[-10,27],[22,8],[-27,52],[-61,-42],[-45,26],[-43,-25],[-20,42],[17,31],[-14,60],[-89,93],[5,97],[-54,34],[-67,102],[-61,8],[-113,-75],[-71,7],[-88,-20],[-54,24],[-30,109],[-180,26],[-31,49],[-45,8],[-62,-43],[-48,-87],[-50,-40],[-144,32],[-25,-112],[-73,-47],[-79,64],[-5,168],[-106,17],[-28,130],[39,32],[55,-6],[29,18],[-6,54],[45,181],[112,-2],[24,89],[88,38],[53,108],[-57,72],[23,34],[-16,20],[-128,66],[15,107],[-49,123],[-18,19],[-69,2],[-33,67],[0,41],[29,-2],[32,34],[-66,63],[50,69],[70,3],[121,69],[66,-69],[11,-69],[17,-19],[39,4],[20,-87],[76,-17],[-15,-71],[43,-4],[194,-106],[40,10],[69,-19],[74,45],[79,12],[34,40],[120,36],[83,111],[128,-77],[186,39],[41,-42],[78,-27],[-2,-61],[50,-34],[121,-13],[147,23],[62,-19],[106,7],[27,18],[15,56],[113,53],[10,-46],[-28,-35],[63,-42],[38,-54],[108,57],[149,-51],[60,10],[63,-29],[70,0],[80,29],[74,-38],[180,13],[35,24],[53,2],[84,-54],[9,-35],[116,-16],[106,39],[-14,61],[-50,54],[78,11],[140,-16],[75,51],[88,11],[52,80],[32,-12],[28,69],[-50,55],[38,74],[77,7],[93,59],[172,-11],[21,53],[79,10],[81,88],[41,7]],[[54517,66341],[49,7],[105,-70],[52,-82],[68,-59],[154,-68],[61,-65],[55,-12],[309,40],[92,-30],[95,11],[152,46],[67,77],[165,43],[7,44],[38,31],[36,76],[-11,48],[29,64],[77,46],[-5,23],[24,25],[64,-8],[63,45],[6,103],[43,88],[82,77],[14,54],[33,-21]],[[56441,66874],[82,-17],[43,18],[97,-7],[74,-74],[83,12],[22,-100],[61,-59],[117,-15],[103,-40],[37,-68],[-34,-36],[1,-84],[117,-177],[-6,-73],[20,-63],[124,-54],[-11,-28],[-58,-29],[14,-25],[74,-4],[182,-56],[73,2],[25,-17],[8,-61],[51,-30],[37,22],[50,-19],[1,-51],[56,-69],[6,-67],[64,-68],[20,-158],[-10,-35],[-64,-55],[-1,-30],[135,-112],[-29,-50],[17,-53],[64,-20],[37,-85],[42,-5],[54,-58],[22,-3],[17,25],[268,-62],[27,12],[168,-50],[-21,119],[31,110],[258,39],[-19,-46],[76,-89],[7,-37],[-6,-168],[-52,-172],[-43,-25],[-67,-126],[-36,-19],[37,-111],[-51,-175],[34,-64],[118,-46],[53,87],[84,-5],[25,-86],[76,-84],[-39,-84],[15,-61],[-50,-198],[29,-144],[-101,-164],[9,-87],[72,-54],[32,-56],[98,-2],[64,-40],[28,-46],[63,-22],[9,-54],[-30,-119],[76,-187],[14,-93],[75,27],[32,191],[50,12],[31,-18],[-6,-57],[76,-107],[76,15],[15,-29],[35,-5],[77,67],[-10,-38],[36,-68],[105,24],[69,45],[69,-21],[100,5],[33,-101],[36,-39],[-10,-85],[-58,-58],[28,-53],[-31,-90],[-151,-20],[-41,-60],[-3,-103],[-29,-70],[-73,-46],[-19,-91],[-115,-2],[-108,-107],[26,-180],[-44,-75],[-41,-23],[-47,3],[-175,-113],[-159,8],[-50,-15],[-51,15],[-120,-164],[-100,-26],[-61,-68],[-20,-116],[20,-36],[-9,-36]],[[17913,52189],[112,-5],[-3,102]],[[18022,52286],[25,-89],[40,-14]],[[18087,52183],[26,2]],[[18113,52185],[13,98],[28,34]],[[18154,52317],[43,3]],[[18197,52320],[32,14]],[[18229,52334],[41,-14]],[[18270,52320],[42,35]],[[18312,52355],[17,90]],[[18329,52445],[12,8]],[[18341,52453],[23,-17]],[[18364,52436],[10,-13]],[[18374,52423],[14,-38]],[[18388,52385],[15,-39]],[[18403,52346],[-23,-111]],[[18380,52235],[88,21]],[[18468,52256],[9,31],[21,-3]],[[18498,52284],[111,-17]],[[18609,52267],[3,-6]],[[18612,52261],[-3,-12]],[[18609,52249],[9,-69]],[[18618,52180],[-14,-22],[-34,-3]],[[18570,52155],[-20,33]],[[18550,52188],[-12,-5]],[[18538,52183],[-11,-20]],[[18527,52163],[-6,-32]],[[18521,52131],[-25,15]],[[18496,52146],[-2,-2]],[[18494,52144],[-14,-46]],[[18480,52098],[-21,-31]],[[18459,52067],[-46,-15],[-42,-48]],[[18371,52004],[-18,-22]],[[18353,51982],[7,-24],[-32,-13]],[[18328,51945],[-53,20]],[[18275,51965],[-40,-16]],[[18235,51949],[-47,-103],[9,-20]],[[18197,51826],[14,-2]],[[18211,51824],[19,-144]],[[18230,51680],[41,-12]],[[18271,51668],[13,52]],[[18284,51720],[29,11]],[[18313,51731],[6,-3]],[[18319,51728],[15,-43],[21,-8]],[[18355,51677],[29,-2]],[[18384,51675],[30,-8]],[[18414,51667],[41,60],[53,2],[-6,49]],[[18502,51778],[-9,7]],[[18493,51785],[-14,66]],[[18479,51851],[28,4]],[[18507,51855],[11,-11]],[[18518,51844],[3,-2]],[[18521,51842],[57,-9],[42,34]],[[18620,51867],[4,-24],[27,-7]],[[18651,51836],[60,-9]],[[18711,51827],[20,-3]],[[18731,51824],[72,-51]],[[18803,51773],[-9,-30]],[[18794,51743],[-103,-57]],[[18691,51686],[-14,-41]],[[18677,51645],[2,-43]],[[18679,51602],[18,-39],[38,-24]],[[18735,51539],[20,-6],[5,-60]],[[18760,51473],[-14,-61]],[[18746,51412],[-59,-49],[3,-60],[-49,-36]],[[18641,51267],[-7,-3]],[[18634,51264],[-32,23]],[[18602,51287],[-19,29]],[[18583,51316],[-26,29],[-70,18]],[[18487,51363],[-29,28]],[[18458,51391],[-33,-27]],[[18425,51364],[-17,-1]],[[18408,51363],[-43,20]],[[18365,51383],[-5,6]],[[18360,51389],[-19,10]],[[18341,51399],[-26,25],[-37,3]],[[18278,51427],[-113,9]],[[18165,51436],[4,-111]],[[18169,51325],[-52,15]],[[18117,51340],[-131,148],[25,78]],[[18011,51566],[3,17]],[[18014,51583],[-26,20],[-7,-12],[-4,-18]],[[17977,51573],[0,-11]],[[17977,51562],[-13,-45]],[[17964,51517],[-70,-17]],[[17894,51500],[-45,67]],[[17849,51567],[47,103],[3,53],[-3,20],[-36,14],[-22,124]],[[17838,51881],[15,11]],[[17853,51892],[0,41],[-34,44]],[[17819,51977],[-81,30]],[[17738,52007],[-79,114]],[[17659,52121],[8,16]],[[17667,52137],[51,36]],[[17718,52173],[47,16]],[[17765,52189],[71,-67]],[[17836,52122],[38,-15]],[[17874,52107],[29,15]],[[17903,52122],[10,67]],[[17448,52865],[-55,-49]],[[17393,52816],[-46,-64]],[[17347,52752],[7,-79]],[[17354,52673],[13,-8]],[[17367,52665],[26,-13]],[[17393,52652],[67,-24]],[[17460,52628],[2,-8]],[[17462,52620],[18,-40]],[[17480,52580],[4,-48]],[[17484,52532],[-20,39]],[[17464,52571],[-71,65],[-22,-4],[-10,-30]],[[17361,52602],[-41,-118],[-37,9]],[[17283,52493],[24,64],[17,225],[45,53],[54,19],[4,24],[21,-13]],[[10076,53796],[-55,3]],[[10021,53799],[38,16],[17,-19]],[[10299,53891],[53,-16]],[[10352,53875],[1,-31],[18,27],[110,-58],[-75,-46],[-26,22],[-68,-13],[-100,31],[-33,-14],[-8,-35],[-55,-1],[-27,36]],[[10089,53793],[48,71]],[[10137,53864],[92,20]],[[10229,53884],[34,18],[36,-11]],[[9626,54771],[19,-3]],[[9645,54768],[23,23]],[[9668,54791],[53,-29]],[[9721,54762],[54,19]],[[9775,54781],[64,-16]],[[9839,54765],[29,32],[49,7]],[[9917,54804],[20,-28]],[[9937,54776],[40,-9]],[[9977,54767],[68,-21]],[[10045,54746],[35,-75]],[[10080,54671],[44,-126],[-5,-68],[-93,-65],[-129,-42],[-78,-1],[-10,-25],[72,-13],[20,-59],[155,11],[48,-41],[-9,-116],[-64,-22],[-34,24],[-17,-51],[16,-67],[-83,-1],[-5,-15],[40,-27]],[[9948,53967],[1,-5]],[[9949,53962],[-53,-91],[23,-21],[70,16],[19,-32]],[[10008,53834],[-6,-44],[19,-11],[-108,11],[-41,-31],[16,-36],[-59,4],[-56,35],[76,-9],[1,51],[-47,15],[4,16],[-39,-33],[18,-26],[-26,-12],[-42,44],[-98,35],[-84,-5],[-150,70],[-108,74],[8,44]],[[9286,54026],[-6,7]],[[9280,54033],[29,53]],[[9309,54086],[-4,65]],[[9305,54151],[-21,68]],[[9284,54219],[11,98],[56,150]],[[9351,54467],[87,112]],[[9438,54579],[7,96],[42,89]],[[9487,54764],[37,54],[-25,55]],[[9499,54873],[29,7]],[[9528,54880],[52,-63]],[[9580,54817],[46,-46]],[[33588,84996],[9,-27]],[[33597,84969],[43,-31]],[[33640,84938],[17,-3]],[[33657,84935],[43,4]],[[33700,84939],[-28,-22],[14,-15]],[[33686,84902],[31,-21]],[[33717,84881],[33,-51],[29,-7]],[[33779,84823],[28,-18]],[[33807,84805],[11,-49]],[[33818,84756],[38,-3]],[[33856,84753],[18,-4]],[[33874,84749],[46,-74]],[[33920,84675],[5,-25],[30,-11]],[[33955,84639],[10,13]],[[33965,84652],[80,16]],[[34045,84668],[24,-5],[-7,-16]],[[34062,84647],[20,-103],[-34,-22],[-1,-30]],[[34047,84492],[-24,-104],[97,-87],[-4,-51],[-31,-15]],[[34085,84235],[-67,-23]],[[34018,84212],[-56,-64]],[[33962,84148],[-4,-10]],[[33958,84138],[5,-71],[30,-42]],[[33993,84025],[44,-34]],[[34037,83991],[58,-67]],[[34095,83924],[24,-33]],[[34119,83891],[3,-26],[-33,-2]],[[34089,83863],[-52,-53]],[[34037,83810],[-52,-17]],[[33985,83793],[-86,30]],[[33899,83823],[-89,-48]],[[33810,83775],[-43,-4],[-38,-34]],[[33729,83737],[-25,-45]],[[33704,83692],[66,-64]],[[33770,83628],[-10,-72]],[[33760,83556],[-95,-50]],[[33665,83506],[-74,-13]],[[33591,83493],[-110,-15]],[[33481,83478],[-52,76]],[[33429,83554],[-76,40]],[[33353,83594],[-49,15],[-22,30]],[[33282,83639],[-36,78],[2,49]],[[33248,83766],[16,41]],[[33264,83807],[-65,45]],[[33199,83852],[-66,57]],[[33133,83909],[-88,-20],[-109,70]],[[32936,83959],[-15,0]],[[32921,83959],[-36,37],[-22,-3]],[[32863,83993],[-7,-38],[49,-31],[-22,-38]],[[32883,83886],[-108,36]],[[32775,83922],[-30,15],[-89,-54],[-42,9]],[[32614,83892],[-40,13],[-53,-17]],[[32521,83888],[-55,5]],[[32466,83893],[-53,-27]],[[32413,83866],[-21,20],[21,37]],[[32413,83923],[-75,69]],[[32338,83992],[-9,23],[-72,35],[-17,99]],[[32240,84149],[8,34]],[[32248,84183],[73,4]],[[32321,84187],[87,174]],[[32408,84361],[58,-19]],[[32466,84342],[62,20]],[[32528,84362],[50,-35],[9,2],[29,32],[-58,60]],[[32558,84421],[18,62],[72,23]],[[32648,84506],[18,8]],[[32666,84514],[10,65]],[[32676,84579],[17,43],[-49,45]],[[32644,84667],[33,114]],[[32677,84781],[-45,50]],[[32632,84831],[31,56]],[[32663,84887],[-34,135],[19,45],[22,-12]],[[32670,85055],[28,9],[8,40]],[[32706,85104],[59,-17],[21,42]],[[32786,85129],[15,9]],[[32801,85138],[179,-9],[23,62]],[[33003,85191],[45,78]],[[33048,85269],[59,0],[17,27],[21,17],[28,-38]],[[33173,85275],[61,-9]],[[33234,85266],[38,-24]],[[33272,85242],[70,-3]],[[33342,85239],[26,-49]],[[33368,85190],[-6,-30],[20,-12],[42,26]],[[33424,85174],[52,47]],[[33476,85221],[71,6]],[[33547,85227],[12,18],[25,-6]],[[33584,85239],[54,-20],[35,-96],[-14,-84],[-71,7],[0,-50]],[[20863,33159],[1,-28],[-79,14],[78,14]],[[20918,33249],[-1,-26],[-13,17],[14,9]],[[22147,34295],[62,-13],[115,19],[7,70],[55,42],[28,-8],[-5,-54],[57,-15],[6,-46],[58,15],[-18,23],[28,29],[20,-18],[31,15],[38,-44],[7,-79],[-17,-39],[25,3],[30,-29],[-8,-103],[-33,-30],[-8,-64],[58,-18],[65,-136],[-20,-50],[-79,-47],[-16,-43],[97,-179],[1,-38],[-26,-36],[33,-87],[-7,-49],[13,-23],[73,-9],[84,-51],[-21,-38],[21,-54],[-18,-53],[68,-141],[-28,-39],[-119,12],[-49,-27],[-23,9],[-56,-88],[-39,-3],[23,-61],[160,-72],[57,-151],[-76,-132],[-44,-26],[13,-89],[-18,-55],[-37,-38],[20,-7],[13,-95],[30,-26],[26,-88],[-49,-37]],[[22755,31904],[2,-33]],[[22757,31871],[-29,-23]],[[22728,31848],[-40,-65]],[[22688,31783],[2,-4]],[[22690,31779],[-37,-27],[45,-60]],[[22698,31692],[-27,-32]],[[22671,31660],[-17,-36]],[[22654,31624],[-41,13]],[[22613,31637],[-27,-13]],[[22586,31624],[-8,-43],[-63,-19],[-20,-39]],[[22495,31523],[-28,-38],[-33,23]],[[22434,31508],[4,40]],[[22438,31548],[-25,21]],[[22413,31569],[-40,39],[-63,-24]],[[22310,31584],[0,-19]],[[22310,31565],[-14,-21]],[[22296,31544],[34,-80]],[[22330,31464],[1,-27]],[[22331,31437],[-111,32]],[[22220,31469],[-23,12],[-23,-17]],[[22174,31464],[-75,-19],[-34,-28]],[[22065,31417],[-26,-31],[-45,15],[-17,39],[-52,-11],[-87,43],[0,120],[38,34],[-17,0],[-25,80],[-29,19],[59,17],[-44,-8],[-20,50],[-23,-4],[1,33],[-35,29],[-15,-29],[-24,44],[-68,8],[-14,101],[-18,23],[-35,0],[-16,53],[-130,46],[-22,30],[-53,-6],[54,49],[-4,29],[-29,15],[68,17],[19,34],[-21,42],[50,52],[-200,717],[-80,148],[-121,-38],[-35,41],[-87,22],[-7,61],[-57,6],[-31,63],[35,32],[64,-69],[27,13],[1,26],[42,-29],[43,29],[22,-43],[50,-5],[23,17],[44,-24],[41,42],[26,-1],[7,29],[-46,69],[-85,-17],[-9,53],[-38,38],[-31,-17],[-107,31],[-33,-22],[-58,45],[9,14],[38,-18],[16,18],[3,114],[-62,20],[-6,-26],[-44,-13],[-40,18],[6,46],[-56,195],[-38,25],[-36,104],[-1,68],[53,-10],[36,46],[-33,36],[-37,-48],[-50,61],[-121,340],[-39,9],[1,14]],[[20484,34580],[44,10]],[[20528,34590],[55,-20]],[[20583,34570],[45,0]],[[20628,34570],[68,-17],[44,51],[36,8],[130,-35],[101,63],[47,-8],[22,89],[24,9],[25,58],[19,0],[31,74],[39,-16],[-3,-40],[44,-49],[-16,-81],[97,-27],[23,13],[114,-16],[51,-116],[-6,-56],[31,-7],[21,-30],[16,-106],[-24,-59],[25,-60],[85,-68],[109,-26],[29,18],[13,45],[154,21],[170,93]],[[22880,62870],[19,-78],[80,-47],[23,-105],[58,-89],[-51,-11],[-58,-48],[76,-122],[73,-89],[70,-41],[68,73],[50,16],[24,-18],[48,24],[43,-41],[60,-211],[-52,-168],[-96,-22],[0,-92],[-135,-211],[-23,-149],[-45,-87],[-3,-100],[-11,-19],[-64,-8],[-134,29],[-40,-30],[-146,44],[-17,-27],[-31,16],[-33,-36],[5,-43],[-79,-41],[-85,-179],[-88,0],[19,-40],[-136,-87],[-20,-65],[-74,5],[-56,81],[-48,-8],[-80,45],[-65,6],[-83,-34],[-4,-98],[-33,-32],[9,-65],[22,-3],[59,76],[99,-8],[19,-100],[-38,14],[-8,-79],[94,8],[9,-46],[-18,-40],[16,-46],[67,-49],[27,3],[3,57],[49,79],[45,0],[-1,-65],[19,-30],[36,5],[7,33],[52,8],[-15,79],[30,51],[51,-43],[1,-114],[43,-11],[9,33],[132,-38],[38,-32],[26,-76],[86,-40],[-76,-6],[-59,27],[-7,-54],[-38,-11],[-1,-22],[-75,3],[6,-76],[-40,-3],[-36,38],[-17,-95],[-28,25],[4,-93],[-18,-13],[-211,40],[-20,79],[-17,21],[-27,-3],[-20,54],[-45,6],[-17,-41],[-87,-8],[15,-73],[-28,-41],[-7,-98],[-28,0],[1,-76],[20,-37],[51,-30],[9,-70],[40,-25],[-63,-35],[5,-49],[118,-5],[57,-29],[8,-157],[37,-41],[-31,-114],[18,-30],[-4,-102],[91,30],[58,-16],[39,-57],[-49,-17],[-17,-84],[-94,-27],[27,-38],[-74,-30],[-32,-43],[-71,-36],[27,-63],[183,-48],[-3,-42],[-35,-13],[19,-45],[-11,-25]],[[22221,58596],[-370,-121],[-88,-65],[-323,-165],[-138,-33],[-74,-61],[-142,-1],[-116,-58],[12,-51],[69,3],[25,-41],[-12,-26],[35,-11],[-25,-25],[11,-60],[-37,-22],[56,-81],[164,-121],[23,-40],[6,-127],[-46,-85],[-58,-25],[-37,12],[-56,-33],[-60,25],[-108,-20],[-47,-37],[72,-87],[61,-7],[81,-304],[59,-100],[60,21],[21,33],[15,-20],[64,16],[25,44],[87,13],[21,-52],[67,25],[33,87],[31,-58],[42,-10],[-8,79],[81,-4],[75,45],[81,-11],[99,38],[229,-10],[43,-25],[61,35],[70,8],[67,-118],[20,-7],[84,35],[43,46],[59,-53],[56,-3],[57,74],[68,19],[24,29],[22,-93],[73,-12],[-29,-171],[-53,-24],[-22,-36],[-146,-21],[-41,-42],[-43,-1],[-27,57],[-29,6],[-29,-17],[-2,-64],[-81,3],[-57,28],[-27,-23],[-34,9],[-48,-39],[-102,40],[-21,-7],[-3,-43],[-43,-10],[-27,23],[-96,15],[-7,55],[-34,38],[-69,-241],[-122,-6],[-176,-100],[-59,40],[16,-223],[-32,-181],[-211,-136],[-125,30],[-98,-10],[16,-97],[-61,-79],[-5,-69],[10,-33],[54,-1],[-50,-89],[-39,0],[-59,37],[-47,-64],[-156,8],[23,-60],[-42,-51],[-73,13],[-14,34],[-119,6],[-168,-75],[4,79],[-66,19],[-24,70],[-24,9],[-69,-41],[2,-53],[84,1],[11,-29],[55,-20],[-20,-14],[19,-69],[108,4],[8,-49],[71,3],[54,-32],[64,70],[-6,-26],[22,-20],[89,-23],[52,50],[-51,-75],[19,-50],[-7,-101],[20,-60],[69,0],[35,-48],[-23,-50],[21,-16],[36,35],[86,12],[32,-102],[114,-8],[12,28],[109,-57],[101,-13],[33,-71],[-50,-12],[-25,-83],[4,-27],[116,-131],[14,-196],[52,-31],[10,-58],[-28,-63],[-7,-185],[33,0],[9,-72],[-107,-72],[-64,27],[-68,-4],[-82,-136],[-77,31],[-75,-32],[10,-78],[60,5],[14,-31],[4,-167],[-30,-30],[-48,-7],[-73,-48],[-13,16],[-57,-13],[-145,-135],[-39,26],[-137,16],[-113,-61],[-74,54],[-52,11],[-41,161],[-69,59],[-124,57],[-42,-14],[-91,102],[-49,-26],[-28,11],[-72,-64],[-41,85],[36,21],[1,19],[-55,121],[-28,17],[-80,-43],[-24,-36],[35,-30],[-8,-28],[-41,-31],[-13,-51],[-136,-48],[-3,-38],[45,-27],[4,-36],[56,-22],[35,-98],[54,-2],[97,-42],[19,-76],[-15,-80],[70,-12],[-106,-101],[14,-73],[-100,-109],[-68,-146],[-4,-56],[-50,-14],[-33,-55],[-45,6],[-15,-30],[0,-67],[60,43],[27,-9],[32,-114],[10,-139],[41,-131],[-46,-20],[-16,-76],[35,-196],[-101,-43],[-17,3],[-11,51],[-43,-26],[-27,11],[-8,-48],[-35,32],[10,47],[-55,-57],[-155,34],[-61,-43],[-16,-72],[11,-91],[-17,-17],[-77,-39],[-33,-57],[-80,14],[-10,49],[-32,-71],[-39,-2]],[[18755,51533],[-20,6]],[[18735,51539],[-38,24],[-18,39]],[[18677,51645],[14,41]],[[18794,51743],[9,30]],[[18803,51773],[-72,51]],[[18711,51827],[-60,9]],[[18651,51836],[-27,7],[-4,24]],[[18620,51867],[-42,-34],[-57,9]],[[18518,51844],[-11,11]],[[18507,51855],[-28,-4]],[[18479,51851],[14,-66]],[[18502,51778],[6,-49],[-53,-2],[-41,-60]],[[18414,51667],[-30,8]],[[18355,51677],[-21,8],[-15,43]],[[18313,51731],[-29,-11]],[[18284,51720],[-13,-52]],[[18271,51668],[-41,12]],[[18230,51680],[-19,144]],[[18197,51826],[-9,20],[47,103]],[[18235,51949],[40,16]],[[18328,51945],[32,13],[-7,24]],[[18371,52004],[42,48],[46,15]],[[18480,52098],[14,46]],[[18496,52146],[25,-15]],[[18527,52163],[11,20]],[[18550,52188],[20,-33]],[[18570,52155],[34,3],[14,22]],[[18618,52180],[-9,69]],[[18609,52249],[3,12]],[[18609,52267],[-111,17]],[[18498,52284],[-21,3],[-9,-31]],[[18380,52235],[23,111]],[[18403,52346],[-15,39]],[[18388,52385],[-14,38]],[[18364,52436],[-23,17]],[[18329,52445],[-17,-90]],[[18270,52320],[-41,14]],[[18229,52334],[-32,-14]],[[18197,52320],[-43,-3]],[[18113,52185],[-26,-2]],[[18087,52183],[-40,14],[-25,89]],[[18022,52286],[3,-102],[-112,5]],[[17913,52189],[-10,-67]],[[17874,52107],[-38,15]],[[17836,52122],[-71,67]],[[17765,52189],[-47,-16]],[[17718,52173],[-51,-36]],[[17659,52121],[79,-114]],[[17819,51977],[34,-44],[0,-41]],[[17838,51881],[-222,53],[-41,-17],[-94,16],[-10,-67],[-81,-2],[-23,-39],[21,-33],[-53,-6],[-25,-120],[24,-46],[-72,34],[-52,-19],[0,-90],[-240,44]],[[16970,51589],[40,251],[-29,159],[47,85],[9,105],[24,31],[47,14],[4,114],[41,54],[80,21],[50,70]],[[17283,52493],[37,-9],[41,118]],[[17464,52571],[20,-39]],[[17480,52580],[-18,40]],[[17460,52628],[-67,24]],[[17367,52665],[-13,8]],[[17354,52673],[-7,79]],[[17393,52816],[55,49]],[[17448,52865],[-21,13],[10,38],[35,51],[47,23],[4,114],[22,7],[-25,58],[42,84],[5,73],[-43,169],[23,9],[-66,78],[-88,345],[71,-40],[74,25],[-1,35],[-20,-23],[-65,23],[-28,62],[-48,17],[-44,51],[15,65],[45,1],[-60,23],[-34,36],[-126,317],[-24,103],[9,33],[23,-1],[-20,28],[19,24],[-80,-34],[-5,-57],[22,-25],[-31,17],[-61,105],[-108,395],[13,17],[34,-24],[93,18],[36,57],[-72,-18],[-174,49],[-16,101],[20,25],[8,89],[49,49],[-142,58],[-58,-11],[-27,-64],[-3,-196],[-28,-43],[-42,16],[-49,-19],[27,23],[-36,38],[-7,82],[17,26],[-15,0],[7,76],[-28,92],[3,164],[21,23],[-21,41],[44,7],[61,-27],[24,36],[-25,-28],[-91,54],[-46,-14],[-47,78],[-2,84],[31,21],[-65,-6],[7,25],[34,-9],[-36,18],[-3,24],[29,97],[49,40],[54,110],[45,29],[9,43],[38,-5],[-17,-53],[22,34],[-7,32],[-29,1],[-32,-42],[-30,0],[9,64],[147,176],[57,25],[62,119],[-25,-6],[-31,-55],[-47,-7],[-90,-51],[-7,29],[49,91],[-16,2],[49,51],[22,126],[41,18],[-41,-5],[11,22],[47,31],[71,-2],[102,33],[29,21],[7,15],[-24,42],[-12,-16],[26,-10],[-11,-37],[-116,-32],[-55,11],[-30,31],[-105,-71],[-67,-110],[-42,-14],[3,50],[-20,5],[-34,67],[32,25],[-45,-5],[7,50],[-20,-21],[-7,51],[-19,-22],[12,39],[-15,-8],[22,28],[23,-29],[-14,103],[56,67],[28,80],[26,14],[48,-13],[37,40],[64,6],[96,88],[83,-51],[90,14],[18,30],[132,-19],[80,26],[98,62],[-11,20],[-127,-45],[-68,6],[-68,24],[-62,69],[-33,9],[-93,-43],[-156,19],[-50,-24],[-207,17],[-131,-65],[-13,-24],[-54,0],[-37,23],[-59,98],[-50,0],[50,7],[-5,33],[-48,4],[42,3],[-3,49],[13,-31],[1,37],[70,75],[43,218],[67,124],[-132,88],[-42,9],[8,32],[-29,-2],[-3,123],[-34,33],[-11,45],[-9,176],[89,469],[79,282],[79,145],[54,55],[118,61],[122,-2],[196,-127],[55,4],[146,-46],[31,18],[114,198],[59,64],[32,8],[170,-85],[56,-9],[92,42],[57,84],[7,51],[-17,33],[-22,-75],[-48,-47],[-110,-15],[-27,38],[-26,113],[-33,2],[-301,-189],[-41,-9],[-239,29],[-109,117],[-9,40],[-78,21],[-147,-43],[-135,-106],[7,45],[-16,7],[-60,-63],[2,22],[-32,-10],[16,16],[-15,9],[28,17],[-23,13],[9,51],[62,17],[-42,11],[-62,-45],[-7,-94],[-69,-61],[-73,-122],[-46,15],[43,82],[-24,23],[46,6],[6,27],[-56,-8],[55,14],[2,37],[-83,-37],[-133,241],[-173,36],[57,78],[32,98],[-50,48],[-20,54],[-46,11],[-76,-54],[80,15],[81,-92],[-94,-60],[-23,-86],[39,-53],[114,-9],[10,-271],[-19,-1],[-1,-44],[-22,-7],[-21,-56],[-26,54],[-57,50],[-6,38],[29,37],[-14,45],[-88,54],[2,-31],[53,-70],[-40,-77],[7,-77],[91,-62],[19,-82],[-19,17],[2,-48],[-11,-15],[-25,10],[-5,-33],[-15,84],[-49,3],[18,64],[-23,15],[8,-27],[-29,-15],[5,-68],[-34,15],[36,-27],[11,-43],[-24,-14],[-1,-76],[-24,-8],[-15,54],[-87,30],[5,131],[-87,84],[22,-63],[47,-21],[-9,-139],[50,-55],[-14,-6],[12,-23],[-45,-43],[16,-46],[-133,-522],[-33,13],[30,-49],[-2,-88],[-34,10],[-23,46],[-6,133],[-36,24],[33,123],[-58,53],[-14,64],[168,95],[43,-41],[22,33],[0,18],[-33,15],[28,32],[-9,76],[-85,-69],[-2,28],[-43,28],[36,-31],[12,-65],[-168,-103],[-2,-139],[-35,13],[-51,-41],[-50,47],[-38,-12],[-14,60],[-36,25],[32,-32],[-5,-55],[65,-8],[12,-49],[50,-20],[64,33],[-37,-198],[-46,-7],[-67,-46],[-62,63],[-38,4],[-65,91],[54,-83],[-52,-27],[75,0],[86,-69],[112,42],[123,-195],[18,-58],[-12,-98],[20,-280],[40,-126],[-24,-43],[-44,79],[-21,116],[-106,42],[-36,73],[-22,16],[-22,9],[-29,4],[-15,-4],[-9,-14],[12,11],[32,2],[39,-18],[38,-78],[96,-57],[22,-139],[134,-259],[9,-74],[64,-80],[13,-60],[-138,-211],[-56,-278],[-115,-243],[-83,-100],[-91,-63],[-36,-77],[-169,-197],[-47,-92],[0,-71],[-27,-20],[-42,43],[-16,59],[-13,-34],[-25,25],[20,-33],[-23,-18],[29,11],[19,-52],[35,-4],[3,-50],[-49,-57],[-13,10],[2,-24],[33,-74],[80,-15],[-27,-28],[34,-14],[-14,-24],[18,-13],[-6,-22],[-99,-23],[-91,-69],[-27,6],[-34,-58],[-18,14],[-87,-32],[-31,-33],[-9,-51],[-40,57],[100,125],[-20,32],[-28,-8],[-25,-19],[-1,-47],[-24,-16],[-16,19],[8,-34],[-36,-16],[22,-54],[-48,-28],[26,-9],[-43,-16],[10,-31],[-62,14],[-126,-52],[-101,-7],[-75,-76],[-35,2],[-158,-81],[-28,12],[-86,-55],[38,-77],[-56,-9],[-2,15],[-49,2],[28,-32],[-77,-21],[-4,-19],[-42,6],[-50,-21],[-14,13],[-26,-28],[-5,30],[-30,1],[-139,-67],[-9,-26],[-103,-1],[-50,-28],[-7,-63],[-58,-23],[-31,31],[-4,-32],[-53,0],[-67,-51],[-126,-13],[-44,-29],[-71,19],[-31,-63],[35,-36],[-29,-24],[-74,-5],[-12,-16],[37,-12],[-47,-6],[-20,-63],[-54,-34],[-53,2],[-33,-47],[-162,-16],[-27,4],[-10,38],[-31,-8],[15,-54],[23,2],[-13,-13],[-231,-42],[-98,-42],[-17,-25],[-197,-67],[-23,-29],[-88,-7],[-26,-53],[-173,-38],[-28,-52],[32,-15],[-29,-15],[-108,-12],[-17,25],[-96,-13],[-45,-27],[-10,-20],[24,-25],[-14,-8],[-119,-21],[-41,32],[-89,2],[-63,-29],[-27,-40],[-11,17],[57,62],[-44,13],[-59,-28],[-39,9],[-24,-23],[28,1],[2,-22]],[[10299,53891],[-36,11],[-34,-18]],[[10229,53884],[-92,-20]],[[10089,53793],[-13,3]],[[10021,53799],[0,35],[32,38],[131,26],[8,10],[-22,1],[22,20],[-167,-64],[-43,50],[-1,58],[-33,-6]],[[10080,54671],[-35,75]],[[9977,54767],[-40,9]],[[9937,54776],[-20,28]],[[9839,54765],[-64,16]],[[9721,54762],[-53,29]],[[9645,54768],[-19,3]],[[9626,54771],[-46,46]],[[9528,54880],[-29,-7]],[[9487,54764],[-42,-89],[-7,-96]],[[9438,54579],[-87,-112]],[[9284,54219],[21,-68]],[[9309,54086],[-29,-53]],[[9286,54026],[-20,-30],[-32,5],[13,-38],[-34,47],[-159,21],[-27,29],[-169,58],[-32,42],[-43,-7],[-122,78],[-76,25],[-46,47],[-28,-9],[-111,56],[-104,96],[31,15],[-9,22],[-1,-15],[-39,-3],[-46,44],[-86,34],[10,-30],[-85,60],[-14,22],[15,17],[-22,-19],[-92,45],[-257,199],[-45,52],[30,30],[-35,-25],[8,22],[-53,-2],[-310,268],[-19,36],[31,11],[-38,19],[-14,-22],[-102,99],[-20,-4],[-252,268],[23,36],[-36,-18],[-112,110],[-821,966],[35,-24],[45,2],[20,45],[-35,-43],[-39,4],[-26,35],[-12,-11],[-232,264],[-7,15],[69,38],[-11,55],[35,22],[50,-4],[-5,53],[61,15],[-2,66],[-30,-8],[-15,95],[-55,85],[2,38],[-41,-34],[16,-19],[-20,-16],[-39,30],[9,-27],[-15,-4],[-31,58],[-70,-41],[-39,8],[59,-35],[96,-104],[-4,-14],[-55,10],[-18,-33],[-13,36],[30,3],[-35,43],[-85,45],[-30,-5],[-106,70],[64,-62],[63,-25],[72,-95],[80,-29],[63,-65],[-33,-66],[17,-41],[-53,-19],[-65,45],[-322,336],[-46,0],[13,-9],[0,-22],[-21,-32],[13,55],[-114,78],[-335,329],[-143,102],[-218,235],[-187,126],[-343,316],[-128,145],[16,15],[-33,-3],[-59,61],[-333,387],[-121,110],[-277,321],[-44,78],[-44,22],[-17,52],[19,26],[-82,201],[25,88],[47,9],[6,121],[104,184],[87,99],[193,106],[28,49],[45,-3],[23,-27],[-32,-30],[-13,-48],[-111,-75],[96,-143],[82,-4],[42,60],[98,-47],[6,19],[67,-1],[28,37],[51,8],[22,39],[69,-3],[-3,-57],[41,-27],[-24,-16],[1,-39],[-72,-37],[16,-19],[-36,-40],[10,-58],[-32,-10],[2,-71],[-38,-53],[43,-72],[124,-107],[112,-33],[35,27],[31,-15],[-5,24],[129,19],[43,30],[-11,24],[15,-10],[6,16],[82,14],[18,16],[-4,31],[35,1],[17,31],[-26,48],[14,24],[120,-32],[-7,-22],[69,23],[11,-15],[40,9],[21,-19],[63,-1],[130,77],[49,-21],[78,30],[7,68],[125,116],[-29,36],[-3,84],[-45,30],[-18,43],[33,-47],[59,11],[50,-64],[53,-19],[10,-24],[-17,-18],[27,-22],[5,-50],[-26,-12],[36,-21],[7,-43],[52,49],[58,-29],[-2,-26],[-42,-28],[-3,-33],[-26,-15],[15,-59],[-11,54],[27,17],[6,34],[47,23],[29,-20],[10,16],[10,-49],[6,41],[12,-34],[-20,-57],[39,80],[2,85],[94,-48],[43,12],[35,134],[132,8],[-26,92],[36,54],[-16,35],[-97,-14],[0,44],[11,-33],[50,9],[48,50],[9,-40],[24,39],[57,29],[-11,16],[22,19],[46,-57],[-21,-58],[29,-18],[7,-33],[42,-17],[14,59],[73,-111],[69,-50],[50,34],[67,140],[-86,48],[-33,-1],[30,6],[60,-25],[24,23],[19,-28],[5,91],[7,-64],[21,135],[-27,30],[33,-22],[-26,-158],[127,-29],[112,83],[51,-45],[-16,41],[12,85],[82,91],[75,-33],[9,-33],[6,53],[-53,22],[4,52],[103,47],[39,5],[-4,-27],[10,25],[-35,7],[84,16],[20,-12],[23,17],[36,-7],[26,16],[-13,-44],[58,90],[95,-62],[31,13],[48,-21],[135,4],[95,30],[58,-8],[94,131],[23,-10],[0,80],[33,7],[-30,20],[9,24],[40,33],[12,-9],[0,26],[31,-1],[1,19],[-23,-2],[9,29],[11,-16],[25,10],[34,38],[-22,29],[18,-10],[33,30],[-8,23],[23,13],[-30,24],[25,5],[29,52],[-53,12],[-2,22],[30,38],[10,-26],[22,7],[-6,51],[19,26],[-29,-8],[18,17],[-10,17],[29,-9],[14,28],[43,-27],[47,57],[-22,10],[40,0],[36,35],[-5,35],[13,0],[-18,15],[24,36],[-24,-7],[46,29],[-13,39],[39,3],[-5,34],[12,9],[8,-18],[1,27],[50,56],[6,73],[55,104],[117,151],[91,42],[14,-9],[38,55],[26,98],[45,65],[-19,1],[63,39],[64,105],[82,242],[-34,8],[-32,-30],[-141,-27],[-137,-123],[-19,-20],[-9,-92],[-42,-14],[45,-10],[-4,-124],[-25,-58],[-146,-68],[-140,43],[-10,37],[-61,-25],[-44,15],[-155,119],[-31,-9],[-9,-43],[-79,56],[-29,69],[-34,-3],[-9,-25],[43,11],[10,-48],[88,-71],[-19,-27],[-79,-23],[-92,2],[-43,-31],[-112,72],[-32,-3],[-10,30],[50,64],[-18,27],[90,145],[-152,-220],[-6,-48],[58,-52],[-58,23],[-36,-41],[-38,41],[33,-55],[43,44],[103,-33],[-26,-64],[-97,-60],[-192,-18],[-82,-34],[-32,23],[-104,6],[-220,-38],[-11,-31],[-106,-73],[-145,26],[-35,-13],[17,-43],[-31,38],[-137,-62],[-69,-6],[-172,-120],[-29,-62],[9,-37],[-100,-121],[-23,-42],[9,-40],[-29,-9],[6,-34],[-19,-8],[3,48],[-48,10],[-73,54],[-41,-1],[16,80],[-28,-81],[-60,36],[-35,114],[3,-69],[25,-42],[-43,-12],[-76,14],[-3,-21],[-29,-10],[-140,57],[-39,46],[9,25],[-39,-25],[-107,20],[-117,-12],[35,-24],[-91,-30],[-86,24],[-208,130],[-110,34],[-34,-19],[13,43],[-27,-32],[-127,47],[-177,-33],[-135,40],[-8,30],[-20,-24],[-96,9],[-255,137],[-315,214],[-387,199],[-148,115],[10,-21],[-315,189],[-10,10],[26,-9],[-34,18],[1,31],[-24,-26],[-182,76],[-171,147],[-226,139],[-81,88],[91,-92],[97,-45],[-96,51],[-63,104],[-46,14],[-132,110],[-25,72],[54,29],[8,-85],[29,10],[81,-30],[-7,17],[41,18],[-40,10],[-19,-16],[-1,21],[-17,-25],[-57,89],[136,7],[-4,20],[24,4],[8,26],[89,47],[-58,9],[-58,-22],[-39,113],[100,-3],[146,48],[62,-40],[46,-5],[20,13],[7,26],[13,11],[46,-18],[38,102],[-43,-96],[-30,14],[-17,-1],[-38,-46],[-37,11],[-2,17],[18,1],[-37,40],[-185,-44],[7,63],[30,21],[-37,-9],[0,-55],[-24,-22],[-29,76],[-33,-24],[-12,29],[19,28],[-16,-8],[4,19],[-37,19],[4,28],[35,-27],[7,29],[-14,20],[-25,8],[-13,-14],[-2,26],[-29,7],[-5,24],[24,1],[-41,20],[-20,25],[10,15],[-37,4],[36,-72],[-12,-16],[-80,118],[-10,-15],[-20,22],[-18,-14],[43,-47],[-34,-3],[-45,46],[-2,31],[18,-16],[7,35],[-16,74],[-31,-16],[-31,21],[24,10],[-54,-7],[-11,47],[31,-30],[-93,191],[-14,-28],[19,1],[4,-49],[9,15],[15,-15],[-7,-35],[-77,73],[36,2],[-2,30],[-26,-8],[-16,17],[8,61],[39,-27],[22,18],[-74,17],[18,46],[-14,-28],[-31,9],[27,55],[-56,127],[50,-3],[-19,104],[-18,14],[-3,69],[31,45],[-22,107],[37,35],[6,49],[63,14],[8,-31],[13,-5],[21,32],[38,10],[-34,-1],[-22,-34],[-14,5],[-10,35],[34,52],[-6,53],[40,-6],[39,29],[46,87],[48,21],[23,-18],[9,32],[58,7],[30,71],[108,36],[68,138],[58,57],[43,-4],[-2,26],[37,29],[116,16],[91,43],[2,26],[-58,-50],[-21,4],[56,43],[-43,12],[13,33],[66,20],[-3,23],[57,35],[-168,-68],[-121,17],[-88,-13],[21,-25],[-39,-23],[-27,8],[7,-15],[-19,8],[7,-25],[-35,-14],[-121,8],[-18,28],[14,18],[-19,-10],[5,-30],[-44,-12],[-51,-59],[-37,-90],[-110,-158],[-37,8],[4,56],[-41,46],[10,38],[48,18],[24,58],[-24,-50],[-18,0],[-12,58],[-29,30],[72,12],[45,30],[99,174],[151,86],[93,-32],[-8,10],[100,76],[-13,18],[-80,-72],[-68,13],[9,80],[-30,-18],[-19,43],[-49,31],[-32,-5],[4,-70],[-33,7],[-78,-1],[2,30],[-58,13],[-24,45],[35,63],[755,-4],[6,146],[33,138],[17,957],[31,39],[201,55],[21,-35],[14,-191],[44,-160],[61,-12],[21,15],[10,-32],[57,-19],[39,12],[22,39],[67,191],[94,69],[87,-150],[59,-44],[53,-1],[345,166],[398,-130],[280,129],[132,31],[193,-41],[259,29],[260,-72],[371,88],[300,-280],[162,-116],[543,-40],[486,6],[88,12],[131,90],[108,164],[81,191],[34,23],[440,102],[330,116],[166,24],[333,129],[430,128],[138,-76],[-74,-162],[-74,-54],[57,-132],[-57,-64],[58,-32],[-57,-79],[7,-48],[72,-47],[75,-3],[155,-55],[561,-9],[117,45],[62,50],[150,37],[26,22],[-44,23],[-15,85],[278,214],[144,55],[55,-53],[127,2],[72,32],[81,99],[126,37],[37,42],[8,46],[-56,67],[-97,18],[-240,-9],[-79,34],[29,310],[-63,72],[19,97],[-11,126],[75,121],[150,61],[173,132]],[[10891,69107],[45,-46],[195,-77]],[[11131,68984],[133,-36]],[[11264,68948],[128,-49]],[[11392,68899],[72,-24]],[[11464,68875],[137,-50]],[[11601,68825],[90,126],[109,50],[21,3],[41,-103],[58,-21],[25,25],[36,-5],[28,30],[57,13],[109,80],[85,17],[52,41],[181,19],[54,-32],[118,23],[55,-49],[70,26],[106,-69],[20,-49],[42,-26],[204,81],[110,0],[198,63],[38,-18],[22,-43],[-12,-127],[36,-20],[94,-7],[44,-41],[38,74],[-22,121],[51,79],[65,-37],[98,7],[22,-34],[-33,-30],[6,-18],[59,-75],[36,0],[183,102],[-13,53],[42,62],[148,48],[44,40],[122,-34],[26,-86],[-37,-24],[9,-61],[135,-80],[111,8],[55,-75],[76,-20],[58,26],[34,-14],[-9,18],[81,61],[71,-47],[96,6],[151,-52],[59,12],[34,43],[51,-19],[-43,-95],[-61,-26],[-44,-5],[-51,57],[-79,-1],[-105,-77],[77,-115],[68,31],[19,-76],[156,22],[-7,56],[85,-24],[28,-51],[32,-8],[-11,-33],[57,-109],[130,30],[80,-15],[21,-42],[-36,-55],[-7,-72],[73,-86],[31,-120],[161,11],[8,33],[-35,123],[42,-11],[8,66],[114,163],[111,-72],[53,-61],[262,-61],[144,3],[-15,-147],[50,-107],[96,-116],[309,-12],[52,26],[145,3],[121,-55],[87,-97],[36,38],[216,107],[-38,62],[-68,14],[4,33],[98,111],[-35,116],[72,75],[46,46],[34,-67],[109,1],[161,113],[48,-146],[4,-118],[-57,-50],[-30,-72],[50,-35],[48,5],[60,-69],[159,-70],[76,19],[77,76],[76,-41],[-56,-55],[-20,-63],[-36,0],[-31,36],[-46,-162],[-110,36],[-23,-11],[-23,-107],[-85,-68],[-56,-96],[38,-25],[-73,-40],[-36,-93],[3,-45],[126,-124],[-9,-55],[34,7],[181,-112],[82,-24],[14,22],[98,-48],[-93,-181],[6,-24],[107,-66],[62,-67],[110,67],[59,-2],[58,92],[74,43],[22,43],[10,160],[96,-4],[47,54],[-14,-155],[100,-59],[64,-83],[-12,-203],[-20,-30],[54,-31],[3,-178],[16,-21],[-63,-57],[-44,2],[-127,-212],[-8,-27],[48,-127],[-37,-133],[49,-80],[52,10],[38,57],[76,-18],[44,-66],[69,-37],[16,-49],[80,-72],[10,-47],[110,-22],[8,-115],[-38,-87],[41,-22],[-39,-44],[46,-65],[49,-24],[21,11],[168,161],[155,-15],[87,-78],[69,-32],[-40,-58],[4,-104],[-48,-70],[-4,-56],[0,-66],[75,-57],[4,-47],[-54,-28],[-41,-171],[76,-46],[107,64],[83,-5],[49,-142],[33,-24],[144,177],[68,-93],[183,47],[16,-62],[218,-301],[-2,-59],[166,16],[31,124],[57,30],[32,-16],[74,-153],[156,-20],[-10,-48],[28,-54],[38,20],[7,-15],[-19,-43],[213,-1],[46,-71],[74,-30],[21,-165],[-55,-78],[9,-107],[69,-14],[36,-67],[103,-21],[23,22],[2,53],[67,78],[110,-36],[33,22],[14,-38],[65,-48],[78,-182],[-21,-92],[103,-59],[47,-65]],[[9949,53962],[29,0],[-19,-34],[57,-73],[-8,-21]],[[17374,54005],[35,-14],[8,-28],[-39,6],[-4,36]],[[12416,54587],[15,-31],[38,-10],[-87,-2],[34,43]],[[13051,54904],[3,-19],[-51,-24],[1,30],[47,13]],[[13115,54916],[0,-17],[-31,7],[31,10]],[[13140,54916],[14,-7],[-30,-1],[16,8]],[[16635,55212],[26,-10],[10,-33],[-35,11],[-1,32]],[[16726,55362],[15,-70],[-26,30],[11,40]],[[16742,55518],[127,-58],[-51,-84],[7,-41],[-36,-71],[-50,59],[-39,143],[1,27],[41,25]],[[16459,56410],[-3,-35],[-45,-41],[48,76]],[[16740,56640],[-12,-25],[-33,-3],[45,28]],[[5750,57277],[24,-9],[18,-67],[-56,65],[14,11]],[[15537,57283],[44,-61],[-24,-69],[-49,87],[29,43]],[[16441,57381],[1,-34],[58,21],[-47,-70],[-32,13],[-9,36],[29,34]],[[16466,57389],[-11,-15],[-14,14],[25,1]],[[16914,57485],[106,-50],[-49,-35],[-7,12],[-72,-9],[-24,55],[46,27]],[[15243,57808],[49,-163],[-74,112],[25,51]],[[15543,58554],[21,-72],[-48,17],[27,55]],[[15602,59679],[-9,-42],[31,-79],[-49,40],[27,81]],[[4722,60154],[21,-24],[-78,9],[57,15]],[[3763,60217],[-3,-27],[-18,7],[21,20]],[[4285,60273],[18,-31],[-31,-33],[-34,38],[47,26]],[[4836,60310],[22,-22],[-17,-21],[-17,10],[12,33]],[[5374,60545],[58,-35],[20,-48],[-13,-16],[45,-22],[-77,-84],[-151,70],[-29,48],[20,32],[127,55]],[[4160,60600],[9,-17],[75,0],[12,-35],[-23,-34],[-76,5],[-31,22],[34,59]],[[3544,60614],[44,-14],[-7,-41],[-88,20],[-45,-17],[-9,-103],[-88,-63],[1,45],[40,33],[-9,78],[161,62]],[[4243,60807],[101,-4],[46,-55],[-50,-32],[-56,13],[-73,48],[32,30]],[[6615,60869],[11,-7],[-35,-23],[24,30]],[[6584,60898],[21,-24],[-17,-32],[-54,7],[12,46],[38,3]],[[6460,60905],[50,-33],[8,-40],[-18,-13],[24,9],[-3,-31],[7,26],[19,-12],[-2,-42],[-39,9],[-58,-32],[-71,0],[-128,59],[13,16],[110,-32],[23,18],[-4,72],[69,26]],[[6853,60905],[-16,-20],[-31,7],[47,13]],[[6850,60926],[4,-13],[-44,-4],[40,17]],[[6796,61060],[59,-27],[9,-71],[-129,-76],[-107,-11],[-22,17],[-4,42],[31,67],[163,59]],[[6571,61110],[57,-28],[-40,-14],[-17,42]],[[5430,61721],[89,-54],[-132,41],[43,13]],[[8460,62611],[-16,-37],[-68,-28],[84,65]],[[8409,62819],[-101,-104],[54,92],[47,12]],[[8435,62829],[-53,-148],[-77,-92],[-12,37],[15,76],[127,127]],[[8474,62850],[-35,-56],[29,46],[-29,-9],[35,19]],[[8561,62880],[-134,-155],[44,95],[6,-13],[13,33],[71,40]],[[1576,63519],[15,-38],[-35,17],[20,21]],[[1935,63830],[12,-20],[-32,10],[20,10]],[[1387,63837],[22,-50],[37,-25],[-6,37],[59,-32],[-23,57],[51,-41],[61,-12],[-18,-6],[18,-11],[10,-79],[-32,7],[-14,-20],[-10,18],[-5,-18],[-97,-28],[-2,-15],[46,-13],[-42,-9],[4,-24],[-134,101],[19,56],[11,-31],[38,-15],[33,38],[10,-10],[-55,60],[19,65]],[[1702,63839],[13,-26],[-49,2],[5,22],[31,2]],[[1500,63858],[72,-36],[-10,20],[15,7],[36,-67],[-76,10],[-58,51],[21,15]],[[1192,63948],[81,-21],[-5,-31],[42,-40],[-68,-6],[-63,26],[13,72]],[[1264,63954],[25,-18],[-40,13],[15,5]],[[1660,63984],[11,-36],[-22,24],[11,12]],[[1444,64017],[8,-31],[-23,25],[15,6]],[[1502,64071],[33,-40],[-10,-20],[58,-27],[-8,48],[35,-39],[-3,-102],[-3,25],[-21,-6],[-41,51],[28,-54],[-61,38],[-26,46],[-24,-5],[7,30],[-43,47],[68,5],[7,-20],[4,23]],[[1305,64114],[22,-24],[-25,6],[3,18]],[[1301,64122],[-3,-63],[-15,46],[18,17]],[[1309,64189],[50,-10],[32,-75],[-20,1],[9,-16],[41,-12],[-43,-60],[-21,42],[18,-8],[21,24],[-25,7],[-29,76],[-9,-34],[-9,51],[-29,-45],[-20,4],[41,41],[-7,14]],[[1257,64188],[15,-71],[-26,30],[11,41]],[[851,64208],[33,-35],[-38,11],[5,24]],[[1195,64388],[74,-71],[-49,38],[28,-42],[-14,19],[-6,-33],[-21,20],[6,-32],[-32,-4],[14,105]],[[1166,64463],[4,-80],[-18,72],[14,8]],[[1069,64480],[46,-19],[7,-11],[-1,-20],[30,-44],[-42,-205],[-75,16],[11,18],[-31,24],[24,13],[-22,49],[33,31],[-27,8],[5,36],[34,-1],[14,26],[-15,-23],[-11,18],[-102,-53],[-8,-37],[-29,-16],[-7,24],[-38,10],[7,-25],[33,-8],[-28,-43],[-6,35],[-27,11],[-2,44],[48,16],[16,-29],[21,1],[-8,37],[74,42],[-29,3],[1,24],[56,2],[-11,40],[59,6]],[[1164,64513],[-7,-43],[-35,-17],[-8,12],[-11,5],[18,29],[43,14]],[[1045,64547],[24,-26],[-6,-41],[-44,-3],[-3,30],[23,6],[6,34]],[[1098,64560],[23,-59],[-27,-31],[-22,15],[9,17],[31,-4],[-1,22],[-35,-17],[-7,29],[32,-9],[-3,37]],[[1050,64648],[10,-20],[-23,-13],[13,33]],[[1077,64666],[-13,-31],[-11,15],[24,16]],[[1093,64769],[-12,-62],[-86,-41],[32,20],[-31,11],[15,23],[82,49]],[[257,64903],[10,-19],[-16,-12],[-32,19],[38,12]],[[1103,64929],[12,-84],[-15,-53],[-29,6],[-20,-39],[-24,5],[-59,-54],[-29,-63],[-17,-2],[-12,-60],[-1,136],[20,15],[0,39],[48,34],[18,-17],[10,42],[64,23],[-13,18],[-17,-15],[-9,10],[20,38],[44,-6],[9,27]],[[1015,64943],[27,-8],[7,-26],[-23,-32],[2,-25],[-40,-14],[-26,19],[33,-1],[15,37],[-18,30],[23,20]],[[1103,64966],[17,-13],[-24,-19],[-4,23],[11,9]],[[1007,65037],[36,-13],[2,-79],[-55,7],[-42,-63],[2,65],[-24,50],[81,33]],[[1112,65049],[-5,-25],[27,11],[2,-77],[-31,11],[-14,-3],[4,-60],[-44,7],[5,91],[56,45]],[[1087,65413],[16,-10],[-35,-20],[19,30]],[[1048,65480],[76,-42],[-106,-16],[-8,35],[38,23]],[[113,65632],[28,-59],[-24,-32],[-4,91]],[[608,65712],[-9,-77],[-24,-11],[33,88]],[[642,65732],[70,-52],[77,-26],[61,37],[45,1],[-30,-124],[-71,-45],[68,36],[4,-139],[-105,-270],[-31,-37],[-25,-6],[53,165],[-52,-136],[-4,-44],[-99,-89],[12,-43],[-16,-26],[-61,-35],[-59,3],[1,-26],[-24,-1],[-16,53],[-17,-34],[30,-15],[-48,-20],[-53,14],[-24,36],[18,21],[4,-32],[11,46],[36,-3],[-43,24],[26,-1],[-9,19],[-17,12],[-12,-16],[-19,31],[19,51],[32,-15],[67,11],[34,-30],[-25,32],[-111,8],[-38,-48],[10,-40],[-21,-29],[-31,-7],[-51,22],[-8,-25],[33,-23],[28,7],[-23,-19],[-49,19],[-14,-33],[-44,11],[17,65],[-35,-2],[-7,-21],[-35,5],[-7,-29],[-21,8],[-39,55],[-4,52],[68,90],[21,-28],[49,25],[39,-22],[83,15],[16,-20],[-8,19],[200,20],[-82,-7],[-35,15],[-79,-24],[-104,-12],[26,20],[117,6],[17,42],[22,8],[7,31],[90,41],[-33,11],[79,132],[41,21],[17,-49],[-13,44],[27,27],[6,51],[39,-42],[-10,35],[17,8],[-40,7],[8,29],[-20,-1],[-11,26],[52,88],[6,74],[30,17]],[[1562,65749],[6,-24],[-36,-30],[-14,30],[44,24]],[[454,65804],[54,-73],[-33,-70],[40,-202],[-123,-26],[-19,24],[31,28],[-33,52],[28,-55],[-29,-18],[-2,-14],[36,-34],[-43,-52],[-41,-8],[7,-25],[-62,57],[32,53],[6,164],[29,88],[85,33],[-30,51],[67,27]],[[1157,65831],[87,-50],[11,-60],[-39,-52],[-52,22],[89,-74],[-20,-80],[-25,-14],[-77,33],[66,-43],[-46,-43],[-27,-1],[2,44],[-62,26],[-23,78],[-5,-35],[25,-54],[29,-18],[-7,-27],[-67,11],[-80,-16],[72,134],[-32,125],[28,3],[10,40],[143,51]],[[1942,65910],[12,-10],[-29,6],[17,4]],[[1294,65996],[6,-34],[-41,-25],[35,59]],[[781,66013],[93,-37],[30,-87],[40,-27],[-48,-110],[-32,-20],[-29,15],[5,46],[-19,-36],[36,-37],[-40,-34],[-51,61],[-7,89],[-38,23],[36,-30],[3,-80],[43,-74],[-85,19],[-34,55],[-54,5],[-62,-38],[-31,-53],[-19,41],[83,83],[-12,76],[123,72],[3,63],[66,15]],[[231,66022],[25,-20],[-12,-50],[-66,-75],[-67,19],[0,74],[120,52]],[[981,66246],[35,-30],[-55,-44],[29,-13],[-28,-11],[27,1],[-4,-31],[-28,11],[28,-14],[-13,-22],[19,-66],[-31,-13],[-6,-31],[-60,-22],[-24,25],[4,23],[-37,32],[69,41],[-26,-4],[-51,-38],[32,-49],[-88,31],[-60,-15],[-19,-65],[-83,-53],[24,67],[-2,103],[9,12],[34,-9],[-34,12],[-15,-22],[5,-14],[-10,-3],[-1,65],[195,45],[56,33],[27,48],[82,20]],[[1302,66275],[26,-47],[59,-11],[1,-30],[90,-1],[20,-6],[3,-18],[-81,-51],[-76,-118],[-36,-21],[-16,34],[-40,-77],[-18,1],[-63,38],[7,35],[-42,-36],[-18,91],[97,52],[51,-41],[-44,46],[55,41],[11,32],[22,-23],[-45,87],[37,23]],[[1266,66288],[-11,-15],[-31,15],[42,0]],[[1103,66455],[76,-55],[-22,-88],[23,-37],[60,-21],[-49,5],[48,-24],[0,-44],[-20,-17],[-11,14],[-20,-57],[-63,-28],[-28,-42],[-48,17],[45,-23],[-25,-100],[-110,-56],[-41,14],[-16,37],[44,18],[49,52],[-10,52],[29,82],[-15,-10],[-11,30],[44,47],[-53,31],[-77,-8],[50,95],[28,-12],[-24,17],[19,65],[52,42],[76,4]],[[909,66465],[25,-30],[-11,-91],[-78,-141],[-96,-50],[-37,3],[-4,20],[2,-21],[-75,-13],[-44,-40],[-9,-44],[24,-95],[-47,-102],[5,-75],[-62,-47],[-23,66],[-41,2],[-56,-28],[26,-50],[-80,-27],[-14,-45],[-18,28],[16,-43],[-29,-84],[14,-53],[-16,-76],[-28,-30],[47,-104],[-40,-47],[-67,6],[-42,34],[10,50],[-36,-13],[-45,28],[-56,93],[71,125],[8,-31],[21,-2],[24,30],[-5,35],[36,12],[-6,28],[-5,-25],[-26,-8],[-24,30],[-32,114],[13,91],[81,6],[41,68],[15,-28],[28,-7],[13,-76],[2,48],[61,-12],[37,19],[-16,10],[-23,-23],[-59,11],[-12,26],[-31,13],[-3,19],[39,70],[79,-15],[48,19],[44,-28],[23,46],[24,7],[-30,-1],[-22,-46],[-39,31],[-54,-20],[-74,20],[9,44],[64,61],[-5,48],[44,27],[121,-28],[49,11],[43,58],[1,107],[50,67],[61,25],[35,-70],[39,-2],[127,115]],[[35006,91096],[57,-28],[7,-25],[-82,-130],[19,-43],[-18,-57],[-162,-112],[-26,-85],[-89,-102],[-85,-174],[-64,-29],[-34,-48],[-87,0],[-45,-73],[24,-33],[-20,-52],[-54,-34],[61,-45],[-66,-44],[-105,-16],[-137,-104],[-171,-27],[-58,-35],[10,-56],[-37,-123],[-103,-80],[-22,-75],[-151,-153],[-34,-61],[18,-44],[-9,-83],[-55,-104],[5,-65],[-56,-61],[-6,-79],[-132,-86],[-15,-86],[36,-22],[77,-142],[-83,-56],[-4,-43],[42,-67],[-80,-61],[-90,-179],[61,-92],[29,-92],[-76,-32],[-17,-43],[48,-83],[83,-57],[12,-43],[-33,-93],[93,-77],[-54,-76],[4,-45],[12,-31],[66,-49],[-111,-51],[11,-103],[14,-19],[85,0],[28,-37],[-15,-14],[16,-57],[-93,-170],[55,-114],[-70,-71],[40,-67],[15,-98],[-50,-108],[44,-74],[-61,-112],[131,-109],[20,-112],[192,-164],[-89,-194],[2,-34],[54,-40],[-32,-60],[93,-49],[-2,-15],[-59,-37],[-88,-19],[-13,-37],[32,-51]],[[33559,85245],[-12,-18]],[[33476,85221],[-52,-47]],[[33368,85190],[-26,49]],[[33272,85242],[-38,24]],[[33173,85275],[-28,38],[-21,-17],[-17,-27],[-59,0]],[[33003,85191],[-23,-62],[-179,9]],[[32786,85129],[-21,-42],[-59,17]],[[32670,85055],[-22,12],[-19,-45],[34,-135]],[[32632,84831],[45,-50]],[[32677,84781],[-33,-114]],[[32676,84579],[-10,-65]],[[32648,84506],[-72,-23],[-18,-62]],[[32558,84421],[58,-60],[-29,-32],[-9,-2],[-50,35]],[[32528,84362],[-62,-20]],[[32408,84361],[-87,-174]],[[32321,84187],[-73,-4]],[[32240,84149],[17,-99],[72,-35],[9,-23]],[[32338,83992],[75,-69]],[[32413,83923],[-21,-37],[21,-20]],[[32466,83893],[55,-5]],[[32614,83892],[42,-9],[89,54],[30,-15]],[[32883,83886],[22,38],[-49,31],[7,38]],[[32863,83993],[22,3],[36,-37]],[[32936,83959],[109,-70],[88,20]],[[33199,83852],[65,-45]],[[33248,83766],[-2,-49],[36,-78]],[[33282,83639],[22,-30],[49,-15]],[[33353,83594],[76,-40]],[[33429,83554],[52,-76]],[[33591,83493],[74,13]],[[33760,83556],[10,72]],[[33770,83628],[-66,64]],[[33704,83692],[25,45]],[[33810,83775],[89,48]],[[33899,83823],[86,-30]],[[33985,83793],[52,17]],[[34037,83810],[52,53]],[[34089,83863],[33,2]],[[34122,83865],[85,-43],[13,-47],[45,-36],[81,-20],[0,-48],[104,-16],[38,-88],[144,-70],[-2,-37],[-27,-16],[71,-77],[31,-83],[-113,-78],[119,-119],[-11,-102],[-77,2],[-27,-14],[9,-30],[168,-59],[99,0],[9,-26],[-96,-69],[29,-87],[-16,-21],[-80,43],[-32,-4],[12,-103],[35,8],[15,32],[120,-18],[17,-36],[-40,-44],[-132,-40],[-4,-54],[-30,-17],[42,-22],[5,-32],[-31,-56],[3,-57],[-23,-2],[-12,40],[-17,0],[-35,-84],[52,-98],[-14,-64],[40,-18],[82,-112],[87,-66],[-81,-61],[-11,-35],[95,-11],[5,-30],[-22,-61],[-45,-39],[-30,22],[-71,-22],[-28,47],[-60,-43],[14,-122],[-52,-61],[-61,-26],[-74,61],[-37,7],[-40,-55],[40,-88],[-143,18],[-79,-28],[-50,12],[-38,-29],[-19,-43],[12,-12],[-54,-30],[-89,-4],[3,-43],[-52,-44]],[[33891,81157],[-50,37],[-36,-71],[-78,-46],[-18,40],[-75,19],[-49,81],[-23,-27],[5,-64],[-75,-52],[-25,22],[69,69],[-31,30],[-81,-3],[3,-91],[-93,-60],[-24,51],[-70,-16],[-92,62],[-15,31],[-128,40],[-53,-84],[-12,-77],[29,8],[41,-21],[39,-53],[65,10],[44,-97],[-97,-41],[-90,83],[-66,-11],[-30,-31],[-36,12],[-54,-137],[-32,-189],[-136,70],[-38,-56],[-79,-8],[-41,82],[19,23],[-59,52],[7,16],[65,-34],[53,24],[-44,60],[-72,31],[2,25],[25,43],[18,170],[41,83],[-23,52],[13,44],[85,6],[-2,232],[45,6],[3,89],[-74,22],[22,207],[-24,74],[56,195],[48,89],[57,280],[-75,18],[0,25],[-77,28],[-138,113],[59,50],[-12,12],[-113,15],[-10,50],[-49,8],[-63,-7],[-36,-39],[-67,4],[-17,-16],[16,-43],[-29,-24],[-15,20],[-13,-22],[22,-90],[-18,-51],[-136,-41],[-59,-67],[-109,12],[-42,-64],[-31,-3],[-30,-66],[-116,-4],[-12,-112],[11,-90],[39,-58],[-5,-39],[-86,-33],[-142,-3],[-117,-101],[-109,-50],[-27,33],[28,101],[0,130],[-47,24],[-77,-40],[-49,47],[-113,-10],[-30,20],[16,47],[96,-14],[52,25],[-104,83],[-41,-5],[-38,31],[46,72],[43,4],[18,-26],[76,2],[1,61],[-41,2],[10,41],[-74,19],[4,63],[-126,-10],[-37,-24],[-112,7],[-15,-26],[-61,-12],[-63,21],[-25,88],[-64,43],[-116,25],[-96,-20],[-4,-39],[76,-23],[-10,-31],[21,-14],[59,8],[51,-54],[92,-41],[-60,-72],[-28,-11],[-89,17],[-40,-39],[102,-35],[47,-73],[64,4],[-49,-147],[-43,-43],[-49,-15],[-73,19],[-26,15],[0,74],[-30,38],[-116,47],[-93,-61],[-66,1],[-32,20],[-84,-5],[-1,-40],[61,-53],[40,27],[35,-8],[1,-33],[-38,-5],[-29,-33],[-80,1],[-76,-114],[32,-16],[-6,-32],[69,-28],[-48,-222],[120,-62],[4,-42],[-40,-45],[15,-49],[45,-32],[3,-29],[65,-27],[-58,-48],[-51,10],[-79,-91],[-168,99],[2,53],[-23,29],[-128,54],[-29,-67],[-75,24],[-39,-36],[-150,56],[-15,-19],[-158,28],[39,49],[7,60],[-30,24],[38,38],[-80,40],[-101,-11],[-20,63],[56,70],[23,-43],[69,-12],[37,81],[-18,17],[69,86],[-117,15],[4,48],[87,2],[35,11],[5,22],[-67,31],[-10,49],[39,30],[111,-7],[-18,68],[42,6],[71,69],[-17,39],[-58,19],[-51,-109],[-64,-38],[-38,24],[49,52],[-21,37],[-171,52],[42,62],[111,67],[52,4],[13,87],[124,85],[144,-19],[-5,-90],[85,-4],[18,45],[-67,67],[-34,102],[-77,15],[30,83],[-62,11],[-94,56],[-14,44],[42,107],[-120,58],[-71,108],[-48,-21],[-12,58],[18,19],[-108,25],[-18,92],[-94,43],[-1,39],[-29,14],[-23,-27],[-179,42],[-25,44],[-38,-12],[-5,21],[-53,11],[-56,-38],[-64,12],[-18,51],[73,71],[0,45],[-26,26],[-161,58],[6,56],[-173,46],[-98,84],[-2,59],[-100,44],[-28,-6],[-41,217],[-123,16],[-30,39],[-79,-8],[-25,110],[-36,23],[-39,390],[-48,85],[-66,60],[56,188],[-59,76],[-36,13],[2,149],[-80,108],[7,45],[107,14],[20,77],[50,53],[-20,137],[-140,36],[-145,-14],[22,96],[-40,57],[2,33],[-185,21],[0,156],[58,68],[-131,55],[24,30],[5,75],[73,3],[45,70],[-15,95],[-39,30],[50,73],[-14,84],[-60,8],[-81,-36],[-29,-28],[-18,-82],[-113,38],[31,61],[8,102],[-23,58],[-149,-64],[-28,-86],[-83,8],[-53,-18],[-44,-65],[-43,-2],[-62,38],[-57,94],[-60,-17],[-12,-41],[-50,-30],[-125,-11],[-21,-63],[-112,22],[-58,25],[10,30],[-95,156],[-60,17],[-122,-76],[-53,36],[-88,3],[-49,88],[41,82],[-56,46],[-33,103],[-144,85],[-67,-6],[-25,43],[-85,30],[-118,-22],[-125,-147],[-72,-17],[-93,-8],[-76,58],[-84,-14],[-144,28],[-31,-159],[-172,-11],[4,130],[-89,94],[-11,76],[-45,48],[-99,24],[-8,95],[20,60],[31,6],[134,-31],[133,264],[-179,140],[33,246],[40,31],[-28,75],[93,257],[7,122],[-70,60],[-31,-6],[-26,-53],[-125,2],[-44,-48],[-201,10],[-25,168],[20,56],[78,94],[153,50],[78,101],[-74,143],[-107,20],[52,137]],[[23612,89395],[21,31],[102,-86],[78,-13],[48,-42],[228,-39],[-30,37],[4,31],[153,103],[37,78],[24,7],[99,-36],[50,28],[144,20],[94,71],[58,-32],[18,-44],[105,-53],[83,0],[36,35],[48,-59],[-34,-54],[113,39],[103,-180],[99,-48],[-1,-36],[76,-93],[59,43],[31,-12],[87,66],[54,-26],[51,16],[45,128],[27,11],[66,-70],[6,-92],[-73,-56],[-13,-36],[86,-43],[11,-45],[-51,-27],[-12,-49],[45,-16],[84,12],[40,-97],[23,-13],[46,15],[19,12],[-38,46],[24,92],[100,72],[70,-33],[-11,-130],[53,-38],[70,-133],[-36,-73],[-18,-12],[-39,21],[-46,-39],[-24,-51],[4,-32],[35,-28],[-9,-34],[-136,-70],[-4,-26],[58,-51],[0,-75],[42,-29],[55,1],[81,-63],[8,-29],[-45,-64],[63,-92],[-17,-47],[250,60],[20,24],[32,79],[-90,57],[1,26],[100,87],[38,147],[47,6],[75,-50],[-62,111],[6,22],[86,46],[13,27],[63,-6],[18,88],[49,56],[2,48],[47,55],[37,-4],[89,46],[-2,31],[-29,18],[33,34],[231,-130],[20,-54],[69,49],[98,-27],[25,-83],[21,-6],[90,25],[76,-10],[35,27],[10,76],[58,-8],[58,19],[116,-94],[37,14],[32,205],[14,14],[144,0],[87,51],[91,-70],[89,31],[34,-11],[1,-45],[53,-96],[41,-24],[34,-67],[58,-20],[67,33],[22,-36],[75,-44],[155,-13],[197,95],[67,-36],[103,118],[25,-5],[16,20],[13,94],[62,23],[82,-59],[85,79],[102,6],[72,50],[31,53],[63,-7],[3,38],[62,5],[50,56],[-62,62],[-104,-4],[-47,18],[-10,133],[-39,0],[-20,21],[47,68],[93,-8],[-34,83],[16,29],[-36,119],[6,47],[91,42],[-63,41],[137,190],[74,67],[-98,19],[-142,98],[13,23],[66,-22],[-30,92],[177,-154],[107,-21],[49,19],[111,-40],[97,75],[-86,83],[64,17],[77,-100],[41,-15],[57,15],[-20,70],[64,46],[-77,99],[66,60],[43,13],[36,-17],[32,-70],[-23,-62],[14,-62],[38,-41],[38,1],[-8,-55],[29,-86],[144,-13],[39,-79],[121,23],[79,62],[97,-46],[-15,-45],[90,19],[96,98],[10,113],[-24,38],[17,40],[-18,59],[71,73],[-11,64],[-129,36],[29,61],[-104,98],[-31,-2],[-117,-97],[-44,-14],[50,63],[6,82],[232,22],[48,80],[13,-28],[93,59],[42,1],[40,51],[6,51],[18,-18],[133,45],[0,27],[87,76],[-31,30],[-71,-9],[26,46],[-50,14],[-17,50],[98,43],[-5,60],[88,24],[34,47],[33,-11],[-9,-42],[24,-26],[140,-25],[90,85],[27,-51],[93,-46],[6,-54],[52,-33],[-17,-64],[17,-38],[65,11],[111,100],[6,44],[-89,18],[-5,78],[-56,63],[35,102],[-35,65],[88,35],[30,94],[-1,26],[-131,61],[78,69],[-26,22],[21,63],[-23,31],[56,43],[-44,34],[-8,44],[-59,28],[-25,38],[-69,14],[14,149],[-102,-91],[0,32],[-60,-13],[4,97]],[[32191,92257],[5,42]],[[32196,92299],[56,68],[-7,39],[-36,25]],[[32209,92431],[13,127]],[[32222,92558],[69,110],[-49,47],[-22,108],[-99,38],[-119,131],[-25,65],[28,50]],[[32005,93107],[150,93],[16,-35],[-18,-56],[23,-42],[136,-97],[186,102],[91,-165],[3,-66],[58,-31],[40,-70],[56,-12],[39,-35],[35,62],[15,13],[20,-16],[8,-97],[-43,-46],[59,-42],[1,-53],[32,-40],[56,5],[20,46],[50,-26],[111,-15],[95,-54],[-9,-32],[66,-17],[28,-42],[100,-64],[3,-140],[36,-60],[-18,-151],[-172,-124],[73,-99],[203,-61],[53,-74],[11,-101],[90,32],[93,-16],[44,-69],[176,-50],[58,37],[74,-5],[40,-77],[88,16],[5,-26],[46,-20],[5,-51],[19,-9],[168,181],[19,-1],[21,-27],[-11,-69],[-51,-62],[-89,-44],[2,-17],[69,-19],[97,7],[81,38],[16,-10],[23,79],[63,60],[59,-122],[64,-76],[119,-49]],[[38123,99296],[78,-6],[50,-47],[12,-42],[-41,-62],[3,-56],[104,-44],[45,-74],[91,1],[60,-29],[-78,-90],[-22,-85],[-103,-81],[-13,-58],[20,-205],[-100,-145],[163,-12],[211,26],[199,-121],[3,-140],[-72,-91],[56,-51],[29,-90],[189,-58],[35,-99],[90,-69],[32,-68],[154,-147],[148,-30],[-69,-233],[-86,-127],[-29,-267],[-101,-77],[-12,-92],[45,-89],[79,-25],[-49,-87],[37,-42],[48,-148],[58,-28],[111,20],[27,-125],[149,-114],[16,-49],[-126,-151],[-109,-40],[-67,-65],[-107,-30],[-55,-87],[32,-41],[5,-89],[121,23],[45,-61],[128,-85],[-11,-135],[-60,-43],[0,-21],[190,-77],[48,-103],[-42,-94],[42,-9],[67,-57],[80,-163],[102,-45]],[[39973,94467],[32,-131],[73,-11],[3,-64],[38,-47],[106,-59],[5,-106],[50,-51],[27,-85],[-115,0],[-88,-40],[-81,10],[-29,33],[-33,-3],[-26,-38],[-95,7],[-196,154],[-26,85],[-53,51],[21,64],[-30,23],[-140,-40],[-187,1],[-178,32],[-45,-33],[-49,105],[-146,56],[-107,-11],[-110,-104],[-250,-11],[-13,66],[-84,90],[-92,60],[-19,-35],[-63,-12],[-60,130],[-29,-8],[-16,33],[-48,12],[-147,-23],[-69,12],[-19,-85],[-91,20],[-136,-140],[-96,9],[-24,-45],[-47,-13],[-61,37],[-88,-1],[-48,-60],[-58,-8],[-118,-89],[-126,8],[-89,-29],[-51,-54],[-8,-63],[-80,46],[-87,-7],[-54,52],[-150,-85],[-101,-7],[8,-23],[-35,-44],[-6,-49],[-101,-53],[-33,-114],[-67,-27],[-38,-52],[-52,5],[78,-124],[-10,-55],[24,-29],[-57,-12],[13,-24],[-64,-112],[31,-34],[53,-4],[-7,-25],[-55,6],[-143,85],[-37,-1],[-72,-67],[7,-77],[37,-21],[-3,-45],[186,5],[20,-42],[-61,-94],[18,-115],[-90,25],[-40,67],[-37,-5],[-11,-65],[-38,-52],[48,-81],[-93,-83],[-55,-113],[-61,-40],[12,-78],[108,-39],[77,-106],[-29,-96],[121,-79],[49,-6],[-40,-47],[27,-54],[-16,-35],[40,-35],[-94,4],[-8,-76],[-74,29],[-19,-38],[52,-33],[68,-103],[61,-22],[94,25],[27,-118],[-43,-84],[-117,-28],[-172,-102],[-38,-2],[-120,-98],[-145,2],[-36,-62],[-100,5],[-85,-28],[-68,-51],[1,-49]],[[34962,91172],[49,-56],[-5,-20]],[[32005,93107],[-60,44],[-20,44],[-38,4],[-46,35],[-7,44],[-43,49],[-28,0],[-40,35],[-118,-5],[-36,41],[-160,87],[13,68],[-55,122],[40,27],[-17,68],[25,70],[52,53],[-7,30],[-129,37],[36,91],[-33,23],[1,99],[82,76],[86,40],[-40,31],[5,24],[-36,9],[-133,-51],[-17,37],[32,53],[63,43],[-116,113],[-91,-93],[-41,-2],[8,110],[-22,-2],[-13,-52],[-36,-30],[-14,80],[-60,-37],[-36,0],[-82,142],[-78,-79],[-54,-26],[-10,24],[74,65],[-113,121],[-145,207],[42,24],[-33,51],[-32,12],[8,33],[-45,74],[-24,-46],[9,-54],[-45,-38],[-116,-13],[9,-82],[42,-6],[26,-102],[-24,-30],[-46,27],[-7,-18],[-74,-20],[23,-62],[-23,-27],[-130,-52],[-21,35],[-121,-7],[-62,-30],[-125,6],[-25,134],[-99,45],[-17,33],[-4,80],[71,57],[1,64],[-141,198],[-28,115],[-242,373],[3,43],[-77,48],[-77,120],[8,63],[-47,83],[-61,42],[6,37],[-43,110],[-31,27],[7,35],[-140,260],[42,-8],[73,35],[70,-37],[-59,69],[-228,453],[-106,73],[-91,19],[-20,31],[-115,12],[-79,36],[-173,160],[-102,1],[-77,98],[-151,61],[-190,-43],[-74,60],[119,69],[77,77],[91,102],[23,72],[-21,46],[-134,33],[9,191],[111,80],[87,33],[226,38],[68,47],[33,62],[300,297],[105,74],[224,71],[9,31],[-38,55],[-274,265],[21,115],[71,128],[-11,20]],[[28659,99544],[190,261],[2,56],[-70,54],[-33,72],[50,115],[10,140],[-144,218],[-197,112],[-99,106],[-27,89],[47,41],[-6,60],[36,40],[97,18],[124,-17],[123,-56],[125,-121],[45,3],[266,126],[41,76],[83,26],[119,95],[42,139],[129,20],[90,50],[317,37],[67,76],[73,199],[64,63],[238,132],[134,124],[288,-26],[100,62],[143,13],[49,39],[129,-10],[8,-53],[49,-20],[9,-55],[102,-43],[90,36],[127,8],[43,29],[123,-8],[17,53],[95,121],[10,58],[-27,38],[86,24],[91,-73],[42,41],[54,-4],[-65,-119],[28,-38],[-57,-45],[13,-36],[-32,-44],[20,-68],[96,-69],[-4,-23],[34,-20],[-12,-23],[39,-32],[90,31],[32,-23],[28,-65],[36,-9],[-14,-55],[100,-182],[166,-76],[136,-94],[80,8],[57,31],[115,-55],[33,-46],[83,16],[22,37],[124,-26],[-4,-75],[41,-18],[9,-58],[8,-81],[-17,-24],[42,-3],[61,69],[56,-81],[147,-56],[-13,-60],[52,-58],[33,0],[40,44],[85,-80],[89,-6],[28,-30],[-6,-34],[63,-68],[107,21],[23,82],[-11,50],[103,100],[37,6],[48,-34],[58,21],[39,-69],[71,-16],[109,96],[37,-19],[94,22],[94,94],[93,38],[53,86],[9,-15],[99,5],[151,70],[44,102],[53,-31],[58,0],[32,-45],[33,22],[290,-256],[9,-29],[-21,-24],[-53,-3],[-42,-101],[140,-73],[34,-38],[63,15],[84,-44],[51,-47],[29,-61],[-8,-39],[52,-58],[70,0],[58,-36],[-13,-113],[25,-23],[-33,-36],[-23,-109],[63,-52],[69,-122],[52,-29],[6,-56],[105,-152],[199,21],[21,52],[-26,40],[-2,77],[117,-44],[51,110],[53,36],[105,-76],[54,107],[62,34],[67,-7],[50,-52],[108,21],[76,56],[12,42],[221,70],[9,46],[-39,51],[213,98],[99,-6],[-1,-108],[25,-56],[-38,-76],[-17,-106],[29,-131],[67,-57],[-213,-148],[-131,-28],[10,-186],[-77,-83],[119,-123],[268,207],[62,-13],[44,-56]],[[28659,99544],[-130,-148],[-47,-110],[-77,-85],[-95,-46],[-123,5],[-128,-225],[-100,-67],[-137,-46],[-207,-27],[-236,-127],[-50,-196],[-55,-85],[-24,4],[-17,42],[0,86],[-83,28],[16,87],[-213,-61],[-136,18],[-174,61],[-36,-28]],[[26607,98624],[-257,164],[-81,74],[-135,24],[-26,74],[-183,-38],[-42,25],[-27,78],[-142,149],[-80,7],[-92,39],[-57,-26],[-79,-101],[-77,-44],[-114,25],[-57,52],[-127,-6],[-85,75],[-154,41],[-63,0],[-73,-47],[-153,-16],[-222,20],[-63,72],[-4,133],[-105,85],[-37,196],[126,181],[-2,30],[-80,103],[-15,100],[65,185],[101,166],[21,67],[-12,49],[-205,-64],[-18,-47],[16,-73],[-102,-132],[-176,-9],[-132,-56],[-244,156],[-58,137],[-77,107],[-5,151],[-55,78],[-246,16],[-111,45],[10,83],[95,93],[26,68],[-13,128],[-44,37],[-112,18],[-92,49],[-105,21],[-186,-21],[-22,14],[-86,232],[-241,221],[-107,63],[-211,30],[-45,38],[-12,155],[35,78],[60,23],[158,-18],[90,40],[253,294],[53,142],[-22,162],[29,115],[-33,101],[-307,342],[-28,11],[-128,-31],[-95,37],[-106,189],[-91,269],[-72,103],[38,77],[125,47],[106,91],[77,126],[62,44],[289,38],[285,143],[97,108],[58,114],[6,191],[-53,153],[-127,95],[-198,1],[-141,63],[-137,-67],[-301,-59],[-23,30],[-380,10],[-55,66],[9,97],[69,84],[-1,98],[271,345],[20,105],[-22,99],[-131,143],[-79,156],[-76,67],[-215,-82],[-128,70],[-127,-26],[-38,38],[51,218],[291,220],[163,87],[-45,74],[33,122],[196,102],[-77,280],[53,121],[70,75],[196,51],[135,-96],[164,37],[182,-13],[228,175],[286,122],[103,124],[126,-41],[128,53],[367,-50],[122,-58],[140,4],[134,-25],[142,-108],[77,-33],[121,-126],[118,-30],[495,-60],[279,22],[403,-161],[86,0],[160,54],[215,27],[135,-20],[105,-42],[161,4],[61,-30],[-30,-85],[14,-26],[331,-187],[101,-38],[479,-58],[408,4],[286,-65],[212,-22],[163,70],[188,157],[281,116],[50,76],[53,26],[170,-5],[166,155],[142,24],[177,-115],[134,-12],[381,158],[86,66],[68,88],[55,28],[260,16],[190,110],[140,116],[148,-41],[178,-98],[447,5],[91,160],[138,150],[-16,238],[39,95],[49,25],[181,10],[220,142],[374,-142],[101,14],[47,66],[3,275],[27,42],[33,9],[37,-33],[118,-32],[329,118],[463,322],[603,371],[160,124],[615,387],[317,258],[295,198],[35,62],[85,-2],[59,-163],[63,-86],[34,-28],[53,-5],[94,50],[87,127],[146,52],[331,20],[92,-30],[22,-30],[-8,-47],[-39,-34],[-95,-34],[-189,-116],[-90,-87],[-25,-58],[6,-118],[38,-208],[152,-356],[55,-67],[248,-191],[1,-52],[-27,-39],[-107,-62],[-21,-51],[189,-430],[191,-344],[84,-445],[51,-124],[101,-150],[136,-107],[59,-21],[366,-51],[32,-46],[8,-90],[59,-38],[213,-1],[205,42],[120,-9],[193,-145],[145,-172],[136,-85],[125,-42],[123,-140],[231,-178],[364,-150],[220,-164],[47,-116],[-3,-54],[-68,-176],[-71,-97],[-251,-198],[-595,-273],[-85,-90],[21,-84],[181,-56],[37,-63],[-26,-70],[-178,-142],[-16,-162],[53,-199],[60,-119],[124,-150],[33,-119],[-32,-93],[-246,-257],[6,-95],[195,-354],[224,-307],[365,-327],[74,-33],[51,-61],[67,-27],[60,-77],[115,-63],[53,-67],[122,-68],[24,-47],[-22,-131],[29,-81],[197,-92],[215,-53],[101,14],[614,-19],[82,-10],[40,-33],[26,-46],[-5,-73],[-226,-452],[-9,-199],[129,-177],[229,-169],[85,-333],[231,-165],[83,-194],[33,-150],[-25,-155],[-46,-89],[-136,-62],[-167,5],[-60,-25],[-376,-230],[-130,-152],[-56,6],[-101,112],[-44,22],[-206,-48],[-202,-105],[-83,-75],[-32,-55],[12,-131],[-63,-171],[-33,-14],[-104,65],[-69,-6],[-90,-63],[-116,-10],[-62,-83],[-233,93],[-100,98],[-50,86],[-144,41],[-204,193],[-22,58],[-10,208],[-33,90],[62,118],[-61,309],[-68,68],[-35,-1],[-72,-59],[-234,-121],[-107,-163],[-83,-10],[-218,31],[-69,-23],[-152,-128],[-123,24],[-151,-90],[-29,-67],[3,-52],[42,-39],[-21,-13]],[[73085,71188],[-62,-263],[-4,-145],[25,-90],[87,-77],[205,-97],[82,-70],[99,-114],[11,-49],[224,-216],[26,-128],[-26,-59],[-206,-97],[-83,-12],[33,-39],[-15,-53],[17,-17],[-44,-19],[-70,13],[33,-113],[-25,-11],[-13,-57],[-44,-46],[-72,-4],[8,95],[-28,-19],[-16,-52],[-28,-13],[-16,-49],[43,-4],[53,-54],[103,-34],[39,37],[49,-63],[37,-4],[8,-45],[-15,0],[-9,-75],[-37,-63],[100,-60],[-26,-100],[-65,-5],[-16,-18],[65,-3],[-2,-52],[-92,15],[-16,-22],[50,-21],[82,12],[7,-56],[-17,-38],[-52,-17],[-15,-65],[-80,-7],[-36,-24],[-22,12],[-8,-26],[-88,33],[-5,27],[-53,37],[-148,22],[-7,-40],[90,-22],[55,-79],[-33,-25],[14,-93],[-32,-67],[9,-24],[43,75],[13,-71],[48,9],[-52,-69],[33,-31],[-11,-66],[-46,-5],[-43,-47],[4,-54],[-28,-36],[52,-13],[25,27],[18,-45],[-65,-39],[18,-55],[-135,-188],[12,-41],[-31,-74],[-108,-67],[-63,23],[-29,-124],[-52,-17],[-27,-35],[-73,-6],[-18,-37],[-37,51],[-20,5],[-22,-28],[27,-48],[-20,-71],[124,-23],[27,-56],[54,-19],[14,-73],[-26,-67],[-163,15],[-111,42],[-135,-12],[-39,-23],[143,-103],[-97,-21],[-14,-50],[-32,-15],[26,-82],[-75,-12],[-63,21],[-83,90],[-87,16],[12,-61],[-30,-43],[63,-24],[-17,-33],[-43,-1],[17,-41],[-11,-40],[62,-25],[10,-22],[-34,-68],[-38,4],[-32,-37],[-42,-11],[-85,21],[-55,-31],[48,0],[-20,-20],[63,-37],[-1,-47],[-34,11],[-36,-23],[-37,14],[-11,33],[-97,14],[-39,31],[-124,27],[-32,-51],[-75,1],[-47,32],[33,50],[30,1],[1,52],[-186,-16],[-166,55],[-20,-64],[29,-73],[36,-38],[40,27],[27,-70],[-28,-26],[4,-45],[112,-41],[1,-65],[-26,-19],[36,-136],[-15,0],[7,-33],[-82,-66],[-33,20],[-9,101],[-25,22],[-16,-12],[-19,-85],[16,-129],[29,-47],[-47,-50],[-50,-12],[-40,30],[66,86],[-51,17],[-21,-26],[-36,8],[-16,-26],[-54,-21],[27,52],[-31,11],[-25,-21],[-89,51],[-96,8],[-3,-62],[89,-97],[30,7],[16,-31],[-66,-97],[-36,22],[-56,-19],[-52,15],[22,22],[-38,-20],[-38,38],[-42,-16],[-102,43],[-84,79],[-252,110],[-27,-12],[-31,-63],[-56,-4],[-41,35],[-4,46],[-65,52],[-44,2],[-74,-68],[1,-19],[25,-3],[-7,-55],[28,-78],[-21,-29],[-20,-4],[-21,118],[-53,-18],[-47,-68],[-88,-40],[-43,10],[-21,64],[-40,3],[30,-70],[-12,-60],[71,-83],[11,-58],[-13,-63],[-44,-19],[-50,-159],[18,-20],[-14,-23],[-201,-38],[-24,63],[-141,2],[-259,-84],[-122,-6],[-4,-34],[-231,-128],[-177,23],[-55,-21],[-99,0],[-1,-79],[-46,5],[-63,-48],[-16,-38],[-94,-14],[7,-48],[-67,-58],[-25,-54],[6,-47],[30,-32],[-10,-27],[-30,-10],[-12,-63],[18,-27],[45,3],[5,-29],[-62,-5],[-24,-35],[11,-34],[-52,-10],[9,-33],[-34,-20],[-19,40],[-97,-54],[21,-29],[24,5],[7,-35],[-53,-32],[-65,29],[-15,52],[-119,-26],[24,-36],[-36,-21],[-14,47],[-32,-8],[-24,23],[53,132],[-50,0],[-16,-53],[-158,45],[2,29],[-26,13],[-100,-21],[-1,80],[37,40],[-2,57],[-43,32],[38,93],[-31,63],[-68,-4],[-27,27],[-174,-22],[-5,40],[-75,2],[-16,19],[-36,-2],[-7,-32],[-91,-53],[-1,-37],[38,-24],[-9,-12],[53,-94],[0,-51],[67,-13],[-13,-30],[-155,-42],[-230,-108],[-197,82],[-64,1],[-30,-23],[-24,-75],[13,-158],[58,-7],[15,-104],[44,-5],[5,-35],[-39,12],[-71,-35],[25,-30],[-5,-103],[24,-25],[-64,-34],[2,-45],[-103,-87],[-28,-68],[20,-262],[97,-3],[73,-82],[0,-55],[86,-41],[55,-72],[24,-14],[16,19],[67,-5],[29,34],[113,29],[77,1],[58,-21],[39,20],[31,-8],[43,-56],[-15,-67],[14,-12],[82,-28],[41,11],[40,-52],[48,-7],[41,18],[78,-41],[-7,-77],[51,-40],[6,-45],[38,-7],[58,-101],[107,1],[-16,-13],[14,-46],[32,-23],[182,14],[67,58],[55,-10],[16,20],[52,-70],[74,-24],[34,17],[35,-16],[4,22],[31,7],[35,-9],[41,-14],[12,-41],[35,-22],[87,79],[108,-38],[194,19],[0,-26],[38,-40],[-28,-16],[46,-9],[104,81],[-6,-98],[-45,-4],[-30,-64],[-82,13],[-3,-24],[-23,10],[-19,-37],[-52,58],[-46,-41],[0,-23],[-94,-36],[-2,-30],[114,-74],[-60,-51],[0,-94],[-52,6],[4,-123],[-80,-162],[13,-39],[104,-69],[38,4],[93,-143],[32,3],[71,-84],[12,56],[109,18],[155,-122],[39,-1],[100,-59],[70,-71],[-9,-223],[52,-21],[13,-61],[78,-14],[124,31],[201,-30],[28,-45],[-11,-39],[73,-25],[-4,-77],[25,-15],[0,-49],[33,-34],[-28,-20],[26,-37],[-33,-37],[-133,22],[-30,-17],[63,-195],[209,-50],[95,-62],[-21,-68],[10,-37],[-44,-106],[0,-65],[43,-41],[170,-76],[-2,-162],[-234,35],[-24,-46],[-17,56],[-11,-67],[-35,-21],[-12,34],[16,47],[-39,3],[10,-93],[18,-18],[45,15],[-36,-94],[-33,16],[-29,-23],[-28,8],[24,45],[33,-20],[4,14],[-46,30],[-27,-5],[9,-61],[-30,-12],[-72,-13],[-93,28]],[[69115,59603],[-152,16],[-63,74],[-52,-21],[-21,108],[-138,68],[-66,-16],[-46,89],[-29,-19],[-11,16],[-59,-7],[-45,33],[-28,-22],[-43,52],[16,3],[-6,24],[-58,21],[-30,65],[-61,14],[-19,-39],[-38,-8],[-38,-39],[-74,4],[4,-67],[-22,-17],[-44,48],[-76,21],[-96,68],[-85,32],[-20,53],[-103,82],[-8,40],[-57,56],[-6,39],[-48,39],[-30,77],[-54,-23],[-167,37],[-34,41],[25,33],[-33,-21],[-26,29],[-21,-10],[-153,44],[-39,-15],[4,15],[-145,22],[-142,224],[-115,80],[-75,-77],[37,-36],[-23,-53],[-25,15],[-72,-60],[-57,3],[-43,-38],[-9,-68],[-32,-23],[-18,-78],[148,-131],[58,9],[47,-190],[-20,-8],[4,-42],[-90,-92],[21,-28],[24,18],[58,-24],[-54,-52],[9,-23],[35,-21],[95,6],[-130,-52],[-40,-67],[-46,-31],[-13,-58],[-45,-34],[212,-224],[-44,-49],[-13,-57],[-62,-100],[22,-88],[-81,-99],[-135,-247],[-52,1],[-61,-57],[-26,-147],[-53,46],[-35,-14],[-154,6],[-83,-25],[-11,39],[-116,-6],[-87,43],[-18,72],[73,77],[13,31],[-33,58],[66,99],[99,-27],[61,27],[-22,39],[-60,18],[22,40],[-47,33],[-86,-67],[-79,-33],[-44,-58],[-88,-45],[-129,-8],[-24,-28],[-35,10],[1,32],[-103,118],[-69,-41],[-56,-11],[-14,19],[-61,-28],[-137,63],[-55,-16],[-23,39],[-69,44],[-108,32],[-254,142],[-87,20],[-34,-24],[-83,9],[-18,-135],[-48,28],[-83,-7],[-86,-69],[-97,-104],[-161,-308],[-60,40],[-15,125],[-102,46],[-41,51],[-30,-12],[24,-65],[-57,86],[-55,11],[-82,-27],[-71,70],[-16,57],[-192,44],[-63,-37],[-26,8],[-66,-90],[-56,-12],[-28,30],[3,26],[161,80],[27,97],[-21,65],[83,78],[-3,44],[84,173],[-5,49],[23,29],[-14,82],[130,73],[34,-2],[-2,91],[-97,0],[19,104],[-40,1],[-31,28],[34,115],[-22,115],[-50,57],[-25,83],[52,43],[10,42],[-2,24],[-40,21],[-109,-6],[-6,-27],[-287,-119],[-8,53],[-19,-6],[-112,-65],[-3,-42],[-85,-21],[-50,-1],[-14,99],[-79,-44],[-52,11],[-33,-32],[-74,20],[-18,59],[-206,-19],[-33,-105],[-307,-3],[-110,56],[-137,-14],[-5,15],[-189,-45],[-62,11],[-21,-20],[-56,5],[-109,-39],[3,-86],[-81,-33],[-29,15],[-78,-55],[16,-18],[-20,-43],[-117,-20],[-101,22],[-162,-41],[-130,-6],[-86,41],[-73,100],[-196,-8],[-39,46],[-116,66],[-62,77],[-3,193],[-108,12],[-12,28],[-116,50],[-53,62],[-91,7],[-52,35],[-62,-1]],[[56441,66874],[57,35],[37,61],[110,287],[-4,134],[60,45],[32,72],[-6,75],[-16,31],[-58,27],[-17,55],[102,88],[87,10],[54,80],[38,15],[-80,151],[-67,24],[-44,-6],[2,110],[-41,2],[-31,70],[42,94],[1,81],[125,45],[268,55]],[[37414,23124],[-81,9],[-56,29],[-19,-10],[-47,20],[-30,-19],[-140,38],[-23,66],[-104,62],[-39,67],[-38,-6],[-5,43],[-49,8],[-18,39],[-25,-16],[-93,30],[7,-48],[-29,0],[-7,-52],[-52,-25],[46,-40],[-15,-30],[-75,1],[0,57],[-38,47],[-51,-4],[2,57],[-42,6],[-5,44],[-45,-18],[24,-59],[-26,-64],[-30,3],[-58,32],[23,86],[71,46],[-3,21],[-52,7],[-5,21],[40,23],[-42,14],[-13,-19],[-45,-1],[-7,-21],[-48,-3],[-20,-33],[-211,2],[-45,-58],[-51,-24],[-29,8],[-27,-23],[12,-39],[48,-11],[-1,-59],[-23,1],[-12,-37],[31,-36],[-43,-21],[-61,-83],[8,-34],[42,-23],[-8,-24],[-111,-53],[-6,-26],[43,-15],[-48,-105],[-62,16],[-24,-33],[22,-42],[-6,-31],[-60,-4],[-5,28],[-38,14],[-8,-60],[-23,-27],[-64,-8],[-39,6],[-7,53],[16,26],[-60,11],[-238,-64],[-9,-57],[37,-83],[-59,-62],[-2,-80],[-43,-102],[32,-196],[104,-28],[-116,-121],[79,-14],[77,80],[30,-32],[-26,-131],[7,-134],[-26,-41],[-35,-170],[-47,-17],[-19,-50],[-65,-47],[-47,-104],[-41,-17],[-9,-35],[-71,-10],[-20,-44],[-60,-13],[-43,26],[-76,-43],[-27,-101],[40,-41],[-30,-88],[63,-47],[107,-23],[102,40],[64,-28],[180,31],[93,-34],[99,5],[170,-58],[68,-4],[73,-91],[5,-72],[105,-91],[-83,-140],[-114,-80],[-98,-149],[-96,-220],[4,-51],[-67,-4],[-12,21],[-194,-68],[-21,12],[-47,-21],[-94,26],[-91,-36],[-146,42],[-28,-217],[-24,29],[-66,19],[-7,-171],[20,-20],[-58,-184],[-80,-157],[-22,2],[-3,43],[-114,54],[-84,10],[-52,-57],[-72,-20],[-154,152],[-25,-33],[-136,49],[-17,-55],[-38,-17],[-139,-4],[-89,-33],[-107,-9],[-36,-42],[-92,8],[24,-194],[-48,40],[-92,7],[8,18],[-88,109],[43,55],[-20,19],[-56,2],[-52,-61],[-19,11],[35,75],[-33,42],[-52,8],[-17,23],[-118,-7],[8,-39],[-57,-100],[-56,63],[-33,-18],[-134,25],[-44,-67],[-27,-159],[-101,-100],[8,-17],[-102,-193],[5,-57],[34,-23],[-2,-29],[47,-54],[-51,-106],[-14,49],[-63,39],[-262,51],[-41,-20],[-475,-19],[-101,35],[-23,-14],[-55,17],[-24,10],[-49,222],[-135,106],[-70,-60],[-43,7],[-1,-23],[-83,-89],[-104,16]],[[30713,18909],[-49,20],[-30,72],[2,63],[-24,6],[25,22],[21,-10],[38,50],[-26,66],[-24,-3],[20,50],[-12,27],[-132,-66],[-60,14],[-37,-36],[-42,0],[-91,51],[-39,125],[-61,33],[-44,72],[-103,-32],[-96,19],[-49,75],[-17,133],[-63,37],[-129,-10],[-122,-70],[-32,32],[-1,460],[-62,-35],[-68,-1],[-162,-110],[-95,-3],[-22,-32],[-185,40],[-65,-11],[-178,30],[-65,26],[-55,44],[-25,51],[-65,30],[-1,107],[-100,94],[-25,67],[24,91],[-178,24],[-130,-59]],[[28079,20462],[-11,27]],[[28068,20489],[11,36],[-39,17]],[[28040,20542],[-23,20]],[[28017,20562],[4,47],[-35,9]],[[27986,20618],[-29,-1],[-43,-45]],[[27914,20572],[-39,2]],[[27875,20574],[-53,56],[-21,97]],[[27801,20727],[-21,37]],[[27780,20764],[-28,4]],[[27752,20768],[-9,14]],[[27743,20782],[-70,14]],[[27673,20796],[-50,-13]],[[27623,20783],[-12,-9]],[[27611,20774],[-33,28]],[[27578,20802],[-22,2],[-24,56],[-24,6]],[[27508,20866],[-43,36],[-5,32]],[[27460,20934],[-27,29]],[[27433,20963],[-13,1]],[[27420,20964],[-27,26]],[[27393,20990],[19,30]],[[27412,21020],[-48,49]],[[27364,21069],[-7,36]],[[27357,21105],[-13,16]],[[27344,21121],[-2,11]],[[27342,21132],[-23,52]],[[27319,21184],[-8,15]],[[27311,21199],[-27,38]],[[27284,21237],[-37,8]],[[27247,21245],[-5,6]],[[27242,21251],[-37,75],[-57,35]],[[27148,21361],[-33,-26],[-64,6]],[[27051,21341],[-39,7]],[[27012,21348],[-44,-21]],[[26968,21327],[42,50]],[[27010,21377],[-27,33]],[[26983,21410],[-44,115]],[[26939,21525],[11,23]],[[26950,21548],[27,70]],[[26977,21618],[-10,29]],[[26967,21647],[-27,20],[-30,-8]],[[26910,21659],[-9,12]],[[26901,21671],[-25,16]],[[26876,21687],[-59,26],[-48,79],[14,148]],[[26783,21940],[-10,24]],[[26773,21964],[71,-4],[23,-22]],[[26867,21938],[43,10]],[[26910,21948],[42,25]],[[26952,21973],[36,47]],[[26988,22020],[-37,117]],[[26951,22137],[-38,-27]],[[26913,22110],[-26,32]],[[26887,22142],[-40,-23]],[[26847,22119],[-21,-2]],[[26826,22117],[-14,-19]],[[26812,22098],[-19,-4],[-8,-8],[11,-24]],[[26796,22062],[-3,-32],[-47,-34],[-70,-15]],[[26676,21981],[-15,6],[14,27]],[[26675,22014],[-18,78]],[[26657,22092],[-3,20],[-53,4]],[[26601,22116],[-61,24],[1,77],[-87,3],[-38,136],[22,41],[37,4],[17,38],[92,-24],[46,32],[-2,31],[-73,11],[-25,43],[-39,-9],[-8,30],[-46,28],[-33,-24],[-68,-118],[-41,-9],[-8,-42],[-50,4],[-45,82],[-28,-13],[23,64],[-41,34],[11,73],[-71,9],[-47,-42],[-40,2],[-60,63],[-7,17],[34,16],[41,86],[-40,18],[0,29],[-70,-21],[-71,19],[-31,60],[-68,25],[-14,-18],[19,-67],[-17,-36],[-29,-4],[-18,-29],[-84,8],[-18,41],[6,65],[37,-15],[8,12],[-26,108],[-43,15],[-71,-15],[-18,-27],[-27,6],[-15,17],[34,35],[-71,40],[-31,-13],[5,33],[21,-1],[63,86],[-13,97],[-18,-8],[-41,28],[12,-28],[-40,-32],[-42,-10],[-61,26],[-172,-65],[-84,-53],[-36,25],[-33,-3]],[[24910,23131],[-81,163],[-61,193],[-30,21],[-53,258],[8,21],[18,-24],[27,42],[-69,8],[-104,564],[36,-72],[-21,65],[14,48],[-10,33],[37,7],[-41,2],[3,-50],[-22,-12],[-197,775],[-25,144],[-27,60],[-61,44],[55,-28],[30,-41],[32,-179],[27,-27],[0,32],[26,16],[-45,2],[-47,199],[-60,23],[13,51],[-16,359],[-99,671],[11,22],[-98,197],[-68,429],[-73,271],[29,-59],[70,-8],[-66,11],[-10,27],[18,2],[-59,51],[-55,175],[-63,109],[-36,-3],[-11,22],[-33,-11],[-38,65],[-26,-2],[-63,83],[-49,140],[23,20],[38,-3],[-39,20],[6,26],[-19,11],[9,-46],[-20,-11],[-31,198],[-18,55],[-28,2],[22,7],[6,59],[-42,116],[9,37],[-30,129],[-21,60],[-42,1],[-20,73],[-26,21],[-64,281],[-41,74],[-65,362],[-13,35],[-40,10],[1,79],[-35,108],[-49,123],[-22,4],[58,96],[38,-12],[-24,48],[42,-51],[33,29],[-34,-3],[12,63],[-15,19],[-20,-13],[-20,20],[-30,0],[44,39],[5,33],[-23,4],[-56,-41],[15,-49],[-23,-27],[-52,99],[-18,-15],[10,-44],[54,-48],[12,-73],[-40,-6],[-15,-26],[-14,16],[-43,-13],[-3,20],[-24,-13],[-34,17],[23,26],[-22,41],[15,25],[-86,198],[14,22],[-55,34],[-23,64],[-15,-1],[4,16],[31,-16],[19,16],[-23,104],[19,21],[-28,-11],[24,67],[-47,94],[-46,14],[39,28],[-66,102],[-64,32],[-19,-11],[3,-31],[-64,-16],[-15,18],[-14,-19],[20,-58],[-14,1],[-47,30],[4,37],[-45,51],[-67,18],[13,52],[-30,-81],[-21,1],[-9,22],[25,35],[-54,67],[-55,9],[-10,-22],[-24,1],[0,43],[-33,-6],[-5,33],[-25,-2],[-33,35],[0,17],[30,5],[44,1],[-5,-42],[36,23],[18,51],[-7,83],[23,19],[1,15],[-61,27],[37,-31],[-46,6],[-8,64],[-40,66],[-7,58],[25,32]],[[22174,31464],[11,14],[12,3],[23,-12]],[[22220,31469],[111,-32]],[[22331,31437],[-1,27]],[[22296,31544],[14,21]],[[22310,31584],[63,24],[40,-39]],[[22438,31548],[-4,-40]],[[22495,31523],[20,39],[63,19],[8,43]],[[22586,31624],[27,13]],[[22613,31637],[41,-13]],[[22671,31660],[27,32]],[[22690,31779],[-2,4]],[[22688,31783],[40,65]],[[22757,31871],[-2,33]],[[22147,34295],[-80,34],[-30,45],[78,0],[60,29],[30,85],[-41,67],[110,64],[28,57],[137,16],[26,20],[23,78],[37,26],[43,-4],[-14,-118],[55,-49],[90,46],[67,-53],[119,66],[21,53],[79,-27],[52,40],[41,106],[-7,36],[-28,19],[31,47],[55,34],[0,30],[-167,30],[83,74],[27,79],[72,-154],[36,-11],[32,14],[-47,84],[1,83],[-28,21],[162,192],[55,124],[-1,59],[76,162],[-8,24],[-103,39],[-93,-22],[-95,-62],[-42,6],[11,65],[-50,-2],[48,97],[60,1],[0,34],[67,18],[12,35],[60,37],[112,-33],[54,-55],[38,-2],[29,97],[-42,133],[33,31],[12,102],[56,26],[2,50],[-42,50],[23,34],[-19,31],[-71,61],[-41,-32],[-36,13],[-8,25],[-145,35],[-4,89],[-112,-19],[-3,57],[-39,12],[-65,-24],[-35,18],[25,-47],[-85,-54],[-12,9],[-19,44],[11,26],[63,20],[-30,78],[-32,-3],[-2,21],[32,2],[-10,25],[-54,7],[23,29],[-21,28],[41,2],[-40,51],[32,13],[-26,86],[27,-14],[9,50],[30,8],[33,-94],[36,-6],[-7,54],[35,60],[-17,34],[-81,-10],[-20,76],[24,20],[-19,103],[-63,-8],[-64,41],[-31,-7],[13,168],[-41,5],[-31,-56],[7,-26],[-51,-25],[-58,72],[121,33],[-5,51],[-29,16],[-17,49],[16,43],[45,-20],[5,-65],[18,35],[46,-9],[27,-105],[37,16],[-7,148],[27,34],[63,-27],[72,41],[14,-14],[-24,-19],[-1,-37],[102,-42],[21,30],[0,92],[21,5],[8,68],[95,16],[45,62],[118,23],[-36,153],[7,33],[47,30],[32,-83],[45,-49],[46,19],[153,7],[-6,-158],[59,-7],[16,-36],[-38,-38],[0,-44],[53,-30],[67,13],[5,32],[43,-6],[45,22],[26,54],[47,-24],[24,120],[78,-22],[55,21],[44,-8],[15,41],[-106,52],[-20,35],[42,100],[90,44],[-32,15],[31,27],[9,113],[144,2],[143,96],[15,31],[79,-12],[14,20],[173,37],[17,40],[256,-3],[-29,61],[-15,270],[94,51],[10,29],[91,5],[11,106],[-53,4],[-97,74],[6,37],[37,22],[52,-18],[8,-24],[56,23],[61,-27],[66,65],[99,-17],[7,-61],[60,50],[64,3],[94,36],[28,-134],[77,-15],[18,-37],[56,-29],[10,-75],[114,-34],[67,34],[10,-15],[-34,-106],[121,-7],[53,2],[50,91],[93,-14],[54,52],[33,104],[-23,32],[-7,129],[18,45],[212,-8],[184,92],[136,-50],[47,62],[90,22],[3,-22],[52,-14],[26,-41],[11,-86],[68,17],[82,74],[140,-12],[-1,164],[21,7],[126,-18],[4,-129],[96,-15],[33,-57],[110,36],[14,14],[-36,53],[13,223],[-68,-19],[-38,22],[70,98],[59,4],[0,121],[-16,74],[-76,-1],[-4,75],[-92,145],[10,61],[45,8],[3,23],[69,55],[-8,205],[-9,35],[-94,6],[-28,83],[-70,37],[37,98],[-10,52],[-106,29],[-23,128],[139,34],[-22,107],[20,10],[75,214],[52,-16],[48,-53],[57,-7],[51,-175],[89,-14],[82,50],[122,-58],[46,-108],[75,-34],[48,15],[4,92],[32,97],[52,-9],[64,-50],[22,-84],[64,56],[-2,62],[33,4],[34,-87],[-10,-159],[63,-30],[76,-84],[151,48],[107,5],[57,49],[79,-6],[66,21],[33,-10],[58,-84],[30,14],[34,93],[94,33],[61,-53],[95,-45],[3,-157],[44,-12],[31,54],[-28,40],[-15,105],[39,30],[172,26],[5,27],[52,17],[21,-65],[75,-5],[22,-100],[154,-4],[-16,53],[114,26],[33,-152],[109,5],[42,94],[66,44],[-9,83],[-172,23],[42,228],[-148,-8],[-10,141],[71,13],[83,52],[10,30],[-117,3],[10,66],[75,21],[-1,21],[-19,54],[-78,24],[-31,202],[313,36],[49,155],[52,-10],[-7,29],[43,24],[137,20],[-17,34],[7,169],[139,7],[0,168],[134,17],[51,-12],[-33,-25],[18,-192],[14,-6],[52,22],[23,37],[40,147],[39,49],[47,-48],[14,-104],[91,-49],[30,-110],[56,-2],[46,-28],[1,85],[37,20],[10,44],[-20,29],[110,42],[-36,42],[11,76],[-30,14],[11,41],[33,12],[55,-23],[35,28],[52,3],[13,37],[38,10],[44,105],[-84,94],[-105,24],[12,158],[94,1],[32,-83],[105,-33],[21,57],[92,-1],[-5,30],[83,28],[102,-19],[30,16],[41,68],[60,1],[10,84],[-22,2],[24,185],[-7,185],[138,25],[-23,23],[15,68],[-21,40],[10,33],[55,23],[14,34],[-55,50],[-115,23],[34,79],[-24,32],[30,50],[39,-12],[39,117],[126,13],[36,-83],[98,-16],[-8,60],[41,21],[62,-41],[3,-46],[28,-34],[106,-8],[39,30],[46,-21],[27,58],[-77,106],[95,45],[69,2],[10,34],[29,2],[-8,81],[35,59],[31,11],[19,97],[78,-26],[54,14],[-40,134],[18,25],[37,-21],[64,120],[-22,9],[35,71],[53,19],[-45,60],[27,87],[68,7],[23,31],[141,77],[41,4],[15,55],[31,5],[1,-24],[25,-1],[35,-70],[45,71],[58,-5],[-20,-68],[20,-113],[115,-11],[36,-35],[-9,-39],[-59,-49],[24,-71],[-21,-26],[-50,-6],[-5,-40],[-84,-39],[13,-31],[182,-42],[75,37],[32,-11],[2,-94],[29,-18],[2,-28],[75,-39],[56,33],[44,-10],[67,48],[-3,109],[39,3],[112,-62]],[[24222,25421],[17,-28],[-21,7],[4,21]],[[23478,27976],[-10,-25],[-7,17],[17,8]],[[22893,28012],[16,-9],[-10,-27],[-16,16],[10,20]],[[23038,30063],[29,-1],[20,-27],[-42,-16],[-7,44]],[[22092,30868],[33,-31],[-38,2],[5,29]],[[26601,22116],[53,-4],[3,-20]],[[26675,22014],[-14,-27],[15,-6]],[[26796,22062],[-9,15],[-2,9],[8,8],[19,4]],[[26826,22117],[21,2]],[[26887,22142],[26,-32]],[[26913,22110],[38,27]],[[26951,22137],[37,-117]],[[26952,21973],[-42,-25]],[[26867,21938],[-23,22],[-71,4]],[[26773,21964],[10,-24]],[[26876,21687],[25,-16]],[[26910,21659],[30,8],[27,-20]],[[26967,21647],[10,-29]],[[26950,21548],[-11,-23]],[[26983,21410],[27,-33]],[[26968,21327],[44,21]],[[27012,21348],[39,-7]],[[27051,21341],[64,-6],[33,26]],[[27148,21361],[57,-35],[37,-75]],[[27247,21245],[37,-8]],[[27311,21199],[8,-15]],[[27319,21184],[23,-52]],[[27344,21121],[13,-16]],[[27364,21069],[48,-49]],[[27412,21020],[-19,-30]],[[27393,20990],[27,-26]],[[27433,20963],[27,-29]],[[27508,20866],[24,-6],[24,-56],[22,-2]],[[27578,20802],[33,-28]],[[27611,20774],[12,9]],[[27623,20783],[50,13]],[[27673,20796],[70,-14]],[[27752,20768],[28,-4]],[[27780,20764],[21,-37]],[[27875,20574],[39,-2]],[[27986,20618],[35,-9],[-4,-47]],[[28040,20542],[39,-17],[-11,-36]],[[28068,20489],[11,-27]],[[30713,18909],[45,-83],[-40,-56],[-167,-3],[-35,-112],[-76,-41],[-55,-17],[-26,39],[-114,-93],[-16,3],[-11,60],[-48,11],[-26,36],[-168,-110],[62,-137],[2,-18],[-36,-21],[43,-94],[-18,-134],[67,53],[30,-18],[45,23],[36,-33],[-14,-14],[19,-23],[33,9],[86,-54],[47,54],[104,-42],[108,-77],[74,22],[-8,-72],[150,-129],[230,-78],[-2,-56],[107,19],[6,-118],[-42,-68],[7,-29],[36,-13],[-68,-43],[-31,-75],[-251,-121],[-13,-117],[-18,-22],[55,-55],[52,23],[-3,49],[81,15],[69,-3],[57,-45],[268,28],[111,-46],[168,97],[38,31],[4,32],[66,16],[106,-86],[-28,-41],[12,-53],[-28,-25],[-27,6],[-65,-56],[-11,-29],[19,-50],[21,-46],[26,-3],[-3,38],[26,-6],[46,-68],[47,10],[14,-15],[8,-44],[-25,-64],[17,-36],[27,0],[8,-34],[-50,-43],[9,-63],[53,-3],[60,-56],[30,8],[55,59],[9,-28],[-40,-52],[-92,-17],[-189,26],[-60,-53],[-39,-70],[-8,-76],[-64,-74],[-12,-84],[-37,-37],[7,-19],[95,-68],[96,-22],[120,-76],[42,15],[108,-13],[46,-39],[120,-37],[103,-136],[-30,-43],[13,-30],[45,3],[28,-33],[105,0],[35,-112],[-64,-172],[12,-73],[-32,-2],[-73,-121],[55,-43],[9,-134],[-75,-21],[-177,9],[13,-123],[79,-36],[-16,-91],[17,-33],[-21,-59],[26,-50],[-41,-131],[-11,-201],[-38,-91],[29,-51],[24,7],[4,-36],[-26,-29],[89,-104],[-51,-98],[-23,-150],[39,-16],[32,-52],[7,23],[38,-3],[51,28],[-8,-89],[84,-46],[28,-87],[49,-30],[83,19],[43,-33],[73,-9],[45,-39],[134,107],[118,45],[15,53],[-32,40],[46,8],[26,21],[-5,22],[211,84],[203,150],[221,-23],[-29,-133],[135,-200],[-21,-33],[6,-95],[34,19],[53,-5],[39,-66],[-40,-40],[-19,-66],[-26,-169],[8,-64],[-24,-30],[-105,27],[-81,-57],[-33,10],[-24,-41],[26,-85],[86,-64],[112,-142],[-27,-77],[25,-20],[-9,-34],[21,-18],[-4,-33],[43,-35],[-42,-82],[-57,1],[-67,-143],[-46,-44],[8,-64],[-28,-45],[38,-47],[54,-19],[0,-23],[-37,-17],[-18,-93],[67,-31],[26,-69],[-90,-33],[3,-52],[30,-25],[-47,-87],[8,-61],[-68,-23],[6,-113],[-45,-100],[-52,-47],[-12,-109],[-39,-53],[85,-34],[42,33],[37,-6],[3,-33],[97,-88],[27,12],[94,-43],[75,45],[-1,17],[109,47],[40,-17],[-16,-71],[53,-27],[60,122],[39,-27],[-31,-12],[8,-68],[-35,-40],[8,-25],[40,-16],[7,-77],[75,-68],[60,31],[-2,-38],[32,-9],[5,-30],[-40,-40],[5,-73],[-35,-33],[4,-31],[-55,-29],[-45,25],[-65,-72],[1,-27],[-48,-71],[22,-61],[-7,-43],[-22,-10],[12,-67],[-50,-93],[7,-26],[-102,-1],[-2,-103],[-62,-38],[27,-107],[-25,-3],[-30,-146],[27,-61],[-61,-71],[-39,-1],[-12,-42],[44,-13],[12,-126],[-80,-109],[-69,-33],[-9,-33],[-50,-36],[-23,-51],[12,-39],[-47,-78],[7,-32],[-106,0],[-31,-36],[5,-21],[-54,-38],[7,-46],[34,-8],[13,-42],[43,-34],[18,-61],[43,-21],[20,-38],[1,-120],[17,-22],[34,45],[40,-17],[10,-14],[-20,-27],[16,-52],[56,-20],[22,-63],[53,-27],[-4,-51],[25,-76],[-74,-120],[-37,-14],[-10,-82],[-61,-24],[15,-33],[-17,-12],[-55,12],[3,-50],[-27,-50],[-52,1],[-20,21],[-7,-12],[24,-87],[65,-60],[32,-61],[9,-111],[106,-141],[36,-21],[0,-58],[87,-103],[50,-130],[-65,-139],[-94,-50],[-60,62],[-29,-2],[-45,-41],[46,-127],[38,-37],[2,-50],[-78,-12],[-22,-28],[-11,-71],[-97,-122],[-16,-7],[-33,28],[-22,-16],[32,-63],[-28,-64],[44,34],[26,-12],[-13,-79],[32,-71],[-37,36],[-104,4],[-78,-43],[14,-39],[-52,-16]],[[33201,5949],[-235,199],[-71,31],[-49,74],[-25,4],[3,-17],[-55,47],[-56,141],[-970,1218],[-92,161],[-161,219],[-143,145],[-53,29],[-42,-4],[55,-39],[-65,36],[-71,88],[-42,118],[-61,330],[-206,445],[22,10],[-9,-22],[19,-31],[17,7],[2,34],[25,-26],[-15,148],[40,19],[-40,4],[-15,-18],[7,-69],[-26,-24],[-12,61],[-36,35],[-58,128],[-7,116],[-33,0],[-33,59],[63,-215],[45,-45],[25,-57],[-15,-20],[25,2],[26,-62],[-25,-12],[-460,1065],[-134,606],[-66,634],[8,47],[-87,463],[-96,368],[59,16],[25,-28],[21,-107],[112,-64],[4,-96],[-24,22],[7,38],[-23,1],[2,-26],[-51,-9],[-23,49],[13,-43],[-17,-17],[-30,72],[45,-190],[20,6],[-3,25],[11,-19],[17,18],[-22,77],[15,-24],[9,42],[21,-1],[35,-176],[-51,-9],[4,-69],[35,21],[-10,46],[30,-1],[1,-23],[13,14],[-24,50],[-3,114],[88,-53],[-10,-121],[19,-40],[0,-103],[14,-8],[7,-67],[28,-32],[3,-54],[17,-11],[0,-38],[-6,-5],[14,-4],[-5,-75],[24,-76],[-4,149],[-16,22],[-2,23],[-19,28],[4,65],[-28,60],[23,29],[-23,76],[-6,-18],[-22,14],[1,32],[-16,29],[8,106],[39,4],[23,-29],[16,-108],[27,-34],[81,-30],[-41,-82],[34,-95],[12,-138],[-42,-146],[41,-59],[101,-42],[-21,3],[-6,-59],[-35,-30],[-4,-75],[-52,-83],[-13,-55],[15,-52],[-30,-29],[-24,-138],[15,-56],[65,-11],[30,-25],[2,-37],[0,75],[189,5],[31,-62],[3,63],[134,5],[5,-68],[1,69],[80,7],[-56,44],[-25,-16],[-51,16],[0,66],[-12,-61],[-138,45],[-39,41],[53,175],[-48,84],[10,33],[20,-2],[-16,15],[-6,-12],[7,33],[-13,-31],[-57,19],[8,66],[53,-24],[-55,32],[34,66],[2,51],[-27,11],[-22,-14],[-16,22],[-51,6],[31,149],[-86,189],[23,29],[10,-16],[51,86],[-27,11],[-7,28],[51,-33],[-45,41],[12,45],[-24,2],[18,12],[-49,-7],[0,25],[30,18],[-8,43],[-79,166],[-17,18],[-28,-8],[-15,35],[-61,-20],[33,-1],[13,-41],[19,-2],[8,-68],[-32,16],[5,23],[-25,29],[23,-73],[-62,19],[10,14],[-17,7],[5,30],[-53,124],[28,55],[-24,-10],[-3,-37],[-16,2],[13,-43],[-126,245],[25,37],[-34,128],[-27,9],[-10,-43],[40,-156],[-69,182],[28,35],[26,-22],[8,15],[-40,21],[-2,19],[-4,-32],[-50,122],[16,-1],[24,-73],[23,12],[4,-15],[-25,1],[20,-20],[17,44],[-17,40],[11,-14],[26,11],[-1,18],[-22,-6],[-13,56],[29,-47],[-2,26],[-21,46],[-24,-29],[-2,37],[-57,80],[-24,0],[3,29],[-20,21],[12,-51],[23,-11],[-16,-5],[44,-129],[-13,-4],[-37,82],[15,-5],[-23,28],[0,-30],[-43,70],[11,11],[21,-47],[-11,86],[-52,36],[20,17],[-26,29],[-9,-36],[14,-27],[-17,6],[18,-16],[39,-147],[-23,56],[-4,-51],[17,6],[-9,-34],[25,-42],[7,43],[33,-94],[-17,-22],[-22,55],[6,-57],[40,-24],[-2,-47],[27,-18],[2,-20],[-22,17],[20,-26],[-31,-24],[25,-3],[-7,-24],[21,-28],[-13,-22],[30,-94],[-80,18],[-216,763],[9,27],[28,5],[6,-36],[58,-45],[36,-90],[-10,30],[15,20],[-17,-11],[-23,57],[-49,35],[-12,38],[54,45],[-98,-25],[-2,-24],[-18,26],[-226,741],[-243,559],[12,26],[57,-1],[-1,44],[42,-30],[15,34],[-67,8],[-32,68],[24,14],[-22,29],[-20,-29],[42,-79],[3,-48],[-61,8],[-3,-41],[34,-59],[-15,-4],[-470,1088],[-196,872],[20,-51],[13,0],[5,15],[-9,16],[-4,-26],[-11,47],[-20,7],[-87,343],[-28,51],[39,14],[46,62],[50,-50],[-11,34],[-49,21],[-76,-71],[-37,87],[-49,39],[18,17],[15,-21],[20,11],[24,-15],[24,8],[-6,15],[-19,-20],[-14,19],[-23,-9],[0,11],[35,59],[28,12],[-56,-5],[-19,-51],[-26,-14],[-203,601],[-38,22],[-14,38],[8,74],[-198,366],[-103,69],[-35,7],[-42,-24],[-29,45],[-35,15],[3,45],[-103,278],[1,30],[34,-94],[-20,103],[-33,59],[10,-67],[-171,435],[-127,192],[-40,3],[-95,121],[52,5],[27,-34],[53,19],[-2,13],[-55,-25],[-16,32],[-49,0],[45,38],[-9,47],[58,18],[0,20],[-46,-8],[-50,28],[47,-45],[-29,-10],[6,-38],[-40,-53],[-38,-1],[-24,23],[8,21],[18,0],[12,32],[-13,86],[4,-88],[-7,-25],[-20,2],[-182,230],[-96,80],[-47,-30],[-42,32],[-13,45],[-76,101],[-50,31],[2,41],[-75,106],[17,14],[199,-72],[58,43],[21,-47],[29,-7],[-1,-35],[55,4],[-39,0],[1,43],[-41,5],[-2,36],[-20,10],[3,59],[-62,-101],[-81,48],[-69,12],[4,18],[-31,71],[-20,6],[42,-75],[-8,-9],[-20,11],[-108,192],[-23,17],[25,-46],[-51,44],[9,67],[63,-18],[25,-53],[13,20],[12,-26],[14,14],[23,-18],[28,6],[-2,27],[66,-3],[-126,21],[23,14],[-14,40],[37,11],[17,53],[44,-40],[42,45],[-47,-37],[-20,36],[-21,1],[-32,-51],[17,58]],[[26568,20413],[-26,14]],[[26542,20427],[-15,19]],[[26527,20446],[-13,22]],[[26514,20468],[65,92]],[[26579,20560],[-19,12],[-2,46]],[[26558,20618],[39,16]],[[26597,20634],[32,2],[7,-18]],[[26636,20618],[22,-15]],[[26658,20603],[60,39]],[[26718,20642],[62,48]],[[26780,20690],[40,3]],[[26820,20693],[11,27]],[[26831,20720],[3,-20],[34,10]],[[26868,20710],[37,30]],[[26905,20740],[-9,24]],[[26896,20764],[-42,22]],[[26854,20786],[-38,-1]],[[26816,20785],[-23,2]],[[26793,20787],[-20,-43]],[[26773,20744],[-77,13]],[[26696,20757],[-78,24]],[[26618,20781],[-17,-5]],[[26601,20776],[-35,-27]],[[26566,20749],[-5,-17]],[[26561,20732],[3,-29],[-100,-37]],[[26464,20666],[-23,-51]],[[26441,20615],[-44,7]],[[26397,20622],[-37,19]],[[26360,20641],[-32,-19]],[[26328,20622],[-26,22]],[[26302,20644],[-14,3]],[[26288,20647],[-58,-35],[10,-179]],[[26240,20433],[13,-40]],[[26253,20393],[-9,-47],[22,-30]],[[26266,20316],[-51,-54],[-28,4],[-30,-23],[-75,165],[23,-10],[-35,128],[41,42],[22,-75],[47,13],[28,-26],[18,13],[-22,-5],[-27,22],[-42,-12],[-25,76],[-37,-32],[-24,11],[17,18],[-10,16],[10,17],[11,-16],[22,-5],[20,14],[-2,7],[8,7],[-3,43],[19,21],[-32,42],[13,17],[-19,-12],[20,-46],[-3,-63],[-11,-19],[-26,-5],[-14,21],[-18,1],[-7,55],[-37,16],[8,66],[-32,40],[-7,54],[-43,90],[-19,11],[-27,97],[-28,7],[2,-37],[-17,8],[-227,601],[22,-82],[-83,181],[-37,15],[-32,78],[-27,18],[-36,110],[-26,18],[-91,188],[-58,203],[-11,11],[-2,-21],[-83,213],[32,-57],[-4,22],[-29,70],[-17,-2],[-149,359],[19,-9],[0,20],[-33,4],[-62,173]],[[30877,10743],[43,-15],[1,-27],[-49,-1],[5,43]],[[30642,10745],[2,-54],[-82,0],[-2,25],[82,29]],[[30754,10784],[-2,-89],[-103,-4],[-2,57],[107,36]],[[30763,10784],[103,-39],[-1,-45],[-107,-5],[5,89]],[[30679,10829],[42,-52],[-159,-58],[-3,32],[120,78]],[[30342,11841],[19,-32],[-14,-39],[-5,71]],[[30438,12029],[25,-57],[37,-17],[20,-94],[-42,-1],[-43,30],[15,59],[-18,27],[6,53]],[[30284,12210],[32,-72],[-6,-24],[7,-39],[-27,4],[-21,59],[1,64],[14,8]],[[30106,12399],[53,-17],[71,-156],[-99,53],[-8,85],[-28,26],[11,9]],[[30036,12568],[42,-33],[21,-61],[4,-35],[-38,-19],[-29,148]],[[30126,12631],[-13,-47],[-17,20],[30,27]],[[30028,12907],[25,-21],[7,-24],[-18,26],[-11,-22],[-3,41]],[[26470,20173],[40,-69],[-27,22],[-13,47]],[[26516,20289],[-10,-17],[-27,6],[37,11]],[[25993,20644],[27,-30],[63,-199],[-90,229]],[[26015,20667],[27,-20],[-7,-55],[-31,62],[11,13]],[[25980,20772],[30,-33],[-14,-50],[-33,72],[17,11]],[[25910,20939],[62,-101],[-7,-50],[-55,151]],[[25877,21013],[115,-366],[-126,315],[11,51]],[[18250,6065],[-44,-76],[-7,-85],[-67,-73],[-114,18],[-2,24],[21,-20],[64,6],[55,33],[65,140],[29,33]],[[20378,12915],[-14,-166],[-23,-16],[-23,57],[20,-3],[16,25],[24,103]],[[15443,13039],[14,-45],[-22,7],[8,38]],[[20413,13114],[15,-55],[-11,-46],[-4,101]],[[16614,14738],[27,-20],[-1,-40],[-126,-81],[100,141]],[[20478,15679],[-5,-15],[95,-10],[-111,-40],[-40,15],[-2,35],[63,15]],[[14864,15673],[61,114],[19,82],[46,26],[-126,-222]],[[15306,16159],[-1,-37],[-25,-3],[5,36],[21,4]],[[15437,16187],[-48,-38],[5,20],[43,18]],[[16947,16893],[6,-32],[-48,-67],[-16,56],[58,43]],[[17166,17369],[-108,-307],[62,234],[46,73]],[[17948,18287],[34,-41],[9,-61],[-14,-15],[-41,107],[12,10]],[[16882,19090],[9,-54],[-43,-44],[34,98]],[[46496,56193],[-144,-45],[-92,22],[-38,25],[-5,40],[-76,6],[-11,38],[22,18],[-102,44],[-65,79],[-126,31],[-37,-11],[-7,17],[-21,-15],[-74,27],[-30,-117],[-138,17],[-53,119],[83,119],[-39,105],[-52,31],[-43,68],[-18,115],[-172,107],[21,23],[-37,73],[-105,17],[-15,55],[-47,26],[-56,82],[-164,0],[-43,51],[-62,3],[-150,-108],[-123,3],[-19,-53],[-59,-27],[-114,-122],[-131,10],[-130,-87],[-29,8],[-72,79],[-112,-2],[-56,-41],[-21,-83],[-87,-5],[-24,25],[-108,5],[-119,60],[-26,48],[-98,86],[-221,82],[-70,-44],[-74,-1],[-34,-40],[-99,-13],[-40,-77],[-145,-5],[-121,-48],[-59,17],[-88,-14],[3,95],[-118,82],[3,47],[-32,39],[50,72],[-33,13],[-52,153],[-113,51],[-66,-20],[-93,35],[-78,-65],[-171,17],[-2,21],[-237,37],[-75,81],[-134,35],[22,-34],[-51,-72],[-11,-59],[38,-38],[-5,-53],[-26,-26],[-269,37],[-25,-81],[-50,-44],[-106,-35],[18,-37],[-60,-39],[-45,32],[-248,-23],[-56,66],[-73,-4],[-129,-92],[-101,-6],[-6,-82],[63,-25],[-2,-16],[-57,11],[-31,-32],[76,-63],[-5,-57],[64,-39],[-32,-101],[-42,1],[-93,50],[-39,-58],[-20,-3],[-106,42],[-27,-22],[-222,-3],[-47,-85],[-29,27],[-12,60],[-54,16],[-29,-81],[-55,-33],[-104,50],[-44,2],[-1,16],[-93,-12],[-81,20],[-61,-25],[-59,42],[-76,-6],[-73,73],[5,38],[-217,49],[-105,-86],[-90,-6],[-17,-28],[-48,25],[-32,-8],[8,70],[-44,111],[7,58],[-33,54],[34,93],[-68,32],[-56,2],[-37,31],[-29,-14],[22,-75],[-62,-67],[-49,2],[-41,45],[-52,-50],[-70,-23],[-15,52],[-127,36],[-40,-17],[1,-18],[51,-56],[-114,-20],[-86,-45],[-129,19],[-31,-21],[-17,-105],[36,-45],[-31,-61],[-394,-230],[-239,-88],[-72,-51],[-146,-15],[-9,-47],[-212,-35],[5,30],[-106,20],[-137,70],[-70,13],[-22,-83],[-175,-25],[-47,-75],[-107,-22],[-3,72],[-44,11],[-5,64],[-90,-99],[-19,63],[-41,21],[-44,-21],[-140,22],[12,-102],[-76,-10],[-135,65],[-228,-14],[-20,146],[-47,83],[1,76],[-46,39],[-70,23],[-12,34],[15,29],[-68,104],[-15,65],[25,36],[86,12],[41,42],[174,-7],[28,-27],[206,-69],[83,2],[66,48],[-5,32],[-56,41],[-62,-16],[-11,20],[1,248],[-41,70],[-7,91],[-41,49],[-20,75],[-33,45],[-46,6],[-11,50],[-79,85],[-78,34],[-1,52],[-278,-59],[-219,22],[-78,-19],[-131,22],[-34,-11],[36,-90],[-14,-47],[-58,18],[-35,-51],[-125,8],[-11,-68],[-53,-24],[-86,41],[14,69],[-62,18],[-51,-53],[-137,46],[-139,-26],[-43,17],[-48,-52],[-231,-108],[-320,-257],[-39,-54],[-183,55],[-69,-85],[-142,17],[-57,-135],[29,-86],[-93,-67],[107,-127],[-28,-90],[-152,-90],[-42,-132],[-238,-152],[-163,-132],[136,-203],[-10,-134],[-59,0],[-41,-73],[0,-90],[-31,-49],[-24,22],[-112,1],[-102,27],[-113,-63],[-156,26],[-34,-79],[-4,-78],[-30,-19],[-13,-43],[-30,-4],[-18,-90],[-71,-32],[-81,2],[-9,-50],[-72,-24],[-52,-41],[-352,-8],[-47,68],[-27,7],[-291,-18],[-42,-21],[-21,19],[5,61],[-122,80],[16,54],[-43,64],[-54,31],[1,22],[49,29],[147,-28],[22,68],[-25,27],[-7,111],[-69,35],[-4,19],[55,81],[-53,110],[-59,38],[-114,294],[-173,-81],[-92,59],[-159,35],[-60,65],[-195,-16],[-106,37],[-45,-5],[-50,-42],[-72,8],[-40,-24],[-116,27],[-159,-18],[-76,31],[-163,-15],[-80,-36],[-163,4],[-38,47],[-39,6],[-121,-37],[18,-22],[-64,-7],[-16,16],[-44,-37],[-88,56],[-209,28],[-205,-13],[-56,-31],[-52,10],[-86,68],[-28,-37],[-156,7],[-38,-24],[-8,102],[-151,-40],[-85,46],[-62,-24],[-390,187],[-76,133],[-18,79],[-120,195],[-149,29],[-16,33],[-70,39],[-277,83],[-69,67],[-138,15],[-109,-58],[-15,-32],[-107,21],[-3,-23],[-49,3],[-318,71],[-151,91],[-268,42],[-30,82],[-91,-12],[8,77],[-32,63],[-109,-1],[-45,33],[25,143],[-45,73],[-8,95],[30,54],[25,265],[34,72],[-48,53],[3,44],[-96,51],[14,28],[-79,43],[-46,-10],[-42,32],[-23,86],[-23,23],[35,28],[30,-17],[-42,74],[13,19],[-39,17],[-176,-41],[-52,-90],[-74,-68],[-196,-46],[-46,-122],[-332,-39],[-50,14],[-86,78],[-68,18]],[[22880,62870],[121,50],[22,56],[113,84],[156,-25],[46,-49],[81,-29],[168,13],[5,28],[108,42],[12,97],[232,49],[174,144],[54,75],[173,-27],[112,68],[20,70],[-19,9],[-80,-49],[-110,12],[2,21],[100,54],[-71,74],[-8,40],[-104,11],[-100,-59],[-53,14],[-37,69],[-132,13],[-56,63],[-68,-71],[-67,104],[-7,52],[-54,-4],[-4,26],[75,21],[28,114],[54,3],[39,51],[12,173],[91,28],[55,84],[1,37],[154,12],[55,75],[53,11],[14,35],[49,31],[123,-13],[33,74],[80,20],[38,71],[41,19],[42,-7],[25,-47],[158,77],[102,93],[50,109],[74,63],[59,-2],[67,31],[-3,49],[-31,20],[-24,78],[-62,55],[58,53],[4,87],[61,61],[-32,83],[28,55],[-36,91],[-73,25],[21,173],[-34,41],[-4,68],[33,149],[33,47],[-8,42],[75,96],[102,74],[13,92],[58,41],[19,59],[-43,44],[-7,120],[-53,41],[-21,105],[-87,53],[1,59],[-49,39],[15,31],[-101,66],[-72,151],[21,44],[72,34],[-2,45],[-31,15],[-11,48],[-91,73],[-61,-41],[-143,27],[-159,-20],[-73,42],[17,52],[98,79],[9,124],[-16,36],[19,52],[57,60],[38,84],[48,-3],[7,59],[113,108],[3,61],[-65,-1],[-26,-26],[-58,6],[24,66],[-29,46],[-93,9],[-48,-39],[-106,34],[-74,69],[-71,4],[15,45],[47,47],[72,5],[3,60],[31,11],[-33,163],[157,53],[-25,101],[94,128],[32,6],[-14,56],[-79,-7],[-10,-21],[-53,34],[53,150],[-36,62],[87,47],[-15,157],[39,3],[33,-120],[117,-257],[16,-7],[8,32],[64,-137],[72,-55],[16,40],[20,-36],[23,20],[127,-4],[1,33],[34,5],[19,48],[18,-12],[0,82],[141,29],[-34,98],[10,73],[100,0],[4,77],[-31,81],[-22,9],[-137,-20],[-153,18],[-46,-32],[-26,4],[-18,35],[-76,19],[-25,42],[-73,-1],[-2,-71],[-34,-7],[-42,61],[80,45],[-12,127],[-50,84],[-17,86],[-40,7],[-13,113],[34,151],[51,26],[25,2],[33,-35],[19,-111],[38,9],[7,37],[21,3],[19,-32],[40,-6],[14,-37],[32,-7],[-23,-82],[50,-59],[35,-15],[4,23],[67,3],[-14,-65],[253,-14],[63,-53],[51,-5],[62,60],[-13,28],[25,-17],[69,45],[32,-37],[107,36],[-12,295],[15,40],[109,21],[-55,5],[14,14],[85,5],[14,16],[18,70],[-15,48],[-40,25],[17,64],[29,-5],[25,37],[100,-74],[19,30],[80,-14],[311,29],[131,-13],[32,-21],[-10,-47],[-82,-29],[-39,-43],[15,-93],[54,-74],[-88,-242],[-42,165],[-45,34],[-19,95],[-36,0],[-36,-57],[20,-48],[21,-6],[-5,-29],[34,-12],[30,-54],[-40,-3],[-16,-36],[-23,18],[-18,-14],[-23,-34],[2,-60],[100,-39],[22,-32],[64,-7],[55,67],[171,-34],[133,53],[62,4],[-26,-112],[-273,-120],[-51,-4],[-39,-53],[-53,-18],[-99,155],[-139,29],[-54,-7],[77,84],[7,57],[-32,27],[-66,-49],[-16,64],[-41,13],[-26,-99],[99,-141],[49,-3],[41,-38],[-20,-59],[-109,-5],[-41,-41],[-14,-81],[-38,0],[-26,-80],[5,-30],[42,-13],[70,-133],[27,50],[95,-24],[66,14],[138,-47],[174,-14],[48,-29],[328,-63],[118,17],[193,87],[63,-24],[111,34],[117,-132],[171,51],[78,101],[189,107],[108,35],[99,3],[196,-137],[12,-48],[-55,-177],[62,-9],[18,-62],[-9,-84],[-68,-70],[42,-17],[-4,-51],[25,57],[69,10],[8,-22],[32,-1],[6,-63],[32,-34],[100,-18],[23,-22],[-36,-24],[-4,-50],[52,-33],[17,-40],[-59,-71],[-27,27],[-35,-2],[-6,-46],[54,-16],[23,-50],[-10,-140],[-39,-56],[-191,-87],[-68,14],[-62,55],[10,109],[-90,39],[-28,-90],[-27,8],[-30,-52],[-73,-47],[29,-2],[-4,-71],[-106,-16],[10,-61],[33,23],[12,-163],[-14,-20],[101,-143],[60,-8],[61,22],[51,-42],[21,-49],[-20,-23],[1,-56],[25,-8],[-21,-44],[53,-40],[-21,-21],[-51,-1],[-9,-42],[-50,-25],[-68,-9],[-19,-107],[-93,-207],[122,-2],[50,-113],[47,33],[37,-59],[88,32],[-20,-115],[12,-23],[-202,-52],[3,-99],[-34,-93],[-38,3],[4,-58],[-90,-10],[-9,-57],[-46,-29],[-85,-15],[-16,82],[-45,10],[7,96],[-33,8],[-29,52],[-104,-58],[-25,-72],[-139,-4],[-51,-26],[-29,33],[-25,-4],[9,69],[-18,21],[-90,10],[-106,90],[-93,-187],[-92,-75],[-30,-232],[115,-38],[62,-73],[47,-12],[164,-111],[58,-71],[-15,-26],[-45,8],[-15,-42],[24,-35],[77,-6],[-2,-58],[110,24],[51,-24],[97,6],[27,-50],[57,-17],[38,-92],[53,120],[-42,106],[113,-1],[16,31],[-24,72],[31,9],[19,39],[-6,25],[-78,14],[-31,34],[15,104],[108,-10],[20,-28],[49,-16],[35,-34],[9,-94],[58,-11],[64,78],[31,-12],[104,53],[24,-14],[17,28],[72,27],[67,-42],[158,76],[40,-9],[61,78],[103,41],[19,39],[-3,121],[-74,89],[0,108],[156,38],[92,58],[23,54],[52,44],[140,25],[90,57],[55,-18],[42,11],[-20,91],[28,48],[-29,168],[-34,20],[5,63],[8,35],[88,86],[28,62],[-43,160],[25,27],[73,14],[11,76],[50,61],[77,-79],[-43,-101],[28,-31],[15,-170],[35,-61],[29,25],[91,18],[130,-47],[26,82],[139,64],[97,-18],[176,-101],[53,-59],[31,26],[-17,39],[21,10],[110,-39],[62,56],[36,-54],[96,-46],[30,-126],[37,-37],[31,1],[87,18],[93,48],[-11,41],[-41,37],[21,49],[97,63],[-35,76],[96,-28],[9,79],[89,-2],[26,39],[79,-19],[39,12],[22,47],[31,9],[35,-140],[-54,-63],[-51,-150],[100,-85],[73,-38],[33,34],[95,6],[17,-24],[35,-4],[82,-150],[38,-21],[51,24],[48,-4],[106,52],[64,3],[49,-31],[51,-3],[60,222],[63,-7],[43,75],[-82,41],[-23,58],[-157,151],[-58,159],[-69,102],[-12,85],[57,54],[-15,83],[-46,78],[38,11],[18,61],[-49,59],[30,10],[20,61],[-22,84],[-37,14],[-78,154],[118,64],[75,-6],[29,-25],[-4,-42],[25,-26],[35,6],[40,81],[49,-17],[22,-52],[-16,-163],[99,-78],[90,-25],[36,15],[18,38],[81,12],[17,62],[67,29],[3,60],[27,45],[68,-8],[54,167],[-23,96],[3,184],[-122,264],[-129,25],[-75,55],[-32,107],[-43,23],[-158,-72],[-85,28],[-147,-14],[-2,75],[-168,192],[3,26],[109,53],[236,-3],[118,40],[62,40],[21,49],[-49,22],[-6,22],[-76,14],[-4,36],[45,50],[-14,25],[-51,25],[-60,-14],[8,61],[-79,74],[-18,42],[3,138],[-51,35],[75,11],[28,80],[103,7],[220,78],[22,56],[71,36],[312,-84],[49,32],[89,10],[52,77],[44,28],[1,-21],[65,-10],[25,40],[-6,43],[25,15],[72,-7],[32,19],[87,-25],[155,35],[151,-137],[202,68],[43,27],[-1,22],[68,30],[45,-33],[-44,76],[14,212],[47,-6],[55,25],[-43,128],[-55,19],[-60,69],[-48,4],[-49,84],[86,86],[-3,100],[-30,50],[-39,-3],[-15,-31],[-48,5],[73,163],[-42,46],[-2,31],[64,97],[-26,43],[-40,-7],[-143,54],[-83,-49],[-86,-93],[-148,-100],[-20,-189],[-17,0],[1,35],[-46,-12],[26,-73],[-193,7],[-141,84],[-150,18],[-64,-69],[-71,12],[-56,-92],[-244,-15],[-23,-72],[-40,-12],[-49,14],[14,32],[-12,38],[-134,97],[-188,31],[-272,-70],[-38,40],[26,52],[-98,45],[-97,-21],[-42,20],[-82,-8],[-140,119],[-27,15],[-41,-20],[-85,54],[-51,163],[-92,42],[-30,145],[-134,193],[7,79],[-46,113],[18,208],[-57,56],[43,95],[-81,41],[-42,44],[17,89],[77,41],[103,20],[-32,125],[27,122],[236,294],[126,-13],[44,118],[29,29],[106,11],[149,-42],[70,6],[109,76],[-34,39],[10,36],[111,-4],[76,48],[47,70],[4,67],[64,52],[12,36],[-37,70],[150,104],[64,142],[190,49],[177,101],[31,21],[39,83],[111,87],[213,35],[81,156],[39,25],[127,3],[45,23],[54,-30],[69,2],[130,98],[108,52],[86,75],[68,74],[37,121],[42,7],[20,35],[117,55],[62,-35],[71,24],[114,-14],[27,53],[-49,65],[4,44],[177,29],[178,2],[107,98],[213,73],[67,91],[153,98],[102,-29],[71,13],[48,43],[14,56],[51,59],[85,32],[114,-13],[57,18],[44,69],[-16,104],[82,60],[138,19],[35,49],[21,113],[34,15],[165,-4],[78,44],[87,101],[212,-50],[76,-43],[61,17],[13,212],[100,64],[-76,66],[15,98],[72,21],[100,-42],[113,-1],[12,38],[-69,99],[25,19],[92,-8],[65,24]],[[37373,77416],[50,5],[141,-63],[26,111],[53,55],[258,40],[50,-22],[93,-169],[135,29],[93,-132],[242,-50],[187,-106],[135,-6],[69,73],[143,-23],[32,20],[37,70],[141,30],[23,-10],[-13,-40],[19,-31],[67,51],[95,-108],[120,18],[48,-14],[109,-152],[90,-82],[67,-1],[79,34],[164,-64],[7,-19],[-48,-75],[3,-37],[38,-1],[96,77],[72,8],[30,-41],[-52,-115],[59,-67],[10,-63],[-103,-69],[6,-71],[44,32],[25,-31],[-1,-40],[33,-24],[-34,-7],[1,-19],[38,-12],[46,15],[-3,-40],[50,-21],[-7,-43],[37,-8],[-7,-27],[44,-57],[37,9],[13,-63],[-65,-98],[6,-21],[121,-47],[8,35],[23,-8],[21,24],[118,-47],[-35,-107],[-62,-21],[-51,24],[-23,-48],[36,-100],[-42,-26],[-9,-39],[88,-29],[11,17],[74,-57],[39,1],[-32,-27],[7,-24],[-42,13],[41,-74],[-67,-28],[-40,23],[-15,-10],[-40,-70],[1,-83],[-27,11],[5,46],[-38,2],[-53,-31],[-17,-53],[-43,4],[95,-77],[-26,-28],[6,-26],[-62,-14],[-75,19],[1,-99],[-40,-14],[19,-29],[-48,-2],[-39,27],[-54,-32],[54,-71],[43,-16],[-10,-70],[-54,-17],[-77,21],[-85,-65],[99,-60],[10,-57],[68,-49],[50,-6],[-1,-49],[-23,-30],[-55,-1],[-24,-53],[-29,-3],[-89,-86],[23,-65],[-27,-113],[-26,-21],[-34,5],[-13,-22],[28,-17],[-21,-42],[15,-62],[-21,13],[-53,-26],[-57,-78],[-67,-39],[40,-64],[-22,-41],[5,-70],[-71,17],[-63,-55],[-2,-84],[25,19],[48,-36],[-14,-135],[-46,-13],[-31,36],[-1,60],[-111,36],[-46,-46],[6,-20],[81,9],[-6,-61],[-79,0],[-73,-94],[-15,-52],[-108,-48],[-4,-43],[25,-41],[144,-65],[-6,-41],[81,-98],[-23,-192],[-39,-27],[-200,-53],[-111,10],[-127,-48],[-106,-109],[-94,20],[-20,62],[-35,8],[-103,-96],[-147,4],[-207,66],[-90,-57],[-26,-60],[-67,48],[-29,-2],[-77,-120],[30,-58],[-27,3],[0,-55],[37,-53],[5,-50],[-52,6],[-49,-30],[-61,-88],[-61,-7],[-50,31],[-46,-91],[-18,-116],[-73,-62],[-41,-5],[-16,-34],[3,-38],[100,-37],[30,-72],[-12,-35],[-74,-64],[138,-50],[0,-58],[64,-68],[-29,-74],[54,-17],[23,-62],[84,-31],[-51,-45],[5,-42],[68,-24],[51,-62],[109,-14],[-17,-45],[-78,1],[-10,-16],[92,-96],[-68,-15],[-110,22],[-78,-85],[-174,-76],[-10,-63],[49,-174],[-40,-107],[-66,-32],[-75,-89],[-282,-202],[-53,-75],[-128,-56],[-6,-95],[6,-34],[98,-33],[64,-103],[63,-140],[-20,-113],[113,-161],[66,-148],[-44,-72],[49,-128],[-40,-220],[-14,-23],[-116,-42],[-28,-38],[11,-34],[77,-51],[-2,-77],[88,-25],[24,-26],[-35,-63],[24,-48],[192,-143],[69,-25],[30,-46],[60,-24],[6,-29],[-134,-153],[-2,-34],[50,-48],[11,-46],[72,-36],[67,-79],[88,0],[30,47],[56,10],[31,28],[-4,61],[25,47],[102,53],[29,108],[53,72],[59,31],[176,-129],[96,-13],[23,-53],[34,-16],[31,-81],[77,-33],[-20,-52],[16,-38],[47,11],[75,-60],[55,-110],[111,-41],[74,18],[50,56],[20,-45],[31,-11],[25,17],[16,62],[13,-5],[23,-30],[-22,-65],[59,-91],[31,-96],[26,-19],[52,15],[30,101],[40,-35],[54,52],[89,-3],[60,35],[1,119],[122,87],[-15,95],[220,202],[28,174],[47,95],[-9,69],[-9,23],[-141,-15],[-49,64],[-84,26],[-29,84],[48,48],[40,-7],[-4,-41],[27,-15],[67,6],[67,42],[-83,48],[-16,95],[17,85],[-117,97],[-117,225],[-32,28],[-25,-6],[-53,-94],[-49,28],[-31,-75],[-108,-4],[-30,-37],[-63,-20],[-102,46],[-6,124],[-29,88],[18,36],[37,17],[19,77],[46,40],[-14,196],[-20,46],[5,109],[58,46],[2,31],[-60,179],[-67,36],[-45,1],[-58,45],[-60,5],[-24,41],[-105,30],[-54,161],[-50,-15],[8,47],[-76,48],[37,72],[15,145],[30,54],[-8,101],[-81,116],[-86,24],[-13,230],[-120,270],[26,120],[-43,41],[-106,20],[-29,52],[-58,-25],[-32,48],[-159,-90],[-68,10],[-31,60],[9,32],[40,28],[99,-43],[8,39],[85,79],[30,-76],[93,10],[61,77],[-37,32],[-24,108],[37,4],[78,-59],[76,13],[5,97],[-27,29],[-50,-2],[15,44],[102,-13],[56,96],[41,-3],[18,-36],[35,-2],[31,29],[-12,93],[44,-1],[27,24],[83,-23],[40,37],[58,-73],[-120,-96],[-47,63],[-17,-27],[22,-97],[43,19],[16,-7],[-8,-26],[58,-15],[21,28],[61,-35],[-19,-77],[36,-22],[82,-15],[107,36],[-11,91],[-32,32],[23,12],[3,33],[-19,16],[-49,-29],[6,54],[49,25],[192,23],[19,20],[-87,45],[-90,-46],[-38,15],[-26,56],[-88,57],[27,144],[16,14],[28,-75],[48,-33],[123,28],[150,-69],[60,-43],[-32,-25],[-87,-6],[22,-33],[54,-21],[72,77],[13,57],[-41,93],[-71,48],[5,24],[21,23],[156,32],[6,34],[-34,43],[22,49],[135,9],[24,-69],[21,60],[31,11],[40,-32],[1,-78],[-36,-27],[-47,12],[-12,-25],[70,-102],[2,-56],[-31,-55],[-90,-72],[97,-72],[50,52],[65,-11],[33,-53],[-3,-110],[39,-79],[-112,-24],[-37,-66],[-37,-4],[-118,52],[-17,39],[11,21],[133,-14],[75,74],[-7,15],[-68,11],[-59,-13],[-53,-40],[-98,-7],[-138,-136],[-7,-20],[35,-32],[-7,-25],[-38,-4],[-70,-78],[-84,15],[-32,-67],[37,-17],[39,34],[30,-8],[-23,-112],[135,-161],[76,208],[38,20],[-21,88],[-38,23],[71,66],[3,40],[33,9],[84,-29],[41,26],[33,-55],[94,70],[0,-147],[64,-103],[-84,-5],[-14,-14],[17,-55],[-29,-12],[-83,48],[-36,-3],[-63,-112],[-59,40],[-33,-90],[57,-82],[-56,-82],[17,-92],[20,-15],[60,43],[115,144],[90,37],[58,-3],[69,-78],[50,-13],[17,78],[-26,24],[5,44],[-88,43],[58,116],[68,8],[41,-46],[-14,-65],[64,4],[-10,-56],[111,-35],[-5,-33],[-46,-27],[-67,-91],[41,-49],[-52,-118],[79,-19],[56,48],[23,84],[75,77],[24,-63],[111,-46],[-47,-79],[64,-56],[-38,-44],[53,-27],[34,29],[69,-25],[84,23],[2,43],[-41,10],[-7,42],[67,34],[44,-32],[-2,-43],[41,-28],[-3,-41],[61,36],[59,-26],[-3,57],[22,37],[-70,-2],[-41,31],[82,49],[55,0],[32,-30],[11,-47],[-28,-41],[21,-32],[37,15],[24,-22],[21,51],[78,-1],[43,71],[-48,91],[-86,85],[10,115],[-29,81],[74,-31],[65,-80],[54,12],[27,-84],[53,52],[-66,60],[45,3],[12,130],[-16,32],[-31,14],[-49,-51],[-32,-4],[-83,109],[-5,-35],[-57,-57],[-44,19],[-13,79],[16,71],[65,69],[51,4],[13,43],[190,-28],[-42,-60],[28,-50],[-42,-40],[71,-22],[12,-89],[47,10],[7,102],[60,-42],[19,10],[49,-26],[-2,-66],[52,-12],[60,2],[76,54],[21,39],[59,-6],[12,-35],[52,-11],[-24,-20],[-92,17],[-41,-72],[-36,-10],[-43,-89],[57,-16],[1,-33],[-39,-37],[-84,23],[-21,-74],[-75,-75],[-13,-81],[33,-110],[37,-28],[59,37],[1,62],[59,-14],[16,-34],[-16,-74],[51,22],[88,82],[-29,-147],[41,-35],[68,-17],[39,63],[63,10],[-13,93],[56,45],[-5,22],[86,101],[56,31],[32,-69],[59,-47],[48,29],[-18,-90],[83,43],[66,-45],[106,-15],[39,38],[153,-12],[104,39],[88,-72],[184,-58],[47,-47],[92,2],[-49,68],[18,66],[91,65],[-42,23],[7,80],[-40,102],[42,61],[-59,51],[-1,30],[52,11],[43,41],[79,-29],[32,41],[42,-90],[28,66],[43,-1],[3,49],[34,34],[25,-25],[177,13],[-20,56],[80,71],[-11,89],[41,71],[183,0],[50,49],[149,-67],[52,66],[82,41],[0,44],[107,23],[22,126],[65,-48],[68,27],[59,-23],[39,92],[67,-14],[138,-146],[9,-58],[-39,-54],[34,-93],[-29,-174],[30,-26],[108,-14],[62,-106],[76,-52],[47,31],[31,-10],[10,-85],[82,-181],[-30,-34],[-108,-9],[-132,-69],[-27,-77],[-115,-92],[-10,-74],[-106,-72],[-16,-74],[-40,-53],[43,-34],[40,-2],[102,-69],[46,9],[34,60],[37,-18],[40,38],[34,-3],[19,-66],[34,6],[26,19],[-64,69],[31,34],[-60,24],[6,39],[50,-7],[56,62],[41,-43],[18,61],[54,-20],[61,40],[16,-7],[-13,-16],[16,-39],[37,31],[15,-16],[38,-97],[90,3],[-4,34],[34,51],[-43,41],[35,44],[-84,27],[-5,22],[69,11],[55,-16],[35,-73],[92,-55],[61,28],[9,63],[21,-23],[73,2],[72,-53],[-71,143],[13,34],[38,18],[-40,34],[14,91],[42,-23],[10,-62],[62,18],[27,-56],[-49,-12],[-22,-52],[-44,-9],[69,-57],[13,22],[39,-5],[5,14],[57,-39],[21,-50],[45,47],[41,-19],[-28,-55],[7,-51],[200,68],[24,-36],[158,-3],[20,30],[-20,57],[-93,26],[-20,32],[-77,-5],[-23,23],[24,73],[-30,23],[-61,-3],[-5,35],[41,5],[46,40],[56,-55],[134,46],[31,-37],[65,36],[32,-21],[5,-39],[34,-1],[34,-78],[37,67],[-21,53],[38,115],[-22,83],[103,-19],[52,30],[30,-71],[73,-49],[-3,-16],[-61,-74],[-49,13],[-38,-80],[29,-82],[-32,-55],[40,-33],[-16,-33],[-110,-76],[-22,-45],[-32,-2],[88,-139],[-8,-19],[-44,-47],[-44,0],[-22,-48],[-107,-7],[6,-30],[42,-27],[-3,-48],[122,-38],[150,23],[37,32],[56,-36],[-25,42],[15,24],[147,61],[30,-17],[-3,-67],[31,-30],[-4,-61],[15,-5],[39,49],[25,4],[26,-6],[6,-32],[71,41],[32,-30],[31,0],[16,22],[-32,21],[-12,41],[37,-36],[2,27],[25,11],[186,-10],[22,-18],[-7,-36],[34,-53],[160,-125],[28,94],[46,-1],[34,163],[56,-14],[84,-78],[-54,-21],[56,-9],[49,30],[-25,18],[0,72],[-22,34],[47,57],[-41,55],[13,28],[42,5],[53,53],[115,194],[-32,41],[23,32],[-50,70],[46,43],[13,106],[49,35],[-21,56],[139,-7],[-7,-80],[38,-112],[31,8],[-45,118],[8,56],[63,35],[23,-24],[50,4],[60,-89],[-4,-25],[82,-15],[18,-41],[56,1],[-23,40],[112,-1],[30,-89],[-117,6],[-22,-17],[216,-57],[-2,-24],[95,-45],[10,35],[30,-7],[-1,75],[49,20],[-96,40],[-37,68],[21,14],[45,-17],[22,70],[109,-33],[-22,31],[42,45],[-83,49],[0,34],[154,6],[65,36],[40,-18],[40,-28],[-23,-60],[89,-11],[16,31],[34,-54],[-15,-60],[-19,12],[-66,-41],[-4,-52],[42,-21],[-4,-67],[58,87],[31,-9],[-9,-35],[34,-31],[-63,-35],[-21,-35],[-58,-20],[59,-59],[-24,-1],[4,-14],[66,-15],[137,88],[13,-56],[51,3],[27,-35],[-5,-50],[88,-23],[30,8],[11,50],[60,-16],[21,-37],[191,-112],[149,36],[63,-48],[131,-29],[18,-26],[29,41],[-17,38],[34,-14],[-15,-86],[27,-17],[-13,-29],[22,-128],[30,-43],[-59,-148],[24,-33],[95,-42],[-6,-48],[105,-83],[16,-33],[33,51],[138,26],[72,-23],[48,-45],[167,-42],[85,-63],[28,-52],[53,7],[22,40],[101,-47],[52,34],[-39,15],[123,76],[-63,-77],[36,-25],[75,-2],[-14,-47],[17,-15],[-75,3],[23,-72],[-15,-41],[-70,-52],[59,16],[52,-11],[42,-47],[-2,60],[-52,30],[36,29],[51,-30],[-7,59],[65,-49],[20,83],[22,-75],[-30,-69],[6,-142],[-54,-42],[5,-82],[19,-14],[2,40],[46,-3],[19,-36],[51,47],[-31,14],[18,17],[57,-21],[25,-42],[42,0],[-17,-20],[23,-32],[-16,-165],[58,-3],[76,42],[60,-20],[17,-40],[39,-24],[180,-16],[20,33],[-33,42],[-8,72],[31,84],[-38,100],[69,83],[45,4],[60,-61],[-13,-40],[15,-9],[104,22],[37,-31],[119,11],[40,-102],[167,43],[51,41],[182,55],[80,48],[28,-2],[113,-93],[-15,-105],[13,-16],[252,5],[19,-135],[-29,-42],[135,0],[16,-181],[-204,-43],[-18,50],[-28,-12],[-79,18],[12,-165],[78,-52],[-11,-49],[-37,-42],[26,-23],[-21,-99],[8,-40],[20,-6],[-26,-25],[-20,13],[-49,-171],[42,-54],[106,5],[29,27],[22,-25],[14,-311],[-51,-93],[-2,-124],[-86,-49],[34,-212],[-48,-45],[-11,-68],[-119,20],[-33,48],[-32,7],[-50,-91],[23,-42],[141,-104],[26,-63],[67,7],[56,-29],[25,21],[25,-28],[21,25],[22,-7],[-40,-132],[-59,-48],[8,-38],[39,-50],[167,-12],[16,-16],[-10,-116],[33,-30]],[[20628,34570],[-45,0]],[[20583,34570],[-55,20]],[[20484,34580],[-118,82],[37,8],[31,35],[30,-14],[-22,19],[-21,-2],[-33,116],[30,65],[-36,-40],[-10,34],[-51,49],[10,18],[-35,98],[-31,50],[-10,-26],[-21,10],[-38,118],[-43,59],[-3,46],[-81,1],[-13,29],[-105,67],[-19,-18],[-37,21],[-46,-4],[-31,70],[17,49],[-23,5],[-41,71],[8,91],[-29,94],[-55,41],[-6,29],[-45,4],[0,30],[25,1],[23,31],[-39,37],[3,21],[17,0],[-19,134],[-81,301],[31,-3],[-18,26],[37,11],[-2,16],[-23,-20],[18,68],[-15,-52],[-50,-46],[-70,287],[14,37],[78,13],[-69,-3],[-1,26],[-24,-56],[-19,74],[-43,67],[6,67],[-38,18],[19,39],[-4,60],[30,-28],[49,13],[3,15],[-19,-17],[-49,4],[-7,26],[-28,-26],[-59,18],[12,101],[15,-13],[-5,-39],[56,73],[46,-21],[16,58],[-37,-17],[-34,12],[-24,-30],[-54,8],[6,47],[-34,54],[-3,64],[29,-4],[-54,25],[-94,261],[-33,-1],[4,67],[-27,32],[34,44],[-4,23],[14,-18],[48,37],[44,-122],[65,-53],[-56,-45],[66,34],[87,-13],[0,17],[-120,46],[-14,51],[70,2],[-19,19],[-33,-16],[-31,11],[6,27],[-25,23],[104,-25],[34,18],[43,-8],[-48,19],[-24,-21],[-69,13],[-5,41],[27,9],[-73,-8],[8,38],[-77,22],[-27,73],[13,25],[38,4],[61,-51],[21,5],[-13,27],[-31,8],[19,27],[19,-3],[3,52],[-79,-20],[43,31],[-8,39],[-38,13],[-22,-21],[-8,24],[43,43],[-14,124],[38,0],[-80,42],[3,30],[-51,96],[8,196],[38,58],[0,42],[58,40],[-25,16],[-23,-40],[-34,-13],[-59,38],[-5,85],[-23,18],[20,22],[-20,35],[27,0],[-1,15],[-34,72],[41,35],[62,-3],[-73,34],[-62,-22],[36,93],[-19,128],[38,28],[9,113],[-54,24],[-33,-22],[-6,52],[50,3],[3,43],[-28,44],[-70,-15],[-11,30],[6,79],[37,-1],[44,-52],[-9,-33],[27,-29],[27,15],[-13,-15],[11,-43],[15,61],[-48,36],[14,31],[110,-26],[11,3],[-11,15],[23,1],[-19,6],[-45,-9],[-29,28],[-27,-3],[9,14],[-43,-27],[35,53],[1,81],[38,-2],[-1,14],[-56,4],[1,130],[-65,-1],[25,29],[-74,264],[-80,36],[12,15],[39,-22],[8,54],[-15,60],[-30,3],[-12,25],[-1,49],[-31,6],[20,13],[-27,18],[8,42],[-44,36],[-27,-28],[-8,76],[-49,37],[24,34],[34,-31],[21,22],[43,-6],[21,-82],[61,100],[-5,44],[-50,1],[-39,39],[30,19],[-46,44],[20,42],[-23,25],[10,31],[-28,2],[-6,49],[-114,12],[-36,69],[44,6],[31,30],[-1,62],[70,32],[-73,11],[-7,53],[36,50],[-46,123],[10,20],[-82,94],[-29,-3],[-4,34],[-42,27],[-18,42],[12,48],[44,21],[14,-27],[27,6],[-4,27],[24,27],[-93,75],[-62,136],[32,29],[-64,107],[-16,84],[80,52],[-2,33],[-86,283],[-61,82],[-27,-11],[24,61],[-28,57],[24,12],[79,-32],[37,9],[34,-44],[-5,22],[-28,26],[-41,-9],[-65,32],[19,7],[-42,-4],[-72,174],[18,31],[-47,-24],[-50,62],[19,25],[-11,61],[54,-9],[-17,3],[14,20],[24,-20],[75,51],[-82,-45],[-11,19],[-97,-6],[-44,46],[-1,87],[40,43],[-7,24],[-32,27],[-44,-1],[14,11],[-18,49],[-55,57],[80,9],[64,75],[18,-6],[-18,11],[-41,-48],[-30,28],[70,54],[-57,-11],[-35,-71],[-40,80],[-38,-13],[-18,22],[48,80],[-15,-5],[-33,99],[-41,31],[-30,92],[41,19],[16,76],[16,5],[-43,133],[32,10],[-72,39],[-47,55],[-41,14],[-33,-24],[-18,13],[39,55],[5,47],[-27,134],[46,15],[27,-30],[35,10],[36,-67],[0,-62],[28,-18],[64,25],[52,-25],[19,14],[192,-91],[5,-57],[-49,-32],[-7,-46],[59,-57],[-10,-27],[16,18],[15,-20],[-17,-32],[25,23],[33,-42],[-16,40],[30,1],[-1,22],[-119,88],[8,22],[52,13],[17,121],[-70,76],[24,74],[-19,32],[-38,6],[-37,66],[20,26],[107,-21],[35,-40],[-32,40],[19,11],[21,86],[-10,-13],[-7,20],[15,6],[-14,9],[-20,-57],[-39,-37],[-67,12],[-38,-25],[0,-33],[54,-87],[-100,-23],[-27,23],[6,29],[-37,23],[-44,2],[-28,-42],[-42,102],[-42,-1],[-10,40],[-46,23],[21,14],[-37,64],[-36,30],[-28,-4],[1,31],[-53,-16],[-22,31],[-11,46],[21,22],[35,1],[0,53],[-73,62],[9,74],[-29,114],[-25,22],[3,60],[22,14],[13,101],[24,3],[0,78],[-24,61],[47,-40],[43,25],[-1,24],[-74,147],[5,24],[-16,1],[-76,154],[-5,47],[49,-12],[5,-22],[12,12],[-54,33],[-19,-15],[-44,8],[-57,221],[34,94],[-7,85],[22,50],[-18,135],[22,51],[66,-3],[1,-21],[50,22],[19,-36],[39,-9],[91,137],[111,-146],[46,76],[-8,158],[30,59],[-157,-76],[-75,18],[-17,67],[-51,67],[-1,63],[31,10],[2,22],[40,5],[53,-62],[2,53],[57,-3],[14,57],[-82,87],[35,63],[-4,-37],[27,43],[3,40],[88,-44],[23,29],[40,-7],[62,36],[17,35],[53,25],[3,23],[-110,9],[3,107],[-40,114],[-39,14],[-72,-16],[-29,-119],[-138,-108],[-43,-1],[9,-31],[-16,16],[1,-20],[-9,28],[-63,8],[-3,37],[-86,-24],[-20,-42],[16,-40],[-36,-16],[15,-12],[-19,-7],[-22,-168],[-14,13],[-9,-15],[7,-24],[18,10],[-20,-19],[-24,5],[-95,-117],[-14,68],[16,25],[18,-14],[13,27],[33,5],[-25,20],[18,64],[-57,52],[-56,-62],[-5,46],[52,106],[31,14],[-12,27],[14,147],[22,-36],[23,3],[34,35],[9,45],[-12,41],[-40,-47],[-31,18],[29,49],[-10,87],[20,2],[2,61],[-20,108],[-67,75],[28,49],[69,46],[1,63],[-95,-121],[-24,19],[18,-42],[-29,-18],[-6,-41],[-27,-1],[11,80],[-33,62],[54,22],[8,104],[55,60],[-1,26],[41,37],[22,57],[42,19],[-16,38],[16,26],[-19,-25],[8,-37],[-60,-22],[-3,-35],[-54,-59],[-25,8],[21,-17],[-45,-58],[6,-30],[-42,-10],[14,36],[-26,11],[9,37],[-21,37],[32,159],[-24,50],[21,6],[2,85],[33,30],[22,81],[-154,172],[31,67],[-80,268],[133,110],[-6,67],[19,17],[9,49],[-40,3],[32,-4],[-2,-36],[-40,-45],[-29,-1],[-86,44],[-20,42],[-44,20],[0,28],[-24,-1],[-6,25],[23,-5],[-7,87],[-31,113],[94,8],[-29,13],[-8,91],[-56,76],[-25,145],[14,95],[-60,86],[55,-12],[40,112],[-20,-10],[-27,-78],[-50,13],[-30,94],[16,165],[23,8],[-27,3],[-5,-44],[-28,74],[-75,28],[-33,72],[16,12],[-12,61],[68,-25],[42,51],[6,90],[-27,63],[5,56],[-47,52],[68,44],[28,54],[78,43],[33,-3],[40,-40],[14,-60],[58,0],[15,-14],[3,-45],[2,45],[-6,14],[-59,6],[-18,65],[-63,43],[20,112],[-52,265],[15,36],[57,15],[42,121],[-2,84]],[[17838,51881],[22,-124],[36,-14],[3,-20],[-3,-53],[-47,-103]],[[17849,51567],[45,-67]],[[17964,51517],[13,45]],[[17977,51573],[4,18],[7,12],[26,-20]],[[18014,51583],[-3,-17]],[[18117,51340],[52,-15]],[[18165,51436],[113,-9]],[[18278,51427],[37,-3],[26,-25]],[[18341,51399],[19,-10]],[[18365,51383],[43,-20]],[[18408,51363],[17,1]],[[18425,51364],[33,27]],[[18487,51363],[70,-18],[26,-29]],[[18602,51287],[32,-23]],[[18641,51267],[49,36],[-3,60],[59,49]],[[18746,51412],[14,61]],[[18760,51473],[-5,60]],[[19664,35819],[4,-27],[-15,8],[11,19]],[[17581,47070],[26,-18],[1,-25],[-4,19],[-16,-6],[-17,-60],[10,90]],[[17721,47101],[11,-25],[-30,-53],[-36,44],[55,34]],[[16946,49014],[20,-11],[-13,-32],[-25,37],[18,6]],[[98793,72110],[-32,-168],[-92,-38],[-67,-73],[-34,-195],[-87,-184],[2,-85],[-52,-197],[88,-96],[82,-2],[63,-62],[147,-63],[60,7],[38,-38],[120,-51],[18,-282],[-31,-148],[-146,-181],[3,-57],[56,-81],[-65,-57],[-47,-126],[-120,-82],[-2,-42],[-68,-79],[-12,-106],[-37,-73],[32,-119],[-59,-81],[-25,-84],[-74,-43],[-24,15],[5,58],[-16,5],[-31,-36],[12,-38],[-52,24],[-43,-7],[-17,-35],[24,-56],[-8,-69],[-72,-164],[-108,-139],[-64,-54],[-74,-26],[-134,-317],[-97,-22],[30,-70],[-42,-29],[32,-69],[-19,-89],[-17,-30],[-121,-33],[-5,-19],[77,-58],[-10,-20],[-118,-145],[-95,-11],[6,-180],[-55,-148],[-67,-54],[-43,-232],[-78,-46],[-18,-96],[7,-206],[-47,-104],[-53,17],[46,-87],[-189,-306],[5,-105],[-94,-10],[-35,-318],[-82,12],[-16,-37],[-46,-13],[-30,37],[-2,55],[-67,104],[-148,15],[-50,79],[-95,61],[-180,0],[-58,63],[-174,27],[-112,-40],[-40,-34],[-188,-32],[-29,13],[-54,133],[-75,57],[-62,105],[-38,-4],[-25,-36],[-233,46],[-55,-25],[-39,34],[-118,3],[-16,-14],[17,-75],[-65,-83],[-87,2],[-42,71],[-20,4],[-32,-94],[-91,-17],[-58,-53],[-172,103],[-7,98],[-51,91],[-35,19],[-41,131],[-65,67],[-183,53],[-36,62],[-37,15],[26,-58],[-74,-30],[30,-87],[-17,-54]],[[93778,66689],[-184,-7],[-53,-68],[-69,-39],[-11,38],[53,102],[-11,49],[-58,48],[-91,-5],[-26,-131],[-85,24],[-90,-5],[0,77],[-82,51],[-48,-35],[-21,-58],[-106,-73],[5,111],[-47,39],[-38,73],[-96,-47],[-98,49],[-50,4],[-66,47],[-74,-7],[-11,35],[59,30],[7,71],[53,40],[-8,52],[28,31],[-29,59],[51,10],[21,39],[-11,72],[27,15],[-32,14],[-42,68],[27,68],[-22,34],[101,146],[30,97],[-81,13],[2,106],[-18,22],[27,40],[-89,50]],[[94287,71530],[-5,-92],[15,-24],[127,-14],[-21,-121],[58,18],[77,-13],[50,20],[31,-15],[44,-74],[58,-29],[10,-62],[56,-7],[132,246],[24,12],[60,151],[26,13],[-3,66],[56,10],[21,117],[70,-14],[24,14],[19,54],[62,34],[26,82],[128,73],[104,158],[18,74],[-36,55],[-58,29],[-57,-34],[-28,8],[18,156],[183,16],[20,44],[31,2],[12,26],[96,-22],[111,42],[192,-19],[81,-26],[57,56],[111,0],[-10,76],[26,20],[40,-10],[35,-46],[72,-19],[57,-68],[62,3],[38,-70],[-15,-34],[174,-35],[79,122],[29,-32],[101,21],[-16,-84],[90,-118],[54,-16],[85,12],[20,17],[63,-2],[46,34],[60,-66],[40,-1],[58,54],[133,50],[89,58],[118,24],[23,72],[-15,56],[29,65],[66,20],[98,91],[64,-7],[8,-21],[31,22],[14,-11],[70,101],[24,-3],[3,29],[30,4],[46,44],[79,135],[84,-24],[-73,-180],[72,-3],[-43,-36],[-105,-188],[22,-29],[-4,-39],[16,-1],[-27,-212],[281,-182],[123,-39],[62,16]],[[90379,70461],[-70,12],[-22,25],[-96,11],[-22,26],[-83,4],[35,60],[-33,41],[-66,13],[-57,-36],[-303,95],[-20,37],[-59,38],[12,15],[62,-3],[-108,34],[-59,-25],[-13,25],[-59,12],[-2,20],[-105,34],[22,52],[-50,30],[-87,48],[-154,41],[-137,-30],[-62,31],[-93,-56],[-35,0],[-24,25],[-190,19],[-204,-35],[-122,17],[-197,-54],[-108,44],[-33,-110],[-137,29],[2,-29],[-45,-47],[-63,-3],[-128,-60],[-61,22],[-9,64],[-75,3],[-9,55],[24,31],[34,8],[-5,22],[-139,-12],[-4,-47],[-45,-7],[-31,-36],[-172,-16],[-37,-38],[-107,-6],[-14,4],[4,59],[-95,-4],[-59,26],[-38,55],[-12,-19],[-50,-4],[-104,11],[-27,33],[-30,-21],[-66,8],[-60,39],[-117,13],[10,19],[-89,53],[-82,-38],[-179,20],[-267,-25],[-185,16],[-569,-142],[-165,14],[-119,-33],[-126,39],[-20,-13],[-22,11],[7,25],[-38,25],[-43,0],[-12,22],[-59,-27],[-19,-41],[-90,-6],[22,-23],[-26,-17],[-73,47],[-30,-24],[-14,10],[-14,-29],[-62,42],[19,21],[-74,-20],[-6,119],[-23,-46],[-63,-14],[2,-33],[-85,-4],[-36,24],[-125,-30],[-246,17],[-4,-20],[-28,6],[-53,-39],[-128,-35],[-27,-30],[-142,60],[-130,16],[-142,113],[-87,-15],[-286,66],[-48,-13],[-200,80],[-222,11],[-129,69],[-78,70],[-95,15],[-97,60],[-34,-13],[-49,13],[-23,61],[-32,18],[-67,-28],[-18,32],[-44,-13],[-95,31],[-111,-83],[-176,33],[49,56],[-45,36],[6,56],[-54,83],[-3,115],[68,205],[63,92],[-6,52]],[[80794,72173],[33,-12],[18,13]],[[80845,72174],[41,48]],[[80864,72318],[-13,30],[19,27]],[[80870,72375],[-15,34]],[[80866,72426],[-16,10]],[[80878,72454],[32,35],[119,18]],[[81317,72598],[25,-8],[14,16]],[[81351,72743],[-19,-8]],[[81261,72796],[-125,82],[-19,74]],[[81117,72952],[-35,46]],[[81030,73047],[-22,17]],[[80958,73206],[63,-18]],[[81157,73358],[-2,106]],[[81155,73464],[-24,20]],[[81132,73500],[-5,16],[23,2]],[[81150,73518],[65,5]],[[81340,73585],[-15,7]],[[81377,73614],[39,61]],[[81416,73675],[-12,22]],[[81388,73699],[-36,26],[39,39]],[[81391,73764],[47,22]],[[81438,73786],[53,-14],[38,30]],[[81529,73802],[25,45]],[[81570,73867],[34,15]],[[81625,73876],[10,26]],[[81635,73902],[42,16]],[[81692,73960],[17,10]],[[93778,66689],[18,-34],[-34,-19],[34,-35],[-20,-26],[13,-44],[-22,-98],[64,-35],[16,-64],[56,-80],[103,-40],[-6,-344],[8,-65],[44,-63],[-21,-178],[46,-112],[-3,-79],[73,-61],[31,-53],[-61,-112],[24,-249],[-40,-75],[13,-135],[-74,-100],[-7,-159],[-32,-131],[4,-85],[59,-89],[-66,-54],[9,-38],[-84,-6],[-39,-32],[50,-84],[7,-164],[-23,-60],[13,-71],[60,-122],[-77,-286],[19,-25],[43,16],[12,-36],[-107,-84],[-11,-82],[-41,-59],[26,-9],[-3,-20],[-16,-30],[-29,0],[-47,-113],[-130,-115],[-71,0],[-40,25],[-55,-22],[-71,59],[-52,90],[-96,58],[-99,-43],[-46,35],[-51,10],[-34,-51],[11,-133],[-25,-47],[50,-27],[21,-70],[-21,-43],[34,-56],[7,-75],[55,-44],[-20,-21],[-90,-2],[-21,-146],[-43,-48],[-3,-98],[-36,-35],[19,-46],[-63,-23],[50,-255],[-51,-115],[-27,-20],[46,-50],[-2,-85],[56,-88],[-14,-47],[80,-63],[30,-92],[5,-50],[-36,-17],[-68,-87],[-23,-105],[72,-22],[10,-24],[-18,-39],[33,-57],[-12,-78],[28,-44],[55,-43],[70,-3],[57,-93],[-7,-53],[20,-18],[-10,-50],[22,-61],[-18,-36],[26,-129],[26,-30],[-38,-19],[45,-245],[-67,-44],[-162,-12],[45,-141],[40,-38],[-26,-68],[-31,-16],[-89,3],[-50,86],[-75,-8],[-75,42],[-113,-48],[31,-124],[-30,-104],[73,-97],[-4,-44],[-50,-11],[-109,25],[-36,-13],[5,-66],[-54,-134],[38,-151],[-4,-105],[-38,-23],[-41,19],[-80,170],[-40,11],[-51,-44],[-39,-4],[28,-34],[-43,-49],[-44,-119],[1,-60],[-19,-12],[-63,253],[-72,70],[-26,136],[-86,-8],[-31,50],[-40,13],[-32,61],[-162,60],[-13,46],[-121,62],[-19,41],[-55,11],[-54,5],[-15,-21],[-22,-274],[-15,115],[-21,-7],[23,-248],[-21,-89],[-13,-14],[-81,2],[-79,-101],[-97,-26],[-9,-19],[7,90],[-46,144],[22,77],[-129,276],[64,40],[84,-70],[14,199],[-34,36],[-26,288],[-43,124],[5,122],[-82,274],[-53,386],[5,109],[-21,21],[-20,109],[-38,32],[8,48],[25,15],[-32,298],[-53,199],[-50,108],[27,4],[-31,17],[9,11],[-78,24],[28,14],[-40,33],[19,40],[-33,44],[1,54],[-75,88],[26,45],[-27,35],[26,6],[-20,40],[20,9],[-41,37],[18,24],[-29,22],[-11,62],[-55,-26],[-52,100],[10,28],[-59,-16],[-34,60],[-58,-5],[-21,18],[19,181],[19,20],[-14,88],[13,108],[31,78],[-36,113],[-68,71],[29,85],[-33,37],[26,86],[-23,68],[15,25],[-27,31],[-4,176],[177,18],[0,15],[-47,82],[16,7],[-42,75],[-5,76],[-24,47],[-22,-9],[-10,18],[40,105],[-11,47],[-23,33],[-38,-6],[19,37],[-35,9],[7,107],[-34,22],[-9,75],[-35,-12],[-19,70],[12,26],[-25,20],[22,13],[-56,35],[35,19],[-34,44],[15,7],[-16,126],[-38,36],[19,80],[-45,141],[-15,-12],[-31,30],[-1,76],[25,37],[-69,19],[17,25],[-23,28],[57,122],[0,66],[-100,139]],[[89792,65437],[-8,39]],[[89784,65476],[3,89]],[[89787,65565],[-18,166]],[[89769,65731],[-6,8],[-5,31],[38,10]],[[89796,65780],[42,-10]],[[89838,65770],[23,7]],[[89861,65777],[-13,25]],[[89848,65802],[1,3]],[[89849,65805],[-6,26]],[[89843,65831],[-19,22]],[[89824,65853],[-11,27]],[[89813,65880],[51,90]],[[89864,65970],[23,17]],[[89887,65987],[5,-5]],[[89892,65982],[-1,-18],[21,4]],[[89912,65968],[25,-10]],[[89937,65958],[46,5]],[[89983,65963],[-5,7]],[[89978,65970],[14,11]],[[89992,65981],[-6,32]],[[89986,66013],[-12,4]],[[89974,66017],[-2,10]],[[89972,66027],[10,8]],[[89982,66035],[-4,16]],[[89978,66051],[12,13]],[[89990,66064],[8,51]],[[89998,66115],[23,4]],[[90021,66119],[3,61]],[[90024,66180],[-35,18]],[[89989,66198],[-29,33]],[[89960,66231],[-3,88]],[[89957,66319],[3,13]],[[89960,66332],[-3,36]],[[89957,66368],[26,20]],[[89983,66388],[35,55],[-6,56],[-38,52]],[[89974,66551],[6,6]],[[89980,66557],[11,-2]],[[89991,66555],[-19,36]],[[89972,66591],[10,13]],[[89982,66604],[-20,13],[12,11]],[[89974,66628],[-7,43]],[[89967,66671],[19,9]],[[89986,66680],[5,29]],[[89991,66709],[-19,31]],[[89972,66740],[40,30],[-17,12],[23,18],[3,73]],[[90021,66873],[9,16]],[[90030,66889],[-11,19]],[[90019,66908],[9,11]],[[90028,66919],[-13,44]],[[90015,66963],[0,41]],[[90015,67004],[4,18]],[[90019,67022],[11,16]],[[90030,67038],[11,-2]],[[90041,67036],[4,3]],[[90045,67039],[-7,25]],[[90038,67064],[-9,50]],[[90029,67114],[-8,42]],[[90021,67156],[-10,44]],[[90011,67200],[9,20]],[[90020,67220],[-50,85]],[[89970,67305],[-24,6]],[[89946,67311],[15,31],[-47,6]],[[89914,67348],[-13,11]],[[89901,67359],[7,17]],[[89908,67376],[-12,8]],[[89896,67384],[2,17]],[[89898,67401],[-7,10]],[[89891,67411],[1,28]],[[89892,67439],[5,14]],[[89962,67457],[404,2]],[[90411,67154],[3,-44]],[[90422,67066],[17,6]],[[90518,67009],[14,-5]],[[90532,67004],[24,26]],[[90594,67076],[-3,13]],[[90591,67089],[8,8]],[[90611,67108],[54,0]],[[90674,67128],[17,-17]],[[90703,67110],[-15,25]],[[90688,67135],[18,17]],[[100863,76839],[-104,-134],[-103,-32],[-102,-92],[-1,-149],[-38,-69],[-65,-2],[-45,-55],[22,-71],[-200,-263],[-2,-43],[76,6],[72,-84],[-5,-111],[63,-13],[52,-39],[-28,-128],[20,-46],[-23,-26],[14,-167],[-39,-68],[33,-72],[-31,-68],[79,-94],[-66,-68],[4,-54],[-29,-53],[37,-123],[-28,-105],[23,-34],[43,6],[50,-29],[72,7],[55,-63],[-75,-104],[-11,-85],[-168,-168],[-41,-76],[-103,-66],[-80,-15],[-47,-47],[-30,1],[-2,-31],[-54,-66],[2,-87],[-26,-59],[67,-99],[16,-101],[53,-58],[-23,-86],[26,-78],[-70,-82],[-91,-11],[-76,-113],[-192,-155],[-67,-223],[-114,-70],[-5,-21],[65,-79],[-207,-25],[-58,-53],[-80,-198],[-105,-20],[-43,-35],[-60,42],[-38,-50],[-190,-42],[-49,-33]],[[69115,59603],[-38,-143],[10,-134],[137,2],[143,38],[37,-31],[-12,-76],[40,-9],[-6,-37],[64,-5],[32,-68],[36,-13],[23,25],[227,-46],[181,-12],[141,-145],[84,-17],[31,-48],[-14,-65],[45,-88],[-107,-187],[-28,-128],[25,-46],[57,-38],[38,-78],[177,-22]],[[70438,58232],[63,2],[6,84]],[[70507,58318],[0,16]],[[70507,58334],[-25,24]],[[70482,58358],[-4,10]],[[70478,58368],[10,16]],[[70488,58384],[51,72]],[[70539,58456],[21,1]],[[70560,58457],[14,16]],[[70574,58473],[84,-16],[56,38]],[[70714,58495],[25,10]],[[70739,58505],[5,72]],[[70744,58577],[29,93]],[[70773,58670],[28,-27]],[[70801,58643],[75,-49],[29,11]],[[70905,58605],[68,-12]],[[70973,58593],[12,3]],[[70985,58596],[39,1]],[[71024,58597],[-10,-54]],[[71014,58543],[12,-26]],[[71026,58517],[63,-61]],[[71089,58456],[-48,-42],[-17,-44],[53,-112]],[[71077,58258],[-16,-39]],[[71061,58219],[39,-48]],[[71100,58171],[24,-41]],[[71124,58130],[23,-52]],[[71147,58078],[-20,-23]],[[71127,58055],[42,-8],[-2,-23]],[[71167,58024],[1,-8]],[[71168,58016],[27,-17]],[[71195,57999],[53,18]],[[71248,58017],[6,-33]],[[71254,57984],[35,-6]],[[71289,57978],[12,-19],[33,6]],[[71334,57965],[-4,-7]],[[71330,57958],[22,-10]],[[71352,57948],[13,-1]],[[71365,57947],[24,6]],[[71389,57953],[15,-31]],[[71404,57922],[14,18]],[[71418,57940],[43,7],[11,-25]],[[71472,57922],[48,-18],[10,-25]],[[71530,57879],[-2,-31],[50,42]],[[71578,57890],[33,-8]],[[71611,57882],[11,-25],[110,12]],[[71732,57869],[54,-5]],[[71786,57864],[17,-13]],[[71803,57851],[-2,-72]],[[71801,57779],[29,-26]],[[71830,57753],[-25,-11]],[[71805,57742],[-5,-14],[83,-10]],[[71883,57718],[2,-11]],[[71885,57707],[-12,-25]],[[71873,57682],[31,-38],[-6,-34]],[[71898,57610],[-6,-10]],[[71892,57600],[2,-71]],[[71894,57529],[-12,-72],[-17,-6]],[[71865,57451],[2,-49]],[[71867,57402],[37,-5],[42,-66],[-2,-47]],[[71944,57284],[2,-20]],[[71946,57264],[-77,-14],[-175,-151],[-5,15],[-33,-51],[-67,39],[-16,-51],[35,-13],[-43,-17],[-59,30],[-224,9],[-385,-28],[-6,-19],[-259,-118],[7,18],[-24,-11],[-6,26],[-62,-14],[29,-17],[-3,-20],[-91,-94],[-60,-49],[-49,22],[-60,-6],[6,-24],[10,25],[48,-8],[4,-46],[-32,5],[-271,-200],[-332,-364],[-32,-85],[-144,-231],[15,-30],[-23,9],[-16,-70],[25,32],[-21,-46],[-37,-12],[-1,-43],[-8,22],[-17,-19],[-15,-61],[36,-4],[-18,-149],[76,-218],[204,-324],[43,-161],[184,-356],[41,-155],[-48,-149],[-284,49],[-200,-99],[-56,-90],[22,-16],[-9,-79],[-81,-102],[-26,-95],[-71,-95],[-13,-83],[-35,-51],[49,34],[18,89],[125,-7],[33,-27],[17,12],[9,27],[-33,66],[-35,21],[-30,-13],[21,37],[98,-12],[40,-72],[22,-10],[81,53],[133,128],[117,50],[135,-8],[132,-33],[-68,-8],[47,-11],[169,55],[-589,-399],[-1,45],[-7,-51],[-108,-70],[-9,11],[-4,-22],[-254,-184],[-44,-114],[-50,-2],[-22,-31],[-37,-112],[-36,41],[18,-26],[-34,-260],[73,2],[10,-21],[-44,-23],[62,20],[0,-41],[35,37],[51,-25],[7,-37],[-33,-16],[-32,-47],[34,37],[48,6],[-31,-82],[36,62],[8,-49],[-33,-51],[-14,-13],[-12,18],[-12,-56],[-125,-91],[-95,-33],[-11,-31],[32,1],[3,-19],[-138,-68],[-4,-26],[-24,24],[11,35],[-27,-13],[7,27],[-18,-34],[50,-59],[-162,-49],[-201,-106],[-107,-31],[-33,-49],[-14,18],[-18,-7],[-99,-88],[-60,17],[15,33],[-21,-26],[2,-39],[-37,-7],[-19,-23],[-12,13],[6,-18],[-16,-22],[8,-21],[-20,-23],[-31,58],[22,-62],[27,12],[8,16],[-3,32],[39,32],[23,-47],[-25,-51],[-37,-12],[6,-14],[30,15],[-22,-26],[7,-35],[-67,-43],[34,-66],[-28,66],[66,42],[-2,30],[24,28],[7,-74],[12,69],[-13,14],[56,83],[133,113],[72,26],[-143,-121],[-100,-176],[-47,-32],[10,-19],[-25,0],[-5,-38],[-146,-152],[-31,-29],[-25,17],[-37,-9],[45,2],[13,-25],[-32,-5],[-14,-69],[-12,23],[-17,-64],[21,-29],[-6,-47],[-83,-88],[-42,6],[12,43],[24,9],[-19,13],[-31,-60],[-71,2],[-19,26],[-2,-23],[-26,19],[-55,171],[-97,62],[-41,55],[-11,-14],[17,-13],[-18,-17],[-68,51],[-79,-37],[-9,-48],[-23,-14],[16,-14],[-26,-25],[106,-39],[112,29],[100,-154],[-18,-15],[-54,11],[54,-14],[25,15],[64,-44],[-87,-89],[93,78],[86,-45],[-5,-16],[-254,-70],[-182,-93],[-26,16],[5,25],[-10,-22],[4,-13],[-46,-36],[-25,28],[21,30],[-16,27],[10,-31],[-19,-24],[-13,8],[-11,-6],[-5,-24],[-15,-3],[14,-5],[20,31],[40,-41],[-495,-158],[-178,-32],[-47,14],[-42,-43],[39,38],[43,-27],[-505,-102],[-19,45],[11,-55],[-451,-137],[-27,10],[-13,-29],[-420,-148],[-15,-29],[-108,-36],[-914,-448],[-370,-223],[-545,-401],[-129,-113],[-81,-124],[-66,-42],[-5,-28],[-251,-142],[-111,-86],[5,-27],[-17,12],[-36,-24],[-135,-118],[-31,-9],[-17,28],[2,-27],[23,-12],[-331,-331],[-154,-233],[-53,-15],[-42,24],[-13,-16],[-29,24],[-34,-29],[-15,-46],[-27,-6],[27,62],[21,0],[-18,36],[46,-5],[-4,47],[22,14],[-22,31],[-82,-18],[-12,-38],[-61,-39],[60,-93]],[[61644,47577],[-80,50]],[[61566,47633],[-16,43]],[[61563,47690],[34,71],[-17,29]],[[61564,47787],[-61,-2]],[[61503,47785],[-30,28],[-31,-1]],[[61446,47729],[-18,-51]],[[61376,47672],[-21,17],[-46,-16]],[[61184,47652],[37,-87]],[[61262,47555],[29,-60]],[[61291,47495],[34,1]],[[61325,47496],[41,37]],[[61366,47533],[36,-13],[33,-64]],[[61435,47456],[-32,-47]],[[61378,47424],[-50,-2]],[[61312,47399],[-17,12]],[[61287,47422],[-40,-3],[-1,-19]],[[61246,47400],[7,-12],[-18,0]],[[61235,47388],[-33,-53]],[[61154,47258],[-36,23],[-16,62]],[[61102,47343],[16,104]],[[61118,47447],[-28,-6]],[[61080,47452],[-30,-15]],[[61050,47437],[-23,-46],[-22,-6]],[[60864,47352],[-45,-48]],[[60787,47289],[-43,-51]],[[60744,47238],[-8,-62]],[[60736,47176],[-15,-41]],[[60594,47198],[-57,43]],[[60529,47256],[-20,-1]],[[60548,47190],[1,-24]],[[60553,47146],[31,-28]],[[61783,47636],[16,-6],[-8,-18],[27,9],[-8,-19],[-27,-2],[0,36]],[[61685,47552],[70,3],[8,-31],[27,21],[4,51],[24,-4],[66,43],[-83,-153],[-116,70]],[[67794,50962],[14,-18],[-27,-2],[13,20]],[[67618,51059],[-2,-22],[-19,23],[12,12],[9,-13]],[[67671,51027],[-31,30],[8,47],[24,-29],[-1,-48]],[[67594,51185],[39,-59],[-15,-25],[-21,45],[-55,19],[52,20]],[[67411,51192],[7,-10],[-19,5],[12,5]],[[68010,51212],[-21,-26],[19,45],[2,-19]],[[67520,51254],[17,-22],[-32,15],[15,7]],[[67428,51287],[-11,-20],[22,9],[129,-80],[-105,-30],[-48,33],[-80,-24],[38,83],[55,29]],[[68290,51741],[24,-13],[-49,-41],[-20,33],[45,21]],[[69372,52503],[15,-5],[-13,-27],[-2,32]],[[69380,52527],[6,-22],[-17,9],[11,13]],[[69413,52685],[35,-20],[10,-34],[-41,-136],[8,63],[-21,8],[0,81],[25,9],[-16,29]],[[69364,52557],[7,160],[14,-138],[-21,-22]],[[69422,52959],[16,-59],[-22,-50],[6,109]],[[69395,53730],[-31,-65],[33,98],[-2,-33]],[[70180,53793],[-23,3],[50,51],[6,-30],[-33,-24]],[[70487,53983],[5,-20],[-73,7],[40,14],[5,26],[23,-27]],[[69666,54038],[286,-21],[166,18],[56,-108],[-20,-105],[-27,-24],[-79,21],[-165,-1],[-134,-75],[-126,-118],[23,55],[-31,20],[106,89],[-30,36],[4,64],[-11,-57],[31,-43],[-102,-81],[-3,-12],[30,-18],[-38,-83],[-43,-18],[-44,78],[-99,16],[-26,-16],[-4,-26],[10,-8],[29,14],[27,-19],[32,-59],[-10,-30],[-50,23],[-119,5],[103,142],[14,83],[50,56],[43,157],[90,61],[61,-16]],[[70089,54078],[13,-10],[-23,-5],[10,15]],[[69708,54103],[260,-54],[-240,-9],[-82,39],[62,24]],[[70210,54158],[-8,-22],[-32,48],[-12,87],[60,-36],[-8,-77]],[[70610,56921],[-1,-20],[-16,9],[17,11]],[[52622,38395],[-49,-27],[-151,38],[-12,-35],[56,-68]],[[52470,38303],[-3,45],[103,-16]],[[26854,20786],[42,-22]],[[26905,20740],[-37,-30]],[[26868,20710],[-34,-10],[-3,20]],[[26831,20720],[-11,-27]],[[26820,20693],[-40,-3]],[[26718,20642],[-60,-39]],[[26636,20618],[-7,18],[-32,-2]],[[26597,20634],[-39,-16]],[[26558,20618],[2,-46],[19,-12]],[[26514,20468],[13,-22]],[[26542,20427],[26,-14]],[[26568,20413],[-43,-65],[5,-31],[-36,27],[21,-19],[-6,-34],[-19,9],[0,30],[-18,8],[0,-24],[-56,23],[-31,-68],[3,-35],[69,-62],[34,-76],[50,-57],[-9,-15],[-47,21],[-144,202],[-75,69]],[[26266,20316],[-22,30],[9,47]],[[26240,20433],[-10,179],[58,35]],[[26302,20644],[26,-22]],[[26360,20641],[37,-19]],[[26397,20622],[44,-7]],[[26464,20666],[100,37],[-3,29]],[[26566,20749],[35,27]],[[26618,20781],[78,-24]],[[26773,20744],[20,43]],[[26793,20787],[23,-2]],[[43155,16293],[52,-13]],[[43207,16280],[11,-36],[46,21]],[[43264,16265],[25,37]],[[43289,16302],[23,7]],[[43312,16309],[27,-11]],[[43339,16298],[15,20],[42,-9]],[[43396,16309],[-2,-21],[37,-10]],[[43431,16278],[4,-1]],[[43435,16277],[56,-3]],[[43491,16274],[15,1],[-1,-224],[-25,-19],[20,-3],[0,-86],[-18,-21],[18,-23],[-3,-196],[-106,-39],[104,33],[-1,-47]],[[43494,15650],[-58,-8]],[[43436,15642],[-84,9]],[[43352,15651],[2,16]],[[43354,15667],[-2,40]],[[43352,15707],[-19,10]],[[43333,15717],[-8,-12],[-11,21]],[[43314,15726],[-37,23]],[[43277,15749],[-3,36]],[[43274,15785],[26,-16],[30,31]],[[43330,15800],[-66,35]],[[43264,15835],[81,10],[-32,26],[-67,9]],[[43246,15880],[-17,-9],[-17,18]],[[43212,15889],[-12,-10],[-20,-2],[11,20]],[[43191,15897],[24,14]],[[43215,15911],[-12,31]],[[43203,15942],[-45,7],[-3,-32]],[[43155,15917],[-32,-9],[9,23]],[[43132,15931],[-23,33]],[[43109,15964],[-19,-52],[0,68]],[[43090,15980],[-60,-8],[6,19]],[[43036,15991],[-10,18]],[[43026,16009],[-7,4]],[[43019,16013],[-16,-9]],[[43003,16004],[4,19]],[[43007,16023],[-45,14]],[[42962,16037],[-2,3]],[[42960,16040],[9,16]],[[42969,16056],[-23,7]],[[42946,16063],[12,9]],[[42958,16072],[51,46]],[[43009,16118],[-8,20],[-13,-8]],[[42988,16130],[-3,-16],[-39,4],[-2,48]],[[42944,16166],[-1,16],[44,5]],[[42987,16187],[42,-3]],[[43029,16184],[23,-43],[27,9]],[[43079,16150],[21,-1],[0,23]],[[43100,16172],[-21,25]],[[43079,16197],[5,29]],[[43084,16226],[9,14],[-16,-3]],[[43077,16237],[-5,12]],[[43072,16249],[-30,7],[6,16]],[[43048,16272],[-6,38]],[[43042,16310],[27,15],[21,-15]],[[43090,16310],[65,-17]],[[42952,20135],[41,-7]],[[42993,20128],[30,9]],[[43023,20137],[14,32]],[[43037,20169],[22,32],[56,-32],[10,-38]],[[43125,20131],[-27,-21]],[[43098,20110],[-68,-32]],[[43030,20078],[-33,25]],[[42997,20103],[-9,-6]],[[42988,20097],[-4,-47],[71,-31]],[[43055,20019],[12,-154],[14,0]],[[43081,19865],[26,30]],[[43107,19895],[1,53],[61,22]],[[43169,19970],[19,27]],[[43188,19997],[13,20]],[[43201,20017],[11,-3]],[[43212,20014],[44,-29],[11,16]],[[43267,20001],[7,56]],[[43274,20057],[21,25]],[[43295,20082],[25,-2]],[[43320,20080],[24,-79],[53,-9]],[[43397,19992],[46,1]],[[43443,19993],[-25,-129],[-25,37],[6,-33],[-13,5],[-14,-12],[-3,-18],[14,22],[39,-7],[-31,-91],[-85,7],[-38,-19],[56,13],[52,-30],[-56,1],[57,-20],[-46,-127],[-30,14],[24,-30],[-21,-92]],[[43304,19484],[-28,36],[4,48],[-45,39],[-55,1],[-25,-68],[-31,6],[-18,32],[32,68],[-22,39],[-23,-3],[-20,-96],[-40,-10],[10,56],[-88,1],[-11,-34],[-39,60],[9,75],[-137,-29],[5,45],[31,-11],[42,18],[11,98],[73,-8],[0,-16],[-40,-3],[-1,-74],[89,-13],[3,45],[33,18],[-78,83],[7,61],[-42,10],[12,-57],[-73,77],[18,38],[69,22],[-24,34],[14,43],[-104,10],[-21,-28],[-22,37],[-57,-15],[10,78]],[[42732,20197],[20,19]],[[42752,20216],[26,-5]],[[42778,20211],[15,36],[21,4]],[[42814,20251],[38,46],[46,-7],[-3,-82],[57,-73]],[[32222,92558],[-131,10]],[[32091,92568],[39,43]],[[32130,92611],[-5,16]],[[32125,92627],[-22,15]],[[32103,92642],[-57,-46]],[[32046,92596],[-20,9],[-23,3],[12,24]],[[32029,92636],[-33,42]],[[31996,92678],[-62,7]],[[31915,92677],[-22,-14]],[[31887,92658],[-12,-26]],[[31853,92606],[-41,-28]],[[31812,92578],[-39,4],[-64,-39]],[[31718,92533],[-9,-41],[40,-6],[32,-38]],[[31781,92448],[23,-26],[-3,-53]],[[31801,92363],[43,-22]],[[31836,92326],[6,-30],[25,5]],[[31888,92270],[24,5],[184,-82]],[[32096,92193],[43,43]],[[32156,92254],[35,3]],[[23612,89395],[-996,46],[-681,52],[-664,5],[-37,101],[51,195],[87,82],[148,198],[33,6],[-22,85],[20,200]],[[21551,90365],[-31,257],[-184,289],[-139,123],[7,57],[113,129],[91,16],[33,85],[-5,77],[102,-21],[23,87],[55,79],[156,96],[32,41],[23,6],[58,-60],[40,-7],[41,35],[26,60],[-62,38],[92,79],[-6,145],[28,10],[39,-38],[35,102],[43,-16],[79,18],[131,103],[172,232],[81,14],[53,32],[51,-5],[-73,146],[131,57],[-2,37],[-42,28],[82,83],[32,102],[99,26],[75,-33],[34,27],[-36,75],[12,50],[64,25],[46,45],[78,10],[18,76],[186,155],[54,17],[43,-12],[66,68],[88,33],[-23,74],[99,212],[50,-1],[106,-92],[83,13],[185,57],[83,130],[-17,84],[-29,12],[-18,40],[-68,-13],[-29,29],[-75,-52],[-23,5],[5,53],[-18,2],[-108,-14],[30,-94],[-29,-83],[-27,30],[-73,-42],[-52,5],[-21,12],[-11,127],[-63,3],[-12,28],[-70,34],[-12,166],[31,21],[18,86],[-12,85],[41,62],[-41,96],[71,102],[81,-1],[159,380],[115,102],[62,140],[-80,70],[22,33],[-65,2],[-52,51],[-58,-18],[-51,23],[24,16],[9,59],[90,25],[18,25],[-11,130],[-83,214],[-228,384],[3,86],[125,31],[-29,89],[41,59],[-21,26],[41,65],[-15,52],[90,57],[11,51],[47,31],[16,82],[83,-18],[57,59],[49,5],[2,43],[31,35],[93,19],[37,-14],[32,21],[22,127],[32,-1],[33,-60],[35,-18],[37,16],[7,41],[44,-23],[156,60],[29,-26],[40,83],[-6,80],[102,46],[-20,42],[72,25],[20,-11],[10,37],[-21,43],[39,23],[99,-2],[29,48],[71,12],[129,-41],[21,-15],[-8,-30],[50,-4],[103,-52],[67,40],[104,8],[68,67],[26,8],[19,-17],[-14,19],[32,7],[23,-13],[20,41],[70,48],[105,1],[75,-58],[27,43],[50,18],[38,127],[62,10],[40,-26],[19,-108],[42,10],[123,99],[42,113],[115,66],[11,130],[21,32],[39,13],[-71,40],[120,12],[63,64],[-23,66],[37,65],[-101,77],[-21,61],[9,70],[-54,57]],[[33891,81157],[73,-26],[33,-45],[-11,-122],[41,-68],[-59,-34],[4,-43],[18,-21],[105,-8],[23,-58],[21,-166],[-116,-160],[54,-57],[35,18],[56,-31],[-73,-86],[36,-94],[-28,-32],[9,-33],[64,-38],[113,-14],[35,-56],[17,-93],[41,-6],[30,-39],[52,-16],[-53,-141],[43,-34],[19,-67],[129,-57],[35,13],[80,-25],[92,-91],[64,-18],[13,-41],[119,-60],[147,64],[-2,-111],[-81,-54],[42,-22],[42,-61],[-29,-25],[24,-47],[48,7],[69,-90],[-18,-83],[64,-17],[61,-49],[-69,-95],[-69,-21],[-79,18],[-36,-24],[5,-56],[-48,-24],[14,-72],[-25,-23],[-172,-29],[-57,-44],[-57,15],[-58,-50],[71,-22],[-12,-73],[27,-13],[29,0],[64,52],[72,-10],[4,-69],[-35,-90],[99,10],[25,-30],[93,-16],[44,-46],[26,44],[84,-16],[61,111],[41,-26],[-8,-46],[80,-126],[70,0],[-8,53],[23,68],[34,8],[31,-38],[42,-4],[-47,-63],[20,-31],[-30,-2],[-13,-37],[-81,13],[-84,-49],[-81,-7],[-19,-39],[-61,26],[-205,-139],[-24,26],[-29,-52],[-362,-105],[-102,-55],[-4,-49],[-46,3],[-20,-37],[-52,-4],[14,-53],[-33,-40],[81,-91],[-39,-189],[83,41],[50,-43],[-60,-88],[120,27],[48,51],[13,27],[-59,53],[63,232],[59,-11],[-6,-66],[32,-23],[56,13],[77,-13],[163,79],[17,-37],[43,60],[33,-7],[148,51],[51,71],[57,-21],[15,28],[68,5],[15,59],[-34,24],[30,52],[38,36],[57,-10],[34,56],[75,-6],[57,-54],[39,23],[57,-21],[25,14],[187,-80],[69,-62],[23,1],[25,44],[-11,90],[25,-2],[11,-37],[72,-6],[49,-50],[78,49],[46,-58],[62,52],[55,-1],[28,-9],[28,-53],[-15,-49],[38,-22],[-43,-48],[21,-11],[58,62],[38,-9],[-20,157],[68,2],[98,-54],[16,37],[39,-25],[-23,93],[64,-6],[10,41],[-27,39],[12,19],[105,15],[191,-40],[55,-31],[39,59],[63,-79],[95,2],[15,-41],[-36,-73],[-85,-41],[-12,-43],[-81,-21],[-51,44],[50,-128],[35,-27],[-16,-48]],[[11601,68825],[-137,50]],[[11392,68899],[-128,49]],[[11264,68948],[-133,36]],[[10891,69107],[-128,121],[-184,421],[-291,437],[-74,232],[-117,575],[-477,466],[-82,216],[-262,264],[51,493],[-43,26],[18,527],[-56,141],[-71,36],[-112,0],[-301,-115],[-285,-13],[-224,-37],[-448,144],[-131,251],[-154,150],[-94,55],[-305,481],[-58,440],[8,60],[43,90],[190,266],[53,109],[50,195],[-31,177],[52,226],[-9,322],[29,207],[-60,246],[-107,91],[-120,59],[-152,37],[-154,-2],[-542,-68],[-239,43],[-162,83],[-186,155],[-744,316],[-55,48],[-89,223],[64,363],[46,449],[242,573],[327,331],[547,417],[184,167],[277,383],[298,207],[342,813],[183,259],[189,198],[355,235],[236,239],[421,98],[115,7],[196,-61],[366,-344],[43,-62],[23,-290],[136,-242],[160,-228],[228,-50],[243,-23],[85,9],[995,429],[370,116],[510,92],[927,12],[891,341],[56,349],[78,304],[233,309],[486,372],[112,129],[105,81],[92,162],[347,1021],[308,382],[67,54],[164,59],[273,136],[714,411],[859,355],[218,463],[332,392],[679,1187],[448,1469],[819,326],[657,169],[188,163],[479,333]],[[76680,78619],[-72,-41],[-30,4],[-25,21],[-22,82],[-102,58],[-104,-69],[-66,21],[-74,77],[-103,26],[-121,-22],[-142,-41],[33,-48],[1,-60],[-31,1],[-97,-97],[-82,-18],[-71,-119],[-85,-31]],[[75487,78363],[-78,35]],[[75409,78398],[-150,33]],[[75259,78431],[-68,7]],[[75191,78438],[-27,22]],[[75164,78460],[-16,15],[-64,-23],[-12,46]],[[75072,78498],[-60,46]],[[75012,78544],[-17,-2]],[[74995,78542],[-18,-13],[-63,23]],[[74914,78552],[-170,-42],[-70,59],[-112,0],[-105,-89],[-71,19],[-189,95],[-10,90],[-38,36],[-21,62],[28,40],[-62,51],[-94,27],[-60,-8]],[[73940,78892],[62,119],[3,140],[45,24],[-9,45],[42,78],[52,44],[-33,76],[-59,59],[18,133],[76,77],[48,5],[-45,47],[17,25],[-20,48],[-86,80],[-1,67],[66,62],[-15,19],[36,36],[-30,34],[35,43],[3,37],[44,35],[-22,27],[35,67],[109,82],[23,135],[92,77],[38,97],[-25,44],[38,149],[76,24],[12,107],[57,62],[-90,114],[105,66],[-18,62],[-67,12],[-111,77],[-79,19],[-60,119],[10,52],[45,48],[-18,49],[56,48],[129,-72],[56,-4],[27,13],[29,75],[67,-10],[30,15],[30,-67],[23,-7],[105,38],[31,36],[91,8],[43,38],[108,38],[69,-6],[97,-38],[46,21],[91,94],[131,45],[80,100],[67,13],[100,-47],[41,8],[48,96],[10,81],[47,16],[29,-13],[155,70],[-36,87],[54,18],[43,-40],[19,-63],[108,-116],[71,19],[243,-22],[117,-87],[64,-78],[124,-73],[30,-80],[12,-133],[-28,-35],[-1,-59],[93,-33],[34,-81],[41,-38],[-2,-87],[18,-33],[-19,-92],[-98,-81],[-6,-186],[36,-113],[-46,-83],[-42,-27],[26,-39],[4,-121],[-77,-91],[-60,-13],[-17,-149],[-63,-59],[-14,-49],[-66,-40],[30,-105],[52,-45],[-21,-272],[42,-33],[1,-55],[31,-21],[23,-85],[113,-104],[71,30],[31,-68],[52,-20],[33,-103],[121,-39],[-33,-38],[-23,-127],[-30,-33],[-100,-62],[-157,14],[-109,-58],[-2,-103],[-41,-73],[-5,-62],[-102,-41],[-2,-69],[-32,-35]],[[44331,26108],[14,10]],[[44379,26104],[26,-61]],[[44423,26025],[76,-11]],[[44543,25989],[10,-14]],[[44588,25946],[22,-18]],[[44615,25924],[17,0]],[[44632,25924],[25,-5]],[[45215,25727],[29,-44],[-13,-18],[16,4],[14,-30],[-11,-59],[28,-10],[2,-36],[-22,-27],[17,-16],[-7,13],[17,25],[-4,63],[-42,119],[26,24],[-2,53],[14,-168],[61,-286],[-4,-203],[-24,-22],[-28,-123],[-51,-17],[-13,59],[-2,-58],[17,-21],[-43,-42],[8,-15],[36,48],[-24,-57],[33,68],[50,33],[-130,-369],[-5,-59],[28,-66],[-12,-7],[0,30],[-1,-55],[-22,-20],[19,-4],[19,35],[-10,-46],[-49,-81],[-18,1],[-28,-203],[-41,-12],[39,-8],[-70,-289],[-39,-505],[-25,5],[-32,154],[25,-139],[-28,-98],[22,-3],[4,64],[35,8],[24,-81],[-258,-787],[-55,29],[17,32],[-14,-9],[0,23],[18,9],[19,41],[-14,-22],[-27,10],[-21,-12],[11,-13],[-16,-24],[25,0],[-33,-34],[87,-41],[-71,-192],[-32,-212],[-152,-249],[-245,-306],[50,92],[-4,17],[-23,8],[5,43],[-51,-14],[-10,-38],[-92,-52],[15,-7],[-14,-30],[-26,-10],[13,-22],[49,45],[68,9],[38,48],[29,9],[-201,-366],[10,35],[-28,-17],[26,45],[-25,-28],[-7,-29],[-61,-25],[-14,-30],[-142,-91],[44,-32],[21,42],[59,34],[68,77],[41,12],[-456,-731],[-133,-298],[-43,-182]],[[43443,19993],[-46,-1]],[[43320,20080],[-25,2]],[[43274,20057],[-7,-56]],[[43267,20001],[-11,-16],[-44,29]],[[43201,20017],[-13,-20]],[[43188,19997],[-19,-27]],[[43107,19895],[-26,-30]],[[43055,20019],[-71,31],[4,47]],[[42997,20103],[33,-25]],[[43098,20110],[27,21]],[[43037,20169],[-14,-32]],[[42993,20128],[-41,7]],[[42814,20251],[-21,-4],[-15,-36]],[[42752,20216],[-20,-19]],[[43304,19484],[-51,-277],[-45,-101],[10,-17],[-60,-328],[-16,-12],[13,-9],[-12,-199],[24,-141],[163,-319],[75,-314],[-58,30],[-9,50],[5,-49],[41,-54],[42,-14],[10,35],[8,-22],[0,-232],[32,-203],[-50,-33],[-33,23],[12,-12],[-36,-26],[-49,18],[35,-21],[75,14],[-4,-18],[26,-3],[22,13],[6,41],[5,-29],[38,-368],[-3,-445],[-12,-181],[-17,-7]],[[43491,16274],[-56,3]],[[43431,16278],[-37,10],[2,21]],[[43339,16298],[-27,11]],[[43312,16309],[-23,-7]],[[43289,16302],[-25,-37]],[[43264,16265],[-46,-21],[-11,36]],[[43155,16293],[-65,17]],[[43042,16310],[6,-38]],[[43048,16272],[-6,-16],[30,-7]],[[43077,16237],[16,3],[-9,-14]],[[43079,16197],[21,-25]],[[43079,16150],[-27,-9],[-23,43]],[[42987,16187],[-44,-5],[1,-16]],[[42988,16130],[13,8],[8,-20]],[[43009,16118],[-51,-46]],[[42958,16072],[-12,-9]],[[42969,16056],[-9,-16]],[[42962,16037],[45,-14]],[[43003,16004],[16,9]],[[43026,16009],[10,-18]],[[43036,15991],[-6,-19],[60,8]],[[43109,15964],[23,-33]],[[43155,15917],[3,32],[45,-7]],[[43215,15911],[-24,-14]],[[43191,15897],[-10,-9],[-1,-11],[20,2],[12,10]],[[43212,15889],[17,-18],[17,9]],[[43264,15835],[66,-35]],[[43274,15785],[3,-36]],[[43277,15749],[37,-23]],[[43333,15717],[19,-10]],[[43354,15667],[-2,-16]],[[43436,15642],[58,8]],[[43494,15650],[16,-843],[39,-690],[67,-394],[-18,-67],[-75,-57],[-87,-25],[-346,-1],[13,17],[34,-16],[-32,27],[15,30],[29,0],[6,-30],[35,21],[56,-27],[2,23],[-81,55],[-24,43],[79,-38],[-64,42],[-116,-9],[-73,55],[-276,-27],[-5,67],[-29,38],[9,69],[-21,-18],[-14,-57],[-37,-9],[38,-3],[5,-26],[-32,-64],[-62,-33],[-170,14],[414,-90],[1,35],[23,14],[-9,-25],[27,24],[64,-37],[-33,-7],[100,-27],[19,14],[94,-36],[-44,-13],[-198,27],[-550,94],[-5,38],[47,-12],[44,18],[13,47],[25,14],[84,-18],[24,18],[-6,42],[-41,-11],[-116,28],[-8,-35],[-18,31],[20,-36],[-34,-6],[34,-45],[-66,-23],[-70,26],[80,-2],[-4,22],[-63,-2],[7,30],[-39,-15],[7,-47],[-32,0],[3,24],[-8,-17],[6,-18],[-30,36],[28,10],[-28,-2],[-3,22],[-70,17],[-38,-9],[-6,16],[-3,-22],[42,10],[53,-19],[22,-30],[-106,3],[-4,-25],[226,-16],[-20,-28],[-472,30],[-60,-85],[-42,28],[28,-39],[-56,-23],[-12,38],[-1,-35],[-63,-11],[-82,-76],[-51,-14],[-100,-109],[49,-72],[-145,-118],[-9,-111],[-34,-15],[-6,-23],[4,-52],[26,-9],[-33,-59],[1,-82],[30,-69],[59,-29],[1,-70],[55,-40],[-92,-50],[-143,-161],[-19,-46],[-165,-150],[-30,-88],[-71,-60],[-30,-63],[18,-57],[-11,-32],[-123,-116],[-37,-92],[-78,-108],[-76,-39],[-162,-208],[-69,-116],[-60,-187],[-93,-86],[-47,-167],[-13,-107],[15,-26],[-29,-138],[-52,-8],[-10,-46],[45,-114],[109,-170],[186,-203],[281,-208],[166,-44],[86,-5],[29,20],[79,-32],[109,-9],[-159,-20],[-202,-64],[-407,58],[-109,-10],[-110,-24],[-72,-63],[-124,26],[-143,-44],[-18,36],[10,56],[-15,-54],[14,-45],[-391,-133],[-37,-33],[3,-39],[-176,33],[-50,-24],[-58,-72],[31,-55],[25,-7],[-160,-21],[-135,-81],[-147,24],[-204,-36],[19,19],[-1,66],[-26,-88],[-90,-3],[-175,-57],[-149,-118],[-27,23],[7,19],[-12,-20],[14,-41],[-348,-273],[-17,42],[-27,10],[21,-10],[2,-50],[-216,-169],[-87,-144],[-22,-113],[-42,-41],[-16,-167],[14,-46],[-16,-94],[-17,5],[-2,-22],[19,-57],[-13,15],[8,-46],[-13,8],[-6,-22],[24,8],[61,-24],[4,22],[22,13],[-21,-19],[35,-24],[28,37],[-15,-14],[-11,68],[26,0],[2,-95],[91,-32],[25,-28],[-121,56],[13,-43],[32,-17],[25,15],[-6,-25],[32,3],[-27,-13],[-83,39],[-10,-18],[-76,-11],[-48,-61],[-12,-68],[-72,-88],[-12,-86],[-25,-22],[20,8],[-12,-48],[-23,10],[9,15],[9,-10],[-3,20],[-22,-2],[12,13],[-67,-42],[34,-2],[-2,-31],[-47,-11],[28,-21],[-26,-23],[2,-53],[20,-5],[-22,-6],[-17,-39],[22,-3],[-3,-19],[-25,6],[5,-64],[41,-6],[9,20],[19,-19],[17,33],[61,14],[-16,23],[-22,-12],[13,29],[-61,-65],[-41,26],[32,77],[23,-18],[-18,-29],[39,-8],[-20,28],[29,1],[-14,28],[19,23],[-19,16],[24,60],[1,-86],[42,-106],[-62,-258],[31,-95],[-156,-165],[-87,-131],[-36,-151],[-23,-3],[67,-23],[-2,-15],[-164,-45],[-152,-68],[-95,-69],[-11,-36],[-197,-108],[-45,-49],[-323,-128],[7,31],[-18,-53],[-64,-54],[-2,-76],[-111,-56],[10,-11],[-31,-24],[-112,-44],[-246,-21],[-278,-95],[-61,-62],[-2,-88],[23,12],[4,-30],[-50,-30],[-6,-30],[-437,80],[-368,111],[-71,-19],[-39,27],[-34,83],[-130,79],[-83,25],[-59,77],[-145,88],[-66,98],[-284,203]],[[44307,26150],[24,-42]],[[37022,7180],[19,-9],[-12,-16],[-28,17],[21,8]],[[37039,7262],[-16,-25],[1,-15],[21,1],[4,24],[1,-19],[-19,-46],[7,39],[-17,-5],[-15,24],[33,22]],[[37028,7333],[28,-26],[-2,-44],[-7,23],[-19,-7],[0,54]],[[38425,9017],[5,-29],[-20,17],[15,12]],[[38755,9091],[22,-14],[-54,-26],[32,40]],[[39679,9318],[1,-23],[-51,-29],[50,52]],[[40099,9369],[-158,-20],[24,16],[134,4]],[[40581,9460],[60,-56],[12,24],[8,-15],[-24,-16],[-64,31],[-36,-11],[44,43]],[[40788,9498],[39,-12],[-56,4],[17,8]],[[41186,9600],[26,-14],[-18,-5],[-8,19]],[[41006,9617],[-3,-29],[56,-31],[11,28],[1,-25],[-13,-7],[-63,30],[-7,25],[18,9]],[[41136,9625],[12,-15],[-79,-23],[25,32],[42,6]],[[41484,9924],[68,-36],[17,-30],[-27,-66],[-49,-46],[42,-79],[388,-340],[38,-47],[-94,85],[93,-98],[-359,254],[-167,88],[-189,51],[-90,-3],[-35,-20],[25,50],[-30,25],[-28,-4],[-5,19],[60,56],[176,5],[43,73],[123,63]],[[42293,10158],[-2,2]],[[42291,10160],[2,-2]],[[42929,13706],[41,-9],[-26,-14],[-15,23]],[[42845,13707],[20,-17],[-49,4],[29,13]],[[42915,13751],[25,-22],[51,-2],[-2,-14],[-86,9],[-15,19],[27,10]],[[43448,17279],[10,-11],[-16,-2],[6,13]],[[89892,67439],[-1,-28]],[[89898,67401],[-2,-17]],[[89908,67376],[-7,-17]],[[89901,67359],[13,-11]],[[89946,67311],[24,-6]],[[90020,67220],[-9,-20]],[[90011,67200],[10,-44]],[[90021,67156],[8,-42]],[[90038,67064],[7,-25]],[[90041,67036],[-11,2]],[[90030,67038],[-11,-16]],[[90019,67022],[-4,-18]],[[90015,66963],[13,-44]],[[90028,66919],[-9,-11]],[[90030,66889],[-9,-16]],[[89972,66740],[19,-31]],[[89991,66709],[-5,-29]],[[89986,66680],[-19,-9]],[[89967,66671],[7,-43]],[[89982,66604],[-10,-13]],[[89972,66591],[19,-36]],[[89980,66557],[-6,-6]],[[89983,66388],[-26,-20]],[[89960,66332],[-3,-13]],[[89960,66231],[29,-33]],[[90024,66180],[-3,-61]],[[89998,66115],[-8,-51]],[[89978,66051],[4,-16]],[[89972,66027],[2,-10]],[[89974,66017],[12,-4]],[[89986,66013],[6,-32]],[[89992,65981],[-14,-11]],[[89983,65963],[-46,-5]],[[89912,65968],[-21,-4],[1,18]],[[89887,65987],[-23,-17]],[[89813,65880],[11,-27]],[[89843,65831],[6,-26]],[[89848,65802],[13,-25]],[[89838,65770],[-42,10]],[[89796,65780],[-38,-10],[5,-31],[6,-8]],[[89787,65565],[-3,-89]],[[89792,65437],[-78,-18],[-26,-60],[24,-64],[-33,-83],[-52,-50],[-42,26],[18,120],[-54,45],[-62,14],[-24,42],[1,81],[-65,-11],[-47,-27],[-31,-67],[-125,-141],[-67,-6],[-13,-89],[-61,-36],[-131,66],[-47,-15],[-78,119],[-69,158],[-80,-8],[-21,-33],[3,-77],[-56,-67],[54,-246],[-22,-122],[30,0],[18,-29],[-10,-159],[25,-33],[-25,-6],[-5,-28],[54,-61],[4,-84],[-43,-2],[-44,-45],[-38,-5],[20,-96],[-20,-25],[-72,21],[-71,-6],[-209,-159],[-34,-61],[21,-16],[-133,-161],[-124,-233],[-6,-111],[70,-77],[-24,-83],[21,10],[30,-53],[24,-147],[28,-29],[-4,-78],[21,-12],[-15,-35],[26,16],[-11,-40],[27,-22],[-10,-15],[49,-34],[-30,-35],[-17,6],[7,-31],[-36,-33],[-74,-16],[-28,27],[-35,-23],[31,-68],[-6,-67],[-17,-2],[-19,55],[-4,-32],[-87,-104],[-65,-34],[-36,-49],[-96,54],[-36,-57],[-26,8],[2,24],[-25,-32],[-45,11],[-24,-15],[-18,20],[2,-34],[-94,-89],[-32,-61],[2,60],[-54,-15],[26,67],[-46,-14],[-8,23],[-52,-48],[-58,35],[-19,16],[-1,51],[-58,38],[24,63],[-35,8],[38,61],[-58,4],[10,60],[-48,13],[40,32],[-30,67],[15,29],[-37,25],[5,27],[-41,20],[30,33],[-55,50],[48,46],[-47,-4],[-24,27],[28,21],[-48,11],[24,48],[-21,29],[48,34],[-17,17],[-120,9],[54,39],[-10,51],[-14,15],[-67,-15],[-21,12],[60,40],[-30,49],[-56,19],[30,44],[-86,14],[-49,-13],[3,70],[-20,27],[-3,-100],[-39,26],[29,-62],[-31,-8],[-12,-64],[-31,-11],[-26,-169],[10,-104],[69,-176],[-7,-47],[18,-4],[-2,-40],[38,-16],[-17,-39],[15,-38],[-73,-28],[-92,47],[-90,139],[-53,196],[-34,26],[2,224],[-20,96],[26,46],[-26,4],[-33,81],[22,28],[-60,33],[23,34],[34,11],[-21,46],[-43,1],[-27,25],[20,78],[46,14],[40,68],[-108,-31],[12,31],[-34,36],[28,5],[-1,22],[-43,-3],[-16,147],[-37,30],[5,38],[-51,57],[-23,159],[-61,19],[6,32],[-54,-2],[9,44],[-43,-6],[-32,21],[-10,25],[52,93],[-70,-2],[-2,69],[-72,77],[10,31],[-49,5],[-12,28],[-17,263],[55,-52],[72,-7],[13,-32],[41,37],[-14,34],[15,85],[-34,19],[-159,-4],[-13,97],[25,101],[40,36],[104,4],[53,-11],[38,-39],[35,113],[-7,106],[95,165],[-93,168],[-2,62],[65,54],[-19,41],[-34,18],[153,-9],[-9,54],[-29,32],[21,58],[44,75],[22,-58],[38,18],[25,99],[88,-18],[54,-36],[60,8],[66,-37],[-15,119],[62,82],[21,86],[-72,115],[3,109],[121,6],[75,-13],[5,-22],[32,4],[14,-19],[172,-1],[23,-35],[84,-9],[97,-40],[158,4],[33,12],[11,31],[-19,25],[23,14],[43,-14],[83,30],[30,53],[-23,89],[38,62],[0,76],[38,4],[14,44],[-45,103],[73,62],[3,-79],[89,-195],[39,13],[27,-41],[123,-44],[72,11],[-70,400],[177,-101],[62,-6],[30,-41],[119,75],[-19,-25],[33,-1],[20,-28],[-28,-1],[3,-45],[-20,5],[-11,-23],[50,-59],[63,-32],[24,-101],[37,-42],[53,3],[32,29],[3,102],[111,369],[-79,263],[136,79],[63,-42],[2,-53],[78,-40],[11,70],[-68,72],[18,11],[-26,38],[-50,43],[36,26],[45,-48],[-1,36],[52,25],[38,-38],[29,10],[99,-34],[146,4],[20,-13],[53,36],[76,17],[-2,30],[54,58],[6,55],[62,8],[41,-17],[22,34],[-36,32],[14,30],[-34,53],[22,31],[-39,75],[15,23],[-18,24],[34,46],[-21,46],[31,18],[35,19],[19,-40],[53,-8],[54,-57],[16,10],[72,-37],[0,17]],[[43161,85333],[46,8],[61,-55]],[[43268,85286],[15,-30]],[[43283,85256],[41,-3]],[[43324,85253],[11,-24]],[[43335,85229],[1,-15]],[[43336,85214],[-34,-18]],[[43302,85196],[-19,-5],[13,-26],[-15,-12]],[[43281,85153],[19,-26]],[[43300,85127],[7,-26]],[[43307,85101],[-12,-34]],[[43295,85067],[-12,-23]],[[43283,85044],[-20,19]],[[43263,85063],[-27,-25],[5,-30]],[[43241,85008],[73,1]],[[43314,85009],[7,12]],[[43321,85021],[24,10]],[[43345,85031],[17,3]],[[43362,85034],[-5,27]],[[43357,85061],[-7,42],[44,57],[93,2],[23,-24]],[[43510,85138],[74,-34]],[[43584,85104],[0,-35]],[[43584,85069],[-16,-19],[-63,17]],[[43505,85067],[-30,2]],[[43475,85069],[-21,-48],[22,-15]],[[43476,85006],[78,-33]],[[43554,84973],[47,2]],[[43601,84975],[55,18]],[[43656,84993],[22,-8]],[[43678,84985],[-44,-53]],[[43634,84932],[12,-17]],[[43646,84915],[27,-29]],[[43673,84886],[40,-40]],[[43713,84846],[30,-43]],[[43743,84803],[16,-75],[27,-24],[87,-35],[132,-2],[173,178],[21,77],[-55,65],[122,136],[52,-21]],[[44318,85102],[16,-21],[161,17],[198,-180],[167,-103],[129,10],[54,-56],[-33,-54],[79,-75],[61,5],[86,-43],[34,-130],[130,-83],[-6,-30],[64,-34],[143,42],[136,-40],[49,-53],[27,-94],[-11,-30],[47,9],[94,-66],[42,-63],[19,4],[28,80],[-32,13],[-68,341],[136,97],[107,-10],[81,-32],[-38,-71],[65,-21],[-29,-31],[61,18],[20,-51],[81,-7],[31,23],[36,-36],[61,30],[12,-52],[33,-30],[-9,-62],[69,-4],[-21,-63],[91,-74],[37,27],[53,-35],[-1,33],[110,-34],[6,-61],[77,-24],[-21,-55],[17,-19],[98,-14],[108,-97],[41,6],[38,-29],[-15,57],[54,21],[122,-47],[-27,-46],[16,-77],[37,-31],[-5,39],[12,-31],[50,-5],[43,39],[10,-9],[-48,-29],[72,-12],[0,-31],[47,8],[11,29],[47,-7],[-56,-41],[2,-26],[52,-14],[-5,32],[42,-3],[39,47],[66,-9],[-16,-52],[23,-25],[38,26],[17,-41],[-64,-47],[58,-65],[9,56],[168,-109],[488,-94],[89,-139],[-7,-137],[328,-354],[2,-110],[-71,-6],[32,-44],[35,17],[29,-46],[-35,-12],[-2,-45],[61,26],[138,8],[27,51],[-43,41],[30,42],[133,-9],[124,-48],[22,-82],[127,-87],[-21,-138],[518,-278],[26,-34],[72,-30],[219,-28],[383,-321],[107,-22],[192,-156],[64,-13],[89,23],[-3,60],[160,207],[371,-21],[207,-226],[100,-27],[15,32],[202,-89],[83,-86],[274,-186],[235,-116],[130,-154],[175,-92],[91,-9],[32,25],[31,-6],[97,35],[94,-18],[163,50],[32,-7],[43,35],[51,-14],[34,35],[102,7],[33,34],[9,-25],[53,-7],[69,32],[22,-21],[10,20],[-7,-73],[46,-59],[-24,-87],[51,-26],[22,-36],[-12,-13],[35,-19],[-3,-57],[-22,-7],[22,-9],[-7,-46],[78,-89],[-30,-57],[14,-24],[-28,-17],[11,-24],[-33,-11],[14,-77],[20,-2],[8,-34],[-27,-6],[4,-18],[-20,7],[-11,-58],[249,-26],[125,19],[352,-2],[92,-128],[298,-73],[486,34],[88,-14],[108,-140],[206,-132],[-25,-69],[26,-50],[78,-68],[42,-14],[48,-5],[1,28],[69,-16],[85,38],[-5,28],[59,27],[4,48],[50,23],[-13,56],[93,86],[-93,87],[-3,28],[44,16],[23,43],[3,33],[-52,17],[1,35],[842,-39],[807,-385],[94,-72]],[[58575,79116],[22,-96]],[[58618,79004],[151,-37]],[[58819,78927],[7,-27]],[[58875,78832],[32,-83]],[[58904,78737],[-60,-51]],[[58780,78591],[10,-34]],[[58779,78535],[-35,-25]],[[58740,78442],[2,-48]],[[58742,78394],[26,-14]],[[58768,78380],[112,25]],[[58982,78449],[24,3],[10,-18]],[[59033,78408],[-7,-37]],[[58928,78312],[16,-28],[109,-64]],[[59053,78220],[43,7]],[[59122,78060],[25,-47]],[[59098,77987],[27,-15]],[[59116,77925],[18,0],[3,-24]],[[59107,77885],[-13,-35]],[[59081,77853],[-20,-2],[-5,-24]],[[59056,77827],[18,-12]],[[59131,77780],[15,-61]],[[59146,77719],[-25,-21]],[[59131,77681],[21,-12]],[[59145,77662],[12,-31],[26,-4]],[[59183,77627],[64,-46]],[[59247,77581],[34,25],[9,-11]],[[59308,77577],[27,39]],[[59448,77606],[40,9],[-1,-14]],[[59487,77601],[-5,-39]],[[59524,77429],[68,-19]],[[59592,77410],[22,5],[2,39]],[[59616,77454],[5,29]],[[59743,77551],[47,-3]],[[59840,77525],[39,-22]],[[59896,77423],[3,-28],[-31,-34]],[[59889,77358],[14,-47]],[[59903,77311],[-14,-62]],[[59862,77182],[-62,-70]],[[59866,77010],[46,14]],[[59957,77054],[44,35]],[[60001,77089],[73,8]],[[60102,77037],[48,-83]],[[60168,76847],[51,-27]],[[60268,76820],[62,-10]],[[34122,83865],[-3,26]],[[34119,83891],[-24,33]],[[34095,83924],[-58,67]],[[33993,84025],[-30,42],[-5,71]],[[33962,84148],[56,64]],[[34018,84212],[67,23]],[[34085,84235],[31,15],[4,51],[-97,87],[24,104]],[[34062,84647],[7,16],[-24,5]],[[34045,84668],[-80,-16]],[[33955,84639],[-30,11],[-5,25]],[[33920,84675],[-46,74]],[[33856,84753],[-38,3]],[[33807,84805],[-28,18]],[[33779,84823],[-29,7],[-33,51]],[[33686,84902],[-14,15],[28,22]],[[33700,84939],[-43,-4]],[[33640,84938],[-43,31]],[[33588,84996],[0,50],[71,-7],[14,84],[-35,96],[-54,20]],[[33584,85239],[-25,6]],[[34962,91172],[54,31],[33,-17],[85,9],[48,-21],[45,23],[50,-49],[51,-19],[11,-36],[34,7],[140,-181],[151,-54],[228,-131],[181,-75],[48,11],[84,-31],[131,-74],[-50,-85],[-56,-45],[-27,-104],[-113,-120],[-101,-165],[-95,-87],[-71,44],[-28,-4],[-108,-200],[59,-58],[-4,-26],[-86,-47],[-31,-77],[-40,-26],[55,-77],[-101,-126],[41,-24],[16,-58],[-82,-98],[-30,6],[-4,-69],[42,-59],[63,-13],[-4,-60],[50,-50],[-1,-58],[84,-93],[-14,-126],[31,-70],[-43,-72],[139,-60],[-22,-56],[13,-15],[136,-49],[93,76],[59,20],[15,30],[135,-11],[-14,19],[78,41],[51,0],[41,-36],[-36,-13],[3,-40],[72,-82],[37,21],[-26,-78],[44,-52],[-15,-39],[14,-69],[-54,-15],[-39,23],[5,-53],[-22,-46],[22,-22],[72,-6],[42,19],[-25,-115],[41,-48],[22,36],[160,-9],[21,74],[-23,34],[28,47],[57,33],[85,1],[32,89],[162,130],[19,68],[100,13],[61,46],[42,71],[103,30],[38,-53],[267,207],[107,148],[202,-86],[100,-5],[72,-55],[207,-65],[74,-195],[15,-154],[60,-102],[290,-241],[128,-54],[200,-150],[171,-15],[99,-82],[74,-30],[299,-63],[129,-13],[73,15],[11,-15],[-84,-37],[-14,-89],[-98,-120],[-29,8],[-21,-34],[-91,-17],[14,-38],[-27,-13],[-55,8],[-12,39],[15,20],[-22,-10],[-44,-105],[-27,-13],[29,-54],[-34,-34],[-28,10],[5,56],[-62,-21],[-32,33],[-59,-66],[-49,6],[-4,-64],[-50,0],[176,-93],[21,-29],[-30,3],[85,-59],[17,7],[5,-30],[47,-29],[51,-21],[66,32],[41,-25],[38,27],[69,-79],[-3,-47],[47,-12],[35,-41],[-17,-17],[43,-30],[-18,-26],[42,-60],[-3,-66],[-37,-24],[20,-24],[53,-7],[34,32],[77,-29],[67,66],[63,-46],[16,-67],[34,-15],[30,-66],[22,16],[39,-11],[52,48],[-83,23],[9,81],[57,-28],[4,42],[-21,25],[19,19],[26,-4],[46,-63],[99,-11],[104,-78],[64,8],[49,-17],[42,-37],[7,-51],[-35,-95],[9,-49],[25,-35],[81,-34],[-42,-71],[15,-39],[38,-27],[61,9],[-7,23],[55,-8],[24,27],[125,-85],[6,-27],[148,-135],[74,-46],[31,21],[167,-23],[29,69],[65,-129],[46,5],[45,-23],[-1,-125],[-21,-55],[58,-114],[47,-3],[36,25],[98,-10],[63,31],[114,-15],[109,113],[65,-54],[-23,-94],[12,-32],[96,17],[58,63],[79,8],[151,-77],[46,-2],[25,36],[42,-1],[15,42],[63,8],[26,40],[106,10],[35,39],[45,-14]],[[43743,84803],[-30,43]],[[43673,84886],[-27,29]],[[43634,84932],[44,53]],[[43656,84993],[-55,-18]],[[43601,84975],[-47,-2]],[[43554,84973],[-78,33]],[[43476,85006],[-22,15],[21,48]],[[43505,85067],[63,-17],[16,19]],[[43584,85104],[-74,34]],[[43357,85061],[5,-27]],[[43362,85034],[-17,-3]],[[43321,85021],[-7,-12]],[[43241,85008],[-5,30],[27,25]],[[43263,85063],[20,-19]],[[43283,85044],[12,23]],[[43295,85067],[12,34]],[[43300,85127],[-19,26]],[[43302,85196],[34,18]],[[43335,85229],[-11,24]],[[43283,85256],[-15,30]],[[43268,85286],[-61,55],[-46,-8]],[[39973,94467],[36,29],[33,251],[43,41],[196,75],[64,150],[102,105],[11,113],[40,51],[34,7],[72,-54],[196,-75],[129,-154],[92,-150],[125,-87],[0,-70],[102,-95],[-56,-98],[0,-58],[35,-28],[73,-6],[37,-56],[58,-136],[-23,-56],[10,-42],[89,-116],[38,-4],[23,-35],[212,-45],[39,-148],[35,0],[25,-27],[17,-136],[329,6],[13,-59],[66,-60],[-12,-57],[69,-8],[-25,-67],[84,-58],[82,-18],[43,-43],[107,72],[125,34],[17,58],[190,-9],[74,29],[65,61],[68,-52],[166,-59],[95,23],[91,-19],[61,-115],[13,-72],[85,-33],[66,-114],[99,-1],[68,-25],[136,-74],[81,-76],[97,-10],[23,-43],[71,-52],[17,-76],[109,-77],[131,66],[5,55],[66,6],[103,-100],[20,-88],[63,-25],[21,32],[41,-6],[50,-102],[-65,-156],[-128,-58],[-19,-47],[107,-96],[-39,-85],[50,-33],[-23,-66],[37,-71],[91,-52],[48,37],[28,-33],[26,28],[39,3],[103,-27],[37,-52],[197,-105],[48,-13],[72,30],[86,-98],[124,-46],[122,-18],[60,-79],[77,-55],[32,37],[77,12],[40,83],[67,-6],[201,-141],[103,-28],[267,-174],[72,-73],[72,-139],[131,-89],[393,-124],[289,-67],[95,-68],[-3,-62],[-106,39],[-46,-34],[-182,-8],[-64,-49],[-98,-111],[-15,-51],[-64,-48],[32,-30],[23,-125],[-122,-48],[2,-54],[-30,-17],[-82,-6],[-133,-151],[-69,-29],[-21,-39],[7,-60],[-36,-66],[-36,-28],[-69,4],[-162,-163],[-103,-9],[-70,36],[-98,-25],[-49,-40],[-60,-96],[-17,-55],[11,-57],[-59,-92],[18,-16],[-38,-39],[5,-27],[-52,-8],[-64,-78],[-54,-15],[-36,-46],[-8,-53],[-59,-6],[-59,25],[-61,-13],[-43,26],[-85,-53],[-23,10],[-35,-136],[-46,-3],[2,-31],[-66,1],[-8,-99],[35,-18],[-12,-19],[46,-156],[53,-63],[58,-17],[-1,-38],[24,-20],[3,-34],[-38,-19],[-20,-49],[8,-68],[-60,-52],[-13,-37],[-34,-2],[-1,-39],[-56,11],[1,-29],[-80,-15],[-3,-43],[61,-37],[-32,-50],[-135,-82],[0,-50],[-51,22],[-48,-51],[59,-93],[-82,-8],[0,25],[-19,3],[-23,-12],[19,-22],[-61,9],[-56,-28],[16,-47],[-21,-80],[125,-75],[-9,-23],[23,-28],[-30,-22],[1,-37],[30,-15],[0,-47],[66,-92],[47,-6],[26,-25],[5,-54],[-51,-63],[-15,-167],[-35,-39],[24,-103],[-14,-29],[-33,-3],[-36,39],[-53,-1],[-14,43],[-33,11],[-28,-67],[64,-61],[2,-84],[50,-91],[-66,-16],[-77,-75],[-88,13],[-95,59],[-149,-132],[-59,-162],[30,-8],[-45,-177],[41,-22],[-32,-5],[-34,-93],[-66,18],[-155,-270],[23,-305],[22,-29]],[[74914,78552],[63,-23],[18,13]],[[75012,78544],[60,-46]],[[75164,78460],[27,-22]],[[75259,78431],[150,-33]],[[75409,78398],[78,-35]],[[76680,78619],[-3,-20],[57,-16],[126,-7],[40,-43],[57,-31],[69,-5],[45,-36],[49,6],[33,-260],[-30,-117],[16,-229],[51,33],[20,66],[94,73],[129,-108],[6,-54],[-58,-45],[84,-70],[83,-13],[150,75],[81,-79],[0,-62],[79,-2],[84,-36],[19,-34],[-29,-50],[62,-47],[-8,-91],[39,-53],[40,-6],[29,-50],[156,53],[63,-51],[164,46],[81,-14],[226,139],[46,-49],[117,89],[65,12],[36,-32],[15,-66],[217,-27],[22,-30],[-14,-45],[30,-32],[116,-15],[36,10],[43,47],[63,7],[65,-27],[48,14],[30,-53],[166,-48],[39,-48],[85,16],[37,-68],[-45,-61],[-54,-20],[-54,-55],[70,-34],[36,14],[62,-17],[57,84],[110,-12],[86,-57],[113,54],[0,-77],[66,-65],[122,59],[186,-43]],[[80408,75435],[-3,-61],[31,-53]],[[80428,75305],[-41,9]],[[80293,75335],[7,44]],[[80274,75357],[20,-53]],[[80341,75220],[-5,-23]],[[80280,75192],[-24,21]],[[80218,75199],[40,-11]],[[80277,75177],[-3,-34]],[[80323,75111],[-40,-25]],[[80259,75071],[-23,-41]],[[80236,75030],[-22,7]],[[80206,75025],[67,-4]],[[80306,75031],[26,-9],[3,-11],[-24,-24]],[[80269,74987],[7,-56]],[[80276,74931],[-20,-11]],[[80196,74922],[29,-46]],[[80240,74860],[39,16]],[[80343,74868],[-5,-8]],[[80285,74833],[-38,-53],[-89,31],[12,29],[65,15],[-57,37],[-18,29],[8,34],[-41,14],[12,25],[34,-7],[20,17],[-31,-2],[-15,24],[40,18],[-39,4],[28,19],[-23,6],[-4,29],[-33,-66],[-60,-1],[-73,36],[-4,-68],[61,-78],[-21,-22],[-49,40],[9,-21],[-25,-11],[35,-26],[63,3],[17,-18],[-42,-44],[-58,29],[12,22],[-46,-23],[-1,25],[-19,0],[-20,-28],[30,-15],[-35,-22],[3,-30],[-52,28],[-18,-14],[21,-17],[-6,-52],[39,-54],[-4,-33],[25,40],[32,-29],[19,33],[17,-35],[-53,-48],[-41,2],[-24,23],[-13,-21],[22,-15],[-27,-10],[55,-49],[7,26],[25,0],[-12,31],[32,-12],[7,30],[20,-3],[27,-31],[-16,-16],[30,-17],[-24,-47],[58,-56],[-79,-8],[-37,-33],[-6,25],[-43,16],[31,-41],[-77,-33],[21,-24],[-43,-6],[-19,-20],[13,-28],[-26,0],[8,-81],[30,-35],[-4,-71],[-47,15],[9,-44],[-26,-2],[-16,41],[-42,-53],[-54,23],[-9,72],[47,42],[-42,21],[-37,-10],[-42,21],[-48,-31],[-55,23],[-57,-37],[-149,46],[-20,27],[22,79],[-35,37],[-59,-24],[-7,-35],[-55,-39],[5,-51],[-171,14],[-90,102],[-89,47],[-20,-14],[-60,13],[18,35],[-10,30],[-30,-19],[-58,11],[4,59],[35,48],[-55,3],[-12,38],[-89,79],[-82,16],[-39,-19],[-91,27],[-41,38],[-31,75],[30,10],[-80,74],[21,76],[34,34],[-30,34],[-2,69],[-69,71],[8,51],[-54,30],[-9,32],[-19,-3],[24,35],[1,43],[-24,17],[14,39],[67,-110],[37,43],[-24,28],[34,12],[-16,12],[21,30],[-34,-5],[-2,17],[-48,-18],[-18,28],[-31,-6],[-15,18],[-51,-30],[60,66],[-16,88],[-60,16],[37,18],[2,66],[19,15],[-47,4],[14,25],[-38,-17],[-27,20],[-104,11],[-26,-19],[-46,71],[-53,-3],[-24,39],[-23,2],[11,-35],[-33,23],[-38,65],[15,40],[-95,49],[22,-34],[-36,9],[-28,-19],[18,-47],[-25,-40],[-65,28],[20,-19],[-29,-13],[14,-55],[-89,-6],[54,-41],[-4,-43],[-33,-27],[45,-9],[-35,-20],[5,-23],[25,-6],[-1,-22],[33,19],[62,-32],[18,34],[26,-9],[-37,-65],[39,-5],[-22,-18],[21,-40],[17,84],[86,-8],[17,-38],[-26,5],[12,-27],[42,-8],[15,-23],[-28,-15],[8,-31],[-38,13],[-1,-59],[43,-11],[3,-34],[44,43],[29,-46],[7,63],[25,-3],[-16,-60],[20,-26],[70,8],[5,34],[43,-10],[17,-49],[-29,-12],[20,-16],[9,-72],[-32,11],[-20,-56],[-49,4],[-18,21],[-47,-16],[-132,8],[-72,-25],[-45,25],[-87,155],[-174,13],[-75,-54],[-1,-76],[64,-73],[-143,-18],[-51,45],[11,24],[-63,29],[5,54],[-18,24],[22,80],[-84,48],[-139,-48],[-19,74],[19,54],[-26,16],[-21,59],[-52,7],[-25,-37],[-53,-3],[-14,-42],[-23,2],[-2,26],[-27,12],[1,73],[-56,66],[78,32],[-50,-5],[0,32],[-42,-6],[-23,19],[59,9],[-1,36],[-63,-14],[-36,37],[-56,6],[20,12],[-6,23],[-93,32],[11,45],[-26,92],[-95,3],[7,-87],[-149,29],[23,61],[-41,19],[33,44],[-128,-28],[-7,94],[-64,32],[-51,-1],[-14,68],[-22,-1],[6,38],[-89,23],[-18,-39],[-26,-5],[-56,42],[-44,84],[-30,253],[-54,-28],[-45,-62],[38,-35],[-33,5],[-47,-37],[-28,-73],[11,-54],[-44,-48],[-32,-139],[-68,-71],[0,-58],[25,-3],[3,-33],[27,-11],[25,-79],[39,93],[-14,54],[19,12],[88,-31],[49,24],[66,-78],[16,28],[41,-26],[171,-17],[-14,-33],[31,-11],[38,-60],[-25,-16],[26,-16],[-15,-37],[32,4],[-24,-34],[31,-22],[22,12],[4,-21],[-19,-7],[26,-46],[26,4],[-17,-59],[34,1],[-33,-35],[32,-15],[-19,-29],[-52,-17],[11,48],[-69,-2],[7,-32],[-19,-9],[-93,41],[-16,54],[-46,-53],[-28,-89],[-86,-1],[-30,-24],[34,-56],[-99,-9],[-88,-56],[-53,-67],[-5,-110],[20,-24],[-14,-8],[33,-18],[-31,-78],[-72,-23],[-48,-49],[-39,5],[-34,-26],[-26,20],[-65,-56],[-82,-9],[-17,20],[-53,-27],[12,-28],[-42,-15],[7,-15],[-79,-35],[-35,10],[-5,-38],[-36,4],[-27,-24],[-16,-76],[18,-10],[-20,-56],[-33,-14],[-20,-41],[23,-43],[-25,-21],[17,-15],[24,34],[53,-55],[3,-32],[-31,-14],[10,-39],[-32,-4],[21,-26],[-20,-24],[45,-13],[8,-20],[-39,-21],[-72,2],[-50,-28],[10,-43],[-81,-91],[14,-40],[-39,-31],[9,-33],[-27,-56],[-74,-23],[-26,-66],[16,-40],[31,-16],[-25,-17],[59,-16],[-19,-20],[45,-133],[-46,-32],[30,-13],[-24,-48],[24,-48],[34,-12],[-11,-52],[91,-11],[18,-20],[-9,-38],[29,-19],[48,49],[38,-8],[42,55],[32,0],[52,-51],[38,47],[56,-11],[19,46],[32,-13],[15,28],[43,5],[25,-15],[22,-43],[-15,-65],[78,-33],[2,-19],[97,-61],[26,-60],[126,-36],[5,-31],[64,-20],[-13,-68],[64,-15],[10,-36],[43,3],[3,-51],[185,-34],[5,-126],[-28,-28],[-16,-91],[45,-2],[53,-59],[102,1],[-12,-91],[51,-60],[35,6],[13,-41],[39,27],[2,-33],[25,-3],[7,-93],[39,43],[92,-47],[75,-6],[42,35],[3,-25],[54,-44],[87,-1],[7,-69],[37,10],[20,-34],[126,-3],[42,36],[3,68],[104,20],[22,-29],[-7,-33],[28,22],[70,2],[13,26],[-37,36],[0,50],[73,-34],[56,34],[49,-6],[15,-126],[65,-7],[26,-61],[12,-62],[-50,-48],[31,-61],[-20,-8],[-3,-38],[-52,-19],[40,-40],[41,1],[23,-24],[-16,-26],[12,-88],[104,-55],[2,-38],[61,-61],[10,42],[57,9],[71,-124],[43,29],[29,-36],[42,24],[74,-22],[26,14],[24,-39],[69,6],[12,-19],[-15,-66],[-80,16],[-46,-49],[-62,-29],[-20,-69],[28,-83],[-37,-24],[-52,18],[3,-60],[38,-7],[5,-65],[-15,-12],[-26,24],[-24,-8],[-26,-69],[-32,12],[-6,37],[-56,18],[-77,-13],[-12,38],[-27,0],[-3,40],[-46,-1],[-32,39],[-49,-19],[-63,-118],[-41,-13],[-97,31],[-18,41],[-52,-18],[-26,-32],[-18,29],[-45,11],[-10,47],[-87,35],[-101,2],[-43,-36],[-109,27],[-90,-6],[-61,-45],[-35,-2],[-2,-30],[-40,-26],[-53,-7],[-27,7],[2,56],[-53,8],[-35,-21],[4,39],[-134,18],[-4,24],[-82,6],[-23,-59],[-96,-6],[-4,-75],[51,-47],[16,-87],[-74,-61],[37,-181],[-60,-113],[9,-25],[52,-10],[3,-21],[-24,-11],[-41,-101],[-45,1],[-40,-51],[14,-75],[-33,7],[-41,-26],[-15,-28],[30,-62],[-64,-31],[-78,53],[-29,-35],[-52,-13],[-21,-82],[-36,-7],[0,-20],[80,-72],[-50,-81],[-35,-20],[12,14],[-21,46],[-69,-43],[-14,57],[-78,9],[-8,32],[-50,-78],[12,102],[-13,63],[-133,159],[-179,-22],[-94,-79],[-56,11],[3,-73],[112,-104],[-58,-14],[28,-28],[-1,-44],[50,-27],[-43,-19],[-6,-29],[-56,7],[-47,-72],[4,-102],[-19,3],[-31,60],[-57,-66],[-5,-96],[-60,12],[-33,-46],[-39,-5],[16,-39],[-28,-37],[24,-33],[-34,-76],[-202,-211],[133,-113],[215,-341],[164,-167],[104,-59],[91,-115],[280,-84],[77,-94],[139,-120],[125,-39],[94,-4],[131,39],[80,-20],[219,-124],[80,-2],[98,-184],[49,116],[68,-3],[10,-41],[56,-17],[14,23],[58,-5],[24,-36],[76,17],[6,-15],[26,28],[55,5],[108,-17],[76,-53],[44,-84],[12,-58],[-22,-242],[-55,11],[-23,-91],[-43,-41],[40,-182],[-47,-2],[-11,-19],[20,-71],[81,18],[14,-14],[-12,-116],[57,-25],[-53,-27],[45,-23],[14,-46],[-5,-80],[-40,-74],[118,53],[46,-91],[-110,0],[-25,-25],[-4,-70],[25,-28],[7,-65],[-35,-24],[-5,-64],[-110,-1],[6,-54],[-44,3],[-25,-41],[-68,-19],[-9,-46],[-22,-16],[-109,-24],[-43,53],[-53,-43],[-47,25],[-56,-43],[-2,-21],[42,-13],[3,-63],[53,-68],[-56,-18],[20,-44],[-38,-18],[-6,-31],[-79,-15],[73,-73],[-28,-157],[-26,-38],[35,-181],[-21,-13],[-24,-86],[115,-21],[-8,-84],[-35,-54],[67,11],[12,-21],[160,38],[-24,-57],[37,-35],[40,-122],[93,-52],[42,-83],[78,-37],[41,2],[58,-107],[45,-10],[17,31],[41,-25],[-1,47],[34,22],[71,-10],[-14,-46],[18,-23],[-41,-47],[9,-91],[-48,-21],[-48,27],[-29,-92],[10,-50],[-27,-63],[35,-108],[-107,-59],[47,-141],[-23,-12],[-49,39],[-15,-68],[-31,6],[-18,31],[-46,-47],[1,-21],[40,-12],[57,-71],[-12,-65],[100,-59],[38,-10],[40,18],[58,-81],[49,-11],[64,4],[-22,103],[3,25],[33,4],[49,-24],[-31,-46],[57,20],[56,-51],[51,19],[53,-13],[122,15],[21,-20],[-18,-53],[18,-11],[36,17],[86,-39],[104,75],[56,-37],[-27,-21],[8,-34],[-29,-65],[-49,42],[-27,-9],[-28,-54],[-62,-29],[-22,-115],[-33,4],[-7,-52],[-47,-18],[-40,-59],[-43,-2],[-18,-28],[-43,-11],[-11,-103],[47,-113],[-27,-81],[6,-54],[-76,10],[-24,-18],[79,-49],[3,-80],[-27,-53],[127,-18],[5,-91],[63,-32],[-39,-57],[22,-102],[87,-36],[50,36],[80,-134],[-33,-186],[-82,-38],[-65,-88],[6,-107],[143,-165],[-44,-120],[-57,-55],[-44,82],[-32,37],[-25,10],[-149,-55],[-3,111],[-17,13],[-39,-15],[-4,61],[-143,7],[-2,156],[34,-9],[-16,-31],[44,-13],[13,2],[18,29],[20,-41],[29,35],[0,30],[-55,8],[53,-14],[-25,-56],[-16,42],[-13,-1],[-21,-29],[-44,14],[20,27],[-42,15],[-12,-78],[12,-91],[142,-11],[4,-60],[49,12],[-15,-64],[25,-53],[82,11],[60,38],[31,-6],[74,-131],[9,-86],[92,-3],[2,-28],[-77,-63],[2,-94],[-154,-25],[-66,-72],[-36,4],[-7,-86],[-29,-14],[-15,-36],[-47,-10],[7,-27],[53,-7],[24,-45],[-29,-15],[-3,-33],[-21,0],[15,-24],[-12,-50],[29,-39],[-21,-24],[-6,-26],[-104,13],[19,41],[-57,37],[-10,97],[-46,29],[-23,39],[-80,55],[47,45],[-69,35],[-14,63],[16,40],[-20,-41],[13,-61],[22,-17],[-22,-9],[69,-11],[-52,-43],[-69,13],[-62,-23],[-89,69],[-33,-13],[3,19],[-42,-23],[3,37],[-34,13],[0,24],[-33,24],[3,65],[25,41],[-13,62],[-20,-170],[34,-22],[-1,-28],[35,-14],[-4,-34],[35,-3],[34,17],[96,-68],[72,21],[94,-35],[91,-243],[60,-49],[111,0],[29,-95],[-13,-53],[-24,-15],[25,-6],[31,-84],[50,-27],[6,-10],[-18,13],[-32,-2],[-51,24],[-62,-20],[-51,17],[-60,-134],[29,-48],[-28,-79],[5,-51],[-43,-25],[-8,-64],[-69,-32],[-14,-34],[-24,2],[-68,-54],[22,-34],[-12,-66],[-24,45],[10,-57],[-34,-17],[-118,53],[-77,-1],[-58,32],[-49,-24],[-65,20],[9,35],[77,54],[35,106],[65,105],[-23,111],[44,14],[-73,-3],[-18,51],[48,-174],[-69,-107],[-14,-62],[-97,-108],[32,-54],[101,0],[22,-26],[-29,-61],[-80,-84],[-18,-32],[9,-44],[-29,-28],[-12,33],[6,-36],[-45,-105],[-35,-3],[2,33],[-43,51],[21,116],[-80,38],[-4,45],[-31,29],[14,37],[-18,-36],[32,-32],[-1,-37],[11,-17],[73,-30],[-22,-110],[43,-55],[-9,-33],[50,-12],[27,-192],[35,-37],[-71,-93],[-53,10],[11,93],[-36,60],[18,40],[-19,-25],[-1,-24],[32,-49],[-18,-95],[54,-15],[-59,-174],[2,-46],[59,-99],[-15,-20],[-36,13],[35,-36],[-15,-49],[-106,-91],[-20,62],[32,42],[-4,28],[22,17],[-27,-13],[4,-31],[-28,-37],[-83,55],[4,51],[-33,89],[5,49],[46,9],[43,-54],[-38,56],[-42,1],[-14,-11],[-6,-40],[29,-147],[81,-72],[-30,-18],[-82,19],[28,-85],[-34,-41],[-4,-50],[-36,-20],[-126,101],[48,93],[54,40],[14,61],[-14,51],[-102,60],[-2,34],[94,82],[67,-37],[24,12],[49,159],[-7,49],[2,-50],[-51,-159],[-89,27],[-65,-39],[-32,-45],[-2,-25],[16,-20],[99,-62],[-5,-91],[-139,-21],[-36,-57],[-67,18],[24,87],[-34,66],[64,74],[-90,28],[13,69],[-23,24],[27,66],[38,17],[-39,-10],[-32,-70],[23,-25],[-10,-78],[88,-24],[-65,-62],[26,-89],[-62,-29],[-33,-33],[-49,15],[-20,-66],[-28,-19],[-83,59],[84,66],[-2,27],[-46,49],[18,61],[-94,49],[14,15],[62,6],[-69,-4],[-11,-12],[6,-14],[88,-41],[-19,-59],[50,-66],[-88,-74],[55,-59],[-14,-127],[-30,-50],[19,-156],[-34,-29],[-66,25],[-34,96],[0,126],[41,67],[18,96],[-42,92],[-35,22],[41,-40],[30,-76],[-21,-100],[-37,-55],[-104,19],[-62,-22],[-29,19],[32,63],[-34,-63],[-144,-10],[-22,47],[51,55],[-56,-53],[22,-52],[144,6],[54,-47],[-31,-65],[-106,-33],[-51,-31],[-16,-24],[-3,-26],[20,-49],[68,-104],[-96,85],[-17,72],[11,-73],[105,-98],[-40,-104],[-33,5],[36,92],[-207,34],[-29,142],[-172,301],[52,180],[-88,127],[93,88],[109,157],[60,203],[-3,88],[-75,265],[-56,77],[-84,47],[-123,12],[-59,27],[-175,11],[57,91],[13,105],[54,98],[7,64],[-60,-7],[-38,-73],[-12,-121],[-98,-126],[-86,10],[-154,89],[-97,150],[-6,294],[-40,174],[-70,55],[-16,57],[-105,-2],[-42,27],[-11,-13],[48,-54],[70,-10],[64,-69],[47,-144],[-13,-20],[18,-24],[-26,5],[38,-25],[1,-64],[-40,-63],[13,51],[-34,13],[21,-28],[-14,-62],[27,-192],[113,-86],[42,-85],[101,-56],[54,-7],[43,38],[57,-17],[95,-70],[54,-4],[48,24],[122,-28],[216,-277],[-17,-53],[-122,-132],[-350,-200],[-132,134],[25,38],[-6,24],[-125,99],[-24,50],[-107,4],[-11,-31],[80,13],[100,-99],[34,-127],[132,-115],[-272,-588],[-151,-146],[-39,-75],[-113,-21],[1,-23],[-35,17],[17,-40],[-63,-71],[-28,-17],[55,74],[-239,-213],[16,-3],[-57,-68],[-74,-42],[-136,18],[-11,-50],[-40,-32],[-186,-80],[-148,-35],[-28,12],[4,32],[-50,-51],[-257,-53],[-31,12],[-29,-28],[-235,-78]],[[71946,57264],[-2,20]],[[71867,57402],[-2,49]],[[71894,57529],[-2,71]],[[71898,57610],[6,34],[-31,38]],[[71885,57707],[-2,11]],[[71805,57742],[25,11]],[[71830,57753],[-29,26]],[[71801,57779],[2,72]],[[71786,57864],[-54,5]],[[71611,57882],[-33,8]],[[71530,57879],[-10,25],[-48,18]],[[71418,57940],[-14,-18]],[[71404,57922],[-15,31]],[[71389,57953],[-24,-6]],[[71352,57948],[-22,10]],[[71334,57965],[-33,-6],[-12,19]],[[71289,57978],[-35,6]],[[71248,58017],[-53,-18]],[[71168,58016],[-1,8]],[[71127,58055],[20,23]],[[71147,58078],[-23,52]],[[71100,58171],[-39,48]],[[71061,58219],[16,39]],[[71089,58456],[-63,61]],[[71014,58543],[10,54]],[[70985,58596],[-12,-3]],[[70973,58593],[-68,12]],[[70801,58643],[-28,27]],[[70744,58577],[-5,-72]],[[70739,58505],[-25,-10]],[[70574,58473],[-14,-16]],[[70539,58456],[-51,-72]],[[70488,58384],[-10,-16]],[[70482,58358],[25,-24]],[[70507,58318],[-6,-84],[-63,-2]],[[74123,72193],[16,-3],[-8,36]],[[74137,72273],[12,8],[-6,3],[-18,1]],[[74115,72289],[4,9],[15,18],[-8,13],[-35,35],[3,12],[-8,5]],[[74049,72398],[-26,-5]],[[73978,72471],[9,24]],[[74009,72498],[11,14],[-49,20]],[[73994,72603],[27,29]],[[74021,72632],[-11,7]],[[73988,72651],[43,21]],[[74023,72684],[-7,27]],[[74039,72775],[-30,18]],[[74043,72816],[10,1]],[[74058,72820],[-17,34]],[[74060,72965],[-2,35]],[[73157,73923],[74,7]],[[73231,73930],[6,36]],[[73220,73987],[12,27]],[[73232,74014],[-6,20],[21,13]],[[73229,74130],[4,34]],[[73233,74164],[23,33]],[[73256,74197],[31,121]],[[73415,74448],[45,22]],[[73460,74470],[16,33]],[[73488,74501],[64,43],[17,-12]],[[73586,74489],[2,-19],[32,-11]],[[73727,74517],[31,-10]],[[73773,74520],[-10,26]],[[73707,74589],[14,24],[42,1]],[[73763,74614],[23,48],[-31,14]],[[73757,74701],[3,29]],[[73760,74730],[0,33],[-20,4]],[[73810,74807],[52,-67]],[[73902,74745],[31,-1]],[[73933,74744],[-12,46]],[[73921,74790],[81,60]],[[74002,74850],[15,28]],[[74096,74863],[41,7]],[[74149,74908],[53,35]],[[74202,74943],[9,33]],[[74226,74989],[33,22]],[[74271,75027],[38,26]],[[74324,75072],[23,-4]],[[74389,75133],[27,35],[53,15]],[[74485,75186],[52,16]],[[74638,75271],[38,8]],[[74701,75304],[21,33]],[[74866,75490],[17,-14]],[[74893,75467],[26,20],[8,16],[-8,25]],[[74955,75547],[3,22]],[[74928,75581],[-45,73]],[[74827,75637],[-36,6]],[[74741,75677],[-5,35]],[[74817,75865],[-33,60]],[[74273,76258],[0,1]],[[74270,76272],[32,21],[-22,22],[0,39],[29,-10],[0,55],[21,-17],[-5,25],[20,-9],[9,20],[18,-15],[-1,107],[35,21],[10,73],[69,42],[26,241],[54,79],[22,201],[-51,238],[-24,15],[21,108],[-43,60],[-95,68],[36,85],[-95,115],[10,75],[44,60],[-74,13],[-85,60],[-57,119],[-65,-24],[-82,29],[-79,142],[17,55],[-72,67],[-38,2],[-15,53],[14,44],[60,48],[13,87],[32,20],[-24,29],[5,157]],[[73946,57126],[8,-24],[-18,58],[10,-34]],[[75733,57230],[135,-84],[-12,-138],[-92,-4],[21,65],[-32,28],[24,-28],[-20,-52],[-84,39],[16,130],[44,44]],[[74540,57235],[6,-47],[35,-27],[-8,-84],[-46,25],[-25,97],[9,32],[29,4]],[[76989,57259],[44,-30],[111,-28],[65,-54],[37,-86],[-31,-22],[-75,-5],[-121,19],[-54,89],[24,117]],[[76594,57374],[26,-101],[80,-46],[-34,-31],[-4,-52],[-41,-22],[-80,25],[-27,62],[22,119],[29,51],[29,-5]],[[75880,57380],[128,-60],[59,-82],[-4,-54],[-40,-53],[-95,-40],[-24,11],[-25,79],[72,46],[1,21],[-73,-62],[-100,53],[52,93],[-14,67],[15,37],[48,-56]],[[77204,57432],[6,-12],[-18,21],[12,-9]],[[76755,57435],[7,-128],[64,-69],[-33,-22],[45,14],[15,-31],[-39,-43],[-133,-15],[-12,48],[35,42],[-83,48],[-24,106],[23,18],[49,4],[62,34],[24,-6]],[[77478,57391],[15,-5],[62,18],[18,-5],[14,-66],[-16,-44],[-130,10],[10,19],[-62,68],[-8,26],[57,116],[24,-50],[2,-59],[14,-28]],[[76242,57449],[-15,-29],[-2,63],[40,51],[-23,-85]],[[76028,57585],[33,-130],[30,-18],[44,-112],[-49,-25],[-145,87],[64,98],[-12,95],[35,5]],[[76084,57594],[54,-55],[-7,-34],[-60,-53],[-30,99],[43,29],[-14,43],[14,-29]],[[77548,57638],[19,-18],[16,-105],[-25,-34],[2,-46],[32,-15],[98,19],[-1,-69],[56,-69],[-32,-52],[-108,-12],[-28,164],[-35,7],[-54,-16],[-17,15],[-3,67],[-46,145],[83,-13],[43,32]],[[76885,57642],[2,-157],[-39,-41],[-36,15],[26,20],[-35,-17],[-53,22],[-41,-10],[-108,83],[39,19],[15,-28],[49,1],[24,41],[157,52]],[[75037,57641],[65,-4],[65,-65],[19,-40],[-18,-96],[44,-22],[-30,-16],[-43,-83],[-87,-53],[-26,12],[-9,69],[38,124],[-1,63],[-57,102],[40,9]],[[75570,57652],[62,-140],[-17,-21],[-2,32],[-44,-199],[-43,-35],[-18,71],[-63,69],[-7,120],[3,28],[65,64],[64,11]],[[76476,57666],[36,-119],[161,-120],[-3,-15],[-49,-6],[-46,-28],[-52,96],[-45,26],[-39,52],[37,114]],[[74639,57698],[46,-80],[-69,-23],[-10,-48],[32,-37],[83,-8],[20,-103],[-75,-88],[1,-74],[-64,120],[-50,206],[26,84],[60,51]],[[77826,57700],[43,-77],[-22,-48],[29,2],[46,-46],[28,-47],[10,-84],[-50,-64],[-112,-38],[-63,60],[11,29],[-19,-26],[-15,6],[-8,88],[25,-13],[-46,29],[21,99],[-6,27],[-10,21],[-46,17],[46,20],[7,26],[131,19]],[[77523,57720],[81,-45],[58,10],[20,-16],[-47,-25],[5,-21],[39,-9],[17,-45],[-24,-102],[-38,-35],[-66,8],[22,70],[-12,106],[-82,81],[27,23]],[[75911,57756],[54,-26],[40,12],[62,-90],[-5,-38],[17,-34],[-39,-23],[-38,100],[-38,11],[-24,40],[-38,2],[8,-15],[27,10],[24,-40],[35,-11],[22,-61],[-26,-3],[0,34],[-17,17],[-37,-14],[46,1],[15,-129],[-77,-128],[-71,63],[14,61],[-60,165],[45,33],[25,51],[36,12]],[[77169,57791],[109,-69],[27,-64],[78,-60],[-16,-108],[-57,-135],[-60,67],[-63,33],[-19,92],[-36,48],[-2,101],[39,95]],[[75414,57737],[61,-113],[-57,-42],[-8,-125],[77,-121],[-26,-30],[-43,13],[-23,-28],[1,-62],[-33,-15],[-42,61],[12,40],[-27,33],[17,64],[-30,130],[72,70],[17,69],[-48,37],[-73,-10],[-10,14],[68,25],[31,81],[22,-16],[3,-50],[39,-25]],[[74701,57856],[190,-30],[-37,-93],[54,-18],[26,-68],[105,-139],[-45,-87],[-21,-3],[17,-5],[-45,-167],[73,-91],[-54,-67],[-11,17],[-45,-33],[-71,5],[-51,31],[-4,110],[-98,76],[68,73],[-5,126],[-26,27],[-79,2],[-28,53],[85,41],[-36,102],[14,109],[24,29]],[[77334,57855],[134,-35],[22,-53],[69,22],[-67,-85],[4,-20],[47,-45],[-38,-28],[-85,14],[-102,67],[31,63],[-33,98],[18,2]],[[75239,57864],[21,-13],[-40,-52],[-2,-48],[21,-49],[122,-34],[-140,-104],[-38,22],[-48,72],[43,57],[-23,111],[35,37],[49,1]],[[77625,57867],[75,-31],[43,-66],[84,-54],[-95,-17],[-16,12],[4,-15],[-50,-11],[-3,56],[-56,68],[-7,52],[21,6]],[[76978,57871],[125,-29],[-72,-105],[-25,-94],[11,-99],[66,-170],[-31,-40],[-12,13],[-15,-12],[-6,70],[-53,21],[51,-28],[-3,-55],[17,-35],[-112,35],[-26,37],[52,101],[-29,174],[-43,25],[-125,-64],[-28,6],[71,56],[-4,58],[48,22],[-25,15],[16,33],[67,-3],[85,68]],[[75312,57865],[20,-23],[-13,-69],[-91,-32],[-3,59],[42,62],[45,3]],[[74625,57881],[6,-28],[-22,-15],[-9,23],[25,20]],[[76048,57916],[14,-94],[130,-67],[-17,-32],[-88,-34],[-49,27],[15,87],[-55,80],[50,33]],[[75005,57711],[-1,-57],[-19,-16],[-71,87],[40,194],[52,-88],[-1,-120]],[[75761,57936],[-16,-4],[20,25],[-4,-21]],[[77604,57946],[45,-20],[-56,-56],[18,-76],[52,-79],[-2,-26],[-40,-11],[-102,49],[44,43],[-3,26],[-71,-23],[-13,46],[-53,20],[142,119],[39,-12]],[[76150,57964],[40,-39],[39,-145],[-43,-97],[-39,-36],[-37,29],[77,39],[13,43],[-24,30],[-113,47],[18,103],[69,26]],[[74898,57966],[50,-24],[-15,-58],[-73,88],[38,-6]],[[75587,57958],[19,2],[21,19],[21,-10],[-29,-209],[-38,-42],[-4,-58],[-54,-6],[-31,-20],[-25,48],[12,36],[-23,59],[13,41],[-14,59],[58,49],[27,68],[47,-36]],[[76547,58030],[41,-60],[4,-54],[66,-23],[50,-48],[-26,-41],[2,-66],[89,-40],[-106,-54],[-46,47],[38,-51],[46,14],[-6,-37],[22,-28],[-19,-36],[-45,0],[-16,28],[-45,-16],[6,-18],[90,-63],[-26,-28],[-138,123],[-60,207],[63,168],[-3,71],[19,5]],[[74515,58035],[11,-34],[-18,-36],[-15,38],[22,32]],[[75907,58042],[61,-30],[42,-57],[-38,-69],[40,-133],[-45,-21],[-24,25],[-46,5],[-28,-18],[-29,-54],[-26,0],[-56,148],[78,62],[37,71],[-53,-79],[-62,-35],[-1,32],[57,88],[93,65]],[[75450,58045],[29,-45],[49,1],[-20,-61],[-62,-64],[17,-56],[-17,-34],[7,-93],[-38,51],[-35,22],[-4,51],[-72,104],[146,124]],[[77604,58047],[63,1],[-10,-86],[37,-118],[-36,27],[-57,3],[52,50],[-84,39],[16,84],[19,0]],[[76676,57984],[4,-30],[14,-28],[-35,-31],[-66,29],[-4,53],[39,17],[48,63],[0,-73]],[[76964,58017],[-27,-65],[36,-79],[-74,-63],[-73,-1],[-25,63],[140,218],[33,-50],[-10,-23]],[[76813,57790],[-14,-17],[12,-14],[-38,-24],[-75,10],[-7,45],[36,60],[-55,35],[62,66],[59,148],[16,-9],[27,-51],[1,-35],[-25,-18],[32,-33],[-51,-79],[20,-84]],[[77292,58101],[18,-11],[53,-1],[8,-23],[-72,-96],[21,-14],[-40,-127],[-56,-12],[-11,14],[23,82],[-11,37],[34,29],[-42,-23],[-48,77],[123,68]],[[74555,58101],[14,-25],[-29,21],[15,4]],[[75685,58136],[16,1],[32,-48],[4,-47],[-49,-45],[-107,12],[-25,51],[75,37],[25,38],[29,1]],[[77387,58184],[47,-85],[85,-18],[-25,-68],[-59,20],[-52,-58],[0,-41],[72,-26],[-3,-19],[-42,-26],[-98,8],[-27,-40],[39,123],[-18,17],[72,95],[-15,30],[-32,-2],[-7,46],[31,4],[9,34],[23,6]],[[76085,58195],[39,-20],[12,-39],[45,-21],[-40,-52],[26,-69],[-92,1],[-50,73],[25,99],[35,28]],[[75816,58213],[28,-44],[-13,-32],[-31,17],[24,25],[-19,15],[11,19]],[[75112,58236],[80,-25],[-9,-107],[39,-114],[72,-37],[-12,-76],[-74,-3],[-52,-28],[-10,-74],[17,-72],[-47,-43],[-57,-6],[-40,25],[13,71],[-43,167],[8,20],[40,3],[-1,48],[-63,28],[61,-36],[-2,-37],[-39,-1],[-12,-37],[-38,58],[-81,19],[-16,39],[11,27],[42,29],[123,42],[31,58],[-14,36],[73,26]],[[77069,58254],[5,-38],[74,-15],[18,-210],[59,-72],[-24,-96],[25,-26],[67,4],[19,-17],[-30,-61],[-123,79],[-15,73],[-44,47],[-110,9],[24,100],[-15,137],[70,86]],[[74388,58291],[61,-149],[71,-94],[-33,-48],[26,-105],[0,-115],[-54,-144],[-5,-77],[-42,-21],[44,7],[-2,-121],[-47,-68],[-123,-26],[-99,36],[-45,-4],[-108,58],[-18,100],[28,165],[64,64],[43,176],[183,330],[56,36]],[[76819,58305],[13,-18],[-24,-22],[6,-18],[22,11],[26,44],[-6,-27],[9,-11],[21,-5],[55,17],[30,-34],[-32,-87],[9,41],[-18,5],[8,-103],[-97,-129],[-23,17],[25,22],[-4,42],[-18,34],[-20,19],[-69,10],[21,94],[40,25],[-19,28],[45,45]],[[77527,58362],[186,-106],[7,-41],[-22,-23],[-58,15],[-41,69],[-34,-12],[28,9],[38,-65],[77,-28],[9,-45],[-46,-72],[-32,27],[20,-31],[-75,-2],[-33,-102],[-54,-49],[-105,44],[42,65],[53,-15],[31,22],[5,71],[-80,13],[-23,43],[56,81],[52,32],[-37,88],[36,12]],[[76195,58379],[48,-76],[-5,-32],[76,-8],[-55,-320],[-59,28],[-41,95],[34,57],[-43,19],[-12,39],[-44,31],[40,96],[61,71]],[[76923,58392],[54,-15],[35,-40],[-42,-86],[-30,30],[-56,-18],[-23,11],[8,30],[25,19],[8,50],[21,19]],[[75974,58378],[32,13],[20,-48],[-14,-116],[-35,-106],[-31,-14],[-18,17],[16,-30],[-13,-25],[-63,63],[-13,59],[45,25],[-8,57],[37,41],[-34,83],[79,-19]],[[75542,58406],[20,0],[27,-41],[86,-25],[29,-121],[-6,-71],[-43,-3],[-107,-84],[6,-42],[54,-36],[-11,-20],[-61,46],[-53,-5],[-25,46],[-22,-3],[-62,-53],[-34,134],[31,93],[-3,60],[71,65],[0,51],[52,-7],[28,21],[23,-5]],[[76554,58415],[32,-31],[81,-12],[29,-61],[57,-15],[34,-65],[-44,-27],[-18,-92],[50,-27],[-73,-156],[-19,32],[-3,100],[-37,-25],[-22,-42],[-38,-14],[-28,53],[-40,13],[-9,63],[43,-6],[43,43],[-48,-40],[-41,9],[-7,-20],[-22,54],[25,69],[53,-2],[-54,8],[-22,-35],[78,226]],[[74276,58363],[18,-18],[-10,-20],[-18,54],[31,49],[-21,-65]],[[75759,58437],[14,-12],[-68,-78],[-50,34],[44,46],[60,10]],[[75564,58412],[-38,9],[53,20],[-15,-29]],[[76263,58471],[103,-39],[-55,-147],[-68,-11],[7,29],[-49,90],[62,78]],[[74379,58490],[37,-44],[-56,-63],[-50,75],[30,28],[39,4]],[[76996,58456],[76,-27],[69,26],[55,-11],[93,52],[219,-117],[-29,-29],[40,-88],[-79,-52],[-14,39],[26,22],[-35,65],[-23,-8],[23,-2],[28,-55],[-25,-22],[9,-49],[-20,-42],[-30,51],[-46,-6],[-34,32],[-10,78],[-30,-7],[25,1],[2,-68],[27,-29],[18,-12],[48,-3],[-22,-16],[-4,-29],[-35,-11],[1,-43],[-36,11],[-95,-58],[-29,34],[-8,127],[-78,18],[15,24],[-26,19],[0,76],[-114,100],[-15,49],[63,-40]],[[76575,58511],[47,-54],[73,34],[116,-36],[47,8],[55,-65],[-21,-29],[-4,-45],[-41,-27],[-26,-46],[-9,9],[24,28],[-10,19],[-17,-2],[-38,-34],[-16,32],[-52,8],[-34,66],[-73,9],[-39,37],[-5,49],[23,39]],[[74486,58531],[30,-19],[-23,-63],[-21,49],[14,33]],[[76656,58695],[35,-20],[-15,-76],[94,-52],[39,43],[9,-46],[63,-16],[-23,-41],[-39,-21],[-111,40],[-69,-34],[-28,11],[-41,70],[5,119],[9,21],[72,2]],[[76708,58768],[-24,-40],[-37,-19],[-4,24],[61,67],[4,-32]],[[76338,58847],[53,0],[155,-72],[-85,-119],[-25,15],[24,40],[-23,28],[18,-28],[-25,-38],[37,-49],[-14,-22],[-86,-9],[75,-2],[-37,-38],[-78,43],[-85,-11],[-21,26],[22,144],[68,92],[27,0]],[[74404,58875],[7,-23],[-208,-338],[-150,-82],[18,139],[79,184],[77,62],[177,58]],[[76907,58848],[133,-8],[67,27],[33,-47],[106,-6],[16,-177],[-14,-148],[-59,-22],[-144,-1],[-93,75],[-127,7],[-13,51],[-43,-45],[-89,53],[19,60],[-27,36],[14,13],[78,17],[33,-28],[-4,-37],[68,-9],[-67,15],[28,42],[-49,22],[-86,-11],[24,31],[5,39],[41,23],[-40,-17],[0,27],[69,5],[79,52],[42,-39]],[[76725,58972],[43,-6],[14,-51],[45,-19],[-49,-47],[-63,8],[-36,111],[46,4]],[[77243,58948],[-4,-102],[-37,-16],[-55,0],[-23,49],[-26,4],[-44,49],[142,18],[7,13],[-21,33],[62,-30],[-1,-18]],[[77666,58969],[93,-9],[113,-155],[24,-82],[-21,-69],[-11,59],[9,-77],[-32,-116],[-42,-17],[-32,11],[-8,70],[1,-71],[30,-11],[-63,-14],[-125,97],[71,94],[-11,32],[-36,10],[91,39],[10,21],[-98,-51],[-52,-59],[-10,47],[-53,22],[89,60],[-91,-56],[16,47],[-41,37],[64,122],[-1,36],[62,16],[25,-33],[27,46],[2,-46]],[[76248,58969],[-25,8],[6,39],[19,-47]],[[76904,59007],[24,2],[49,-42],[2,-90],[-70,-7],[-27,31],[-43,-9],[-53,27],[27,84],[26,-21],[38,38],[27,-13]],[[77123,59077],[-2,-61],[48,-23],[29,-34],[-144,-17],[-5,-19],[33,-50],[-79,-8],[-25,80],[7,21],[43,14],[-14,6],[16,25],[-49,-39],[-47,48],[32,23],[22,-24],[11,11],[-5,24],[20,-5],[43,27],[58,11],[8,-10]],[[77248,59098],[-38,-36],[-11,-56],[-73,13],[-4,89],[41,-12],[59,21],[26,-19]],[[76570,59155],[-109,-82],[-4,30],[113,52]],[[76873,59102],[43,-18],[47,21],[32,-76],[-9,-5],[-19,25],[-57,-37],[-31,14],[-41,-39],[-25,27],[-1,37],[-22,-92],[-35,25],[-88,10],[32,81],[55,26],[45,84],[57,6],[17,-89]],[[76927,59247],[47,7],[56,-21],[13,-59],[70,-73],[-99,19],[9,31],[-20,-30],[107,-31],[-59,-11],[-49,-24],[-23,42],[-37,33],[-11,45],[8,-47],[15,-19],[-40,-20],[-32,11],[-27,101],[28,55],[44,-9]],[[76596,59211],[2,38],[24,20],[-26,-58]],[[77103,59417],[78,-9],[51,-64],[23,-71],[63,-83],[-27,-69],[-28,-13],[-44,15],[-22,39],[7,52],[-10,-50],[20,-39],[-48,-22],[-37,8],[-72,57],[-26,75],[-57,20],[110,59],[-42,102],[61,-7]],[[77419,59502],[41,0],[31,-93],[58,-64],[-16,-60],[-40,39],[1,51],[-65,9],[61,-12],[-1,-52],[40,-42],[21,27],[-1,-42],[-59,-172],[-49,74],[-20,9],[47,-49],[14,-49],[-113,-24],[-45,-30],[-2,-156],[27,-93],[56,0],[-41,99],[-1,113],[21,28],[84,-19],[-6,-32],[58,-41],[-55,-82],[50,-49],[-12,-64],[56,-15],[18,-54],[60,45],[19,-10],[-84,-104],[13,-39],[64,-31],[36,-47],[-33,-76],[-66,15],[-97,59],[12,29],[-27,24],[43,16],[0,27],[-5,-24],[-46,-19],[29,-24],[-16,-22],[-113,52],[-86,223],[13,63],[-31,93],[12,39],[-36,79],[26,50],[83,76],[-28,96],[29,-1],[35,20],[-36,35],[22,22],[-27,-24],[34,-37],[-42,-12],[-52,24],[-72,153],[96,-33],[23,23],[-1,33],[26,-4],[47,30],[-9,30],[27,-4]],[[77613,59541],[45,-19],[1,-115],[29,-61],[106,-70],[-57,-77],[-71,14],[52,34],[-58,-35],[78,-18],[-16,-61],[26,-154],[-39,0],[4,91],[-20,7],[16,-6],[-6,-94],[-33,-4],[3,34],[-13,14],[-25,-46],[-23,30],[-61,-12],[-4,-42],[-24,-24],[-55,37],[11,25],[-14,17],[67,73],[62,226],[-23,62],[-54,61],[-13,91],[109,22]],[[76469,59577],[137,-56],[32,12],[91,-19],[15,-47],[75,-41],[-85,-90],[-44,-3],[-61,-41],[-39,-43],[-18,-41],[-117,-79],[-31,-45],[30,-91],[166,-98],[15,-54],[-70,-48],[-24,22],[-40,-16],[-96,58],[-53,7],[-38,210],[-72,108],[69,221],[104,93],[12,76],[42,5]],[[77027,59502],[20,12],[11,47],[24,-1],[32,-127],[-65,9],[-28,-25],[30,-44],[-20,-30],[37,-13],[-130,-69],[-61,15],[-37,-63],[-64,-11],[-30,-73],[-74,-44],[-39,-92],[-59,-2],[-63,26],[-13,60],[118,97],[54,119],[99,41],[125,131],[76,-55],[32,7],[9,30],[-51,91],[4,37],[28,-5],[35,-68]],[[77353,59640],[82,-13],[27,-94],[-14,-21],[-61,2],[12,-31],[-49,-28],[-87,75],[32,46],[8,87],[50,-23]],[[76907,59865],[11,-74],[40,2],[-2,-89],[-43,-45],[-59,-15],[22,-21],[4,-47],[36,-11],[12,-38],[34,-2],[40,-76],[-15,-33],[-91,64],[-58,-50],[-21,31],[-65,24],[-14,37],[-75,17],[21,126],[34,39],[28,-2],[14,37],[68,30],[13,68],[66,28]],[[77046,60172],[54,-24],[23,4],[78,-57],[73,-143],[19,14],[77,-40],[-24,-153],[77,-62],[11,-70],[-131,30],[-19,-50],[-100,63],[32,62],[-30,52],[-40,33],[-43,-14],[-57,71],[-25,2],[81,-76],[42,14],[41,-34],[23,-51],[-29,-60],[105,-77],[-35,-73],[62,-85],[-9,-38],[-76,49],[-46,-40],[-51,15],[-22,87],[64,23],[0,47],[-92,-5],[-66,13],[67,113],[63,35],[-66,-32],[-70,-111],[9,-15],[28,-7],[123,7],[-5,-44],[-58,-8],[-20,27],[-21,4],[-15,-15],[-8,-42],[-15,-4],[-28,64],[-26,12],[-19,-22],[3,-23],[-23,-8],[-11,36],[-37,14],[-3,43],[-19,21],[67,19],[37,42],[4,46],[-8,45],[-26,0],[-14,24],[-5,44],[-33,10],[21,116],[-30,54],[53,112],[66,-2],[52,18]],[[77549,60247],[-7,-43],[21,-28],[-19,-149],[24,-16],[37,8],[87,-99],[-87,2],[-22,-46],[89,-69],[-24,-39],[12,-25],[66,22],[18,-118],[111,-110],[8,-32],[-31,-87],[29,-77],[31,-10],[57,49],[15,-10],[-20,-34],[-107,-68],[-26,56],[-74,38],[-46,52],[16,83],[-28,68],[-74,25],[-51,-25],[-51,16],[-40,126],[-54,51],[22,92],[3,310],[40,29],[12,82],[23,25],[-25,49],[80,-63],[-15,-35]],[[77091,60311],[17,-8],[-4,-44],[32,12],[-7,45],[31,11],[-21,-63],[33,-57],[52,-30],[-11,-31],[18,5],[14,-47],[-18,-33],[-79,94],[-61,37],[-21,65],[24,89],[1,-45]],[[73549,60439],[23,-8],[-38,3],[15,5]],[[77080,60583],[-11,-41],[3,52],[8,-11]],[[76790,60703],[43,-10],[21,-41],[42,-24],[10,-104],[56,-29],[-21,-46],[49,-4],[-59,-6],[-56,47],[-85,217]],[[77224,60889],[10,-10],[7,-75],[13,-22],[-9,-64],[-19,16],[-12,-30],[38,-10],[-46,-47],[14,-43],[-16,-37],[59,-120],[-20,-75],[70,-52],[-89,-58],[-12,-33],[-24,2],[37,-45],[-30,37],[-13,-14],[-37,55],[21,65],[-75,35],[-22,39],[-5,58],[23,29],[-16,39],[14,50],[-8,51],[35,24],[-28,47],[-54,6],[-8,20],[49,12],[12,34],[30,13],[4,70],[4,-38],[68,90],[8,-23],[17,24],[10,-20]],[[77360,60947],[-2,-24],[-13,21],[15,3]],[[77308,60952],[50,-35],[98,-29],[69,-255],[63,-60],[-27,-82],[39,-59],[-128,-82],[23,-59],[-21,-16],[-1,-61],[-25,-35],[-45,26],[4,38],[-43,56],[25,17],[-6,70],[23,8],[-26,-6],[3,-68],[-23,-21],[40,-60],[-1,-38],[33,-19],[-43,-215],[-49,14],[-80,86],[-41,170],[71,47],[29,-11],[-3,-20],[28,24],[-31,7],[23,20],[-7,35],[-67,37],[47,42],[-61,72],[-8,52],[-27,28],[15,41],[-8,35],[34,29],[15,47],[-15,9],[32,12],[-14,35],[-16,-4],[15,17],[-23,11],[-8,77],[-26,51],[94,22]]],"transform":{"scale":[0.0002681994490238364,0.0002594009759676322],"translate":[68.18624877929705,6.754255771636963]},"objects":{"india_full":{"type":"GeometryCollection","geometries":[{"arcs":[[[0]],[[1]],[[2]],[[3]],[[4]],[[5]],[[6]],[[7]],[[8]],[[9]],[[10]],[[11]],[[12]],[[13]],[[14]],[[15]],[[16]],[[17]],[[18]],[[19]],[[20]],[[21]],[[22]],[[23]],[[24]],[[25]],[[26]],[[27]],[[28]],[[29]],[[30]],[[31]],[[32]],[[33]],[[34]],[[35]],[[36]],[[37]],[[38]],[[39]],[[40]],[[41]],[[42]],[[43]],[[44]],[[45]],[[46]],[[47]],[[48]],[[49]],[[50]],[[51]],[[52]],[[53]],[[54]],[[55]],[[56]],[[57]],[[58]],[[59]],[[60]],[[61]],[[62]],[[63]],[[64]],[[65]],[[66]],[[67]],[[68]],[[69]],[[70]],[[71]],[[72]],[[73]],[[74]],[[75]],[[76]],[[77]],[[78]],[[79]],[[80]],[[81]],[[82]],[[83]],[[84]],[[85]],[[86]],[[87]],[[88]],[[89]],[[90]],[[91]],[[92]],[[93]],[[94]],[[95]],[[96]],[[97]],[[98]],[[99]],[[100]],[[101]],[[102]],[[103]],[[104]],[[105]],[[106]],[[107]],[[108]],[[109]],[[110]],[[111]],[[112]],[[113]],[[114]]],"type":"MultiPolygon","properties":{"ID_0":105,"ISO":"IND","NAME_0":"India","ID_1":1,"NAME_1":"Andaman and Nicobar","NL_NAME_1":null,"VARNAME_1":"Andaman & Nicobar Islands|Andaman et Nicobar|Iihas de Andama e Nicobar|Inseln Andamanen und Nikobare","TYPE_1":"Union Territor","ENGTYPE_1":"Union Territory"}},{"arcs":[[[115]],[[116]],[[117]],[[118]],[[119]],[[120]],[[121]],[[122]],[[125,126,127]],[[128,129,130,131,132,133,134,135,136,137,138,139,140,141,142,143,144,145,146,147,148,149,150,151,152,153,154,155,156,157,158,159,160,161,162,163,164,165,166,167,168,169,170,171,172,173,174,175,176,177,178,179,180,181,182,183,184,185,186,187,188,189,190,191,192,193,194,195,196,197,198,199]]],"type":"MultiPolygon","properties":{"ID_0":105,"ISO":"IND","NAME_0":"India","ID_1":2,"NAME_1":"Andhra Pradesh","NL_NAME_1":null,"VARNAME_1":null,"TYPE_1":"State","ENGTYPE_1":"State"}},{"arcs":[[200,201,202]],"type":"Polygon","properties":{"ID_0":105,"ISO":"IND","NAME_0":"India","ID_1":3,"NAME_1":"Arunachal Pradesh","NL_NAME_1":null,"VARNAME_1":"Agence de la Frontire du Nord-Est(French-obsolete)|North East Frontier Agency","TYPE_1":"State","ENGTYPE_1":"State"}},{"arcs":[[[203,204,205,206,207,208,209,210,211,212,213,214,215,216,217,218,219,220,221,222,223,224,225,226,227,228,229,230,231,232,233,234,235,236,237,238,239,240,241,242,243,244,245,246,247,248,249,250,251,252,253,254,255,256,257,258,259,260,261,262,263,264,265,266,267,268,269,270,271,272,273,274,275,276,277,278,279,280,281,282,283,284,285,286,287,288,289,290,291,292,293,294,295,296,297,298,299,300,-202]],[[301,302,303,304,305,306]]],"type":"MultiPolygon","properties":{"ID_0":105,"ISO":"IND","NAME_0":"India","ID_1":4,"NAME_1":"Assam","NL_NAME_1":null,"VARNAME_1":null,"TYPE_1":"State","ENGTYPE_1":"State"}},{"arcs":[[[309,310]],[[311,312,313,314,315,316,317,318,319,320,321,322,323,324,325,326,327,328,329,330,331,332,333,334,335,336,337,338,339,340,341,342,343,344,345,346,347,348,349,350,351,352,353,354,355,356,357,358,359,360,361,362,363,364,365,366,367,368,369,370,371,372,373,374,375,376,377,378,379,380,381,382,383,384,385,386,387,388,389,390,391,392,393,394,395,396,397,398,399,400,401,402,403,404,405,406,407,408,409,410,411,412,413,414,415,416,417,418,419,420,421,422,423,424,425,426,427,428,429,430,431,432,433,434,435,436,437,438,439,440,441,442,443,444,445,446,447,448,449,450,451,452,453,454,455,456,457,458,459,460,461,462,463,464,465,466,467,468,469,470,471,472,473,474,475,476,477,478,479,480,481,482,483,484]]],"type":"MultiPolygon","properties":{"ID_0":105,"ISO":"IND","NAME_0":"India","ID_1":5,"NAME_1":"Bihar","NL_NAME_1":null,"VARNAME_1":null,"TYPE_1":"State","ENGTYPE_1":"State"}},{"arcs":[[485,486,487,488,489,490,491,492,493,494,495,496,497,498,499,500,501,502,503,504,505,506,507,508,509,510,511,512,513,514]],"type":"Polygon","properties":{"ID_0":105,"ISO":"IND","NAME_0":"India","ID_1":6,"NAME_1":"Chandigarh","NL_NAME_1":null,"VARNAME_1":null,"TYPE_1":"Union Territor","ENGTYPE_1":"Union Territory"}},{"arcs":[[515,-148,516,517,518,519]],"type":"Polygon","properties":{"ID_0":105,"ISO":"IND","NAME_0":"India","ID_1":7,"NAME_1":"Chhattisgarh","NL_NAME_1":null,"VARNAME_1":null,"TYPE_1":"State","ENGTYPE_1":"State"}},{"arcs":[[520,521,522,523,524,525,526,527,528,529,530,531,532,533,534,535,536,537,538,539,540,541,542,543,544,545,546,547,548,549,550,551,552,553,554,555,556,557,558,559,560,561,562,563,564,565,566,567,568,569,570,571,572,573,574,575,576,577,578,579,580,581,582,583,584,585,586,587,588,589,590,591,592,593,594,595,596,597,598,599,600,601,602,603,604,605,606,607,608,609,610,611,612,613,614,615,616]],"type":"Polygon","properties":{"ID_0":105,"ISO":"IND","NAME_0":"India","ID_1":8,"NAME_1":"Dadra and Nagar Haveli","NL_NAME_1":null,"VARNAME_1":"DAdra et Nagar Haveli|Dadra e Nagar Haveli","TYPE_1":"Union Territor","ENGTYPE_1":"Union Territory"}},{"arcs":[[[617,618,619,620,621,622,623,624,625,626,627,628,629]],[[630,631]],[[632,633,634,635,636]],[[637,638,639,640,641,642,643,644,645,646,647,648,649,650,651,652,653,654,655,656,657,658,659,660,661]]],"type":"MultiPolygon","properties":{"ID_0":105,"ISO":"IND","NAME_0":"India","ID_1":9,"NAME_1":"Daman and Diu","NL_NAME_1":null,"VARNAME_1":null,"TYPE_1":"Union Territor","ENGTYPE_1":"Union Territory"}},{"arcs":[[662,663,664,665,666,667,668,669,670,671,672,673,674,675,676,677,678,679,680,681,682,683,684,685,686,687,688,689,690,691,692,693,694,695,696,697,698,699,700,701,702,703,704,705,706,707,708,709,710,711,712,713,714,715,716,717,718,719,720,721,722,723,724,725,726,727,728,729,730,731,732,733,734,735,736,737,738,739,740,741,742,743,744,745,746]],"type":"Polygon","properties":{"ID_0":105,"ISO":"IND","NAME_0":"India","ID_1":10,"NAME_1":"Delhi","NL_NAME_1":null,"VARNAME_1":null,"TYPE_1":"Union Territor","ENGTYPE_1":"Union Territory"}},{"arcs":[[[747]],[[748]],[[749,750,751,752,753,754,755,756,757,758,759,760,761,762,763,764,765,766,767,768,769,770,771,772,773,774,775]]],"type":"MultiPolygon","properties":{"ID_0":105,"ISO":"IND","NAME_0":"India","ID_1":11,"NAME_1":"Goa","NL_NAME_1":null,"VARNAME_1":"Ga","TYPE_1":"State","ENGTYPE_1":"State"}},{"arcs":[[[776,777,778,779,-580,780,-578,781,782,-575,783,784,785,-571,786,787,788,-567,789,790,-564,791,-562,792,793,794,795,-557,796,797,-554,798,-552,799,-550,800,-548,801,-546,802,-544,803,804,805,806,-539,807,808,-536,809,810,811,-532,812,-530,813,-528,814,815,816,-524,817,818,819,820,-616,821,822,823,824,-611,825,-609,826,-607,827,828,829,-628,830,-626,831,-624,832,-622,833,834,-619,835,836,-633,837,838,-635,839,-632,840,-648,841,-646,842,843,-643,844,-641,845,-639,846,847,-661,848,-659,849,850,-656,851,-654,852,-652,853,854,855,856,857,858,859]],[[-650,860]],[[861]],[[862]],[[863]],[[864]],[[865]],[[866]],[[867]],[[868]],[[869]],[[870]],[[871]],[[872]],[[873]],[[874]],[[875]],[[876]],[[877]],[[878]],[[879]],[[880]],[[881]],[[882]],[[883]],[[884]],[[885]],[[886]],[[887]],[[888]],[[889]],[[890]],[[891]],[[892]],[[893]],[[894]],[[895]],[[896]],[[897]],[[898]],[[899]],[[900]],[[901]],[[902]],[[903]],[[904]],[[905]],[[906]],[[907]],[[908]],[[909]],[[910]],[[911]],[[912]],[[913]],[[914]],[[915]],[[916]],[[917]],[[918]],[[919]],[[920]],[[921]],[[922]],[[923]],[[924]],[[925]],[[926]],[[927]],[[928]],[[929]],[[930]],[[931]],[[932]],[[933]],[[934]],[[935]],[[936]],[[937]],[[938]],[[939]],[[940]],[[941]],[[942]],[[943]],[[944]],[[945]],[[946]]],"type":"MultiPolygon","properties":{"ID_0":105,"ISO":"IND","NAME_0":"India","ID_1":12,"NAME_1":"Gujarat","NL_NAME_1":null,"VARNAME_1":"Goudjerate|Gujerat|Gujerate","TYPE_1":"State","ENGTYPE_1":"State"}},{"arcs":[[947,948,-745,949,-743,950,-741,951,-739,952,-737,953,-735,954,-733,955,-731,956,957,-728,958,-726,959,960,961,-722,962,963,-719,964,965,966,-715,967,-713,968,-711,969,970,-708,971,-706,972,-704,973,974,975,976,-699,977,-697,978,979,980,-693,981,982,983,984,985,986,987,988,989,990,991,992,993]],"type":"Polygon","properties":{"ID_0":105,"ISO":"IND","NAME_0":"India","ID_1":13,"NAME_1":"Haryana","NL_NAME_1":null,"VARNAME_1":null,"TYPE_1":"State","ENGTYPE_1":"State"}},{"arcs":[[994,995,996,-994,997,998]],"type":"Polygon","properties":{"ID_0":105,"ISO":"IND","NAME_0":"India","ID_1":14,"NAME_1":"Himachal Pradesh","NL_NAME_1":null,"VARNAME_1":null,"TYPE_1":"Union Territor","ENGTYPE_1":"Union Territory"}},{"arcs":[[-999,999,1000]],"type":"Polygon","properties":{"ID_0":105,"ISO":"IND","NAME_0":"India","ID_1":15,"NAME_1":"Jammu and Kashmir","NL_NAME_1":null,"VARNAME_1":null,"TYPE_1":"State","ENGTYPE_1":"State"}},{"arcs":[[1001,1002,-520,1003,-407]],"type":"Polygon","properties":{"ID_0":105,"ISO":"IND","NAME_0":"India","ID_1":16,"NAME_1":"Jharkhand","NL_NAME_1":null,"VARNAME_1":"Vananchal","TYPE_1":"State","ENGTYPE_1":"State"}},{"arcs":[[[-146,1004,1005,1006,1007,1008,1009,1010,1011,1012,1013,1014,1015,1016,1017,1018,1019,1020,1021,1022,1023,1024,1025,1026,1027,1028,1029,1030,1031,1032,1033,1034,1035,1036,1037,1038,1039,1040,1041,1042,1043,1044,1045,1046,1047,1048,1049,1050,1051,1052,1053,1054,1055,1056,1057,1058,1059,1060,1061,1062,1063,1064,1065,1066,-771,1067,1068,1069,-767,1070,-765,1071,-763,1072,-761,1073,1074,1075,-757,1076,-755,1077,1078,-752,1079,-750,1080]],[[1081]],[[1082]],[[1083]],[[1084]],[[1085]]],"type":"MultiPolygon","properties":{"ID_0":105,"ISO":"IND","NAME_0":"India","ID_1":17,"NAME_1":"Karnataka","NL_NAME_1":null,"VARNAME_1":"Maisur|Mysore","TYPE_1":"State","ENGTYPE_1":"State"}},{"arcs":[[[1086,-1064,1087,-1062,1088,-1060,1089,-1058,1090,1091,1092,-1054,1093,-1052,1094,1095,-1049,1096,-1047,1097,1098,-1044,1099,-1042,1100,-1040,1101,1102,1103,1104,-1035,1105,-1033,1106,1107,-1030,1108,-1028,1109,1110,1111,-1024,1112,-1022,1113,1114,1115,1116,1117,-1016,1118,1119,-1013,1120,-1011,1121,-1009,1122,1123,-1006,1124,1125,1126,1127,1128,1129,1130,1131,1132,1133,1134,1135,1136,1137,1138,1139,1140,1141,1142,1143,1144,1145,1146,1147,1148,1149,1150,1151,1152,1153,1154,1155,1156,1157,1158,1159,1160,-1066]],[[1161]],[[1162]],[[1163]],[[1164]],[[1165]],[[1166]],[[1167]],[[1168]],[[1169]],[[1170]],[[1171]],[[1172]],[[1173]],[[1174]],[[1175]],[[1176]],[[1177]],[[1178]],[[1179]]],"type":"MultiPolygon","properties":{"ID_0":105,"ISO":"IND","NAME_0":"India","ID_1":18,"NAME_1":"Kerala","NL_NAME_1":null,"VARNAME_1":null,"TYPE_1":"State","ENGTYPE_1":"State"}},{"arcs":[[[1180]],[[1181]],[[1182]],[[1183]],[[1184]],[[1185]],[[1186]],[[1187]],[[1188]],[[1189]],[[1190]],[[1191]],[[1192]]],"type":"MultiPolygon","properties":{"ID_0":105,"ISO":"IND","NAME_0":"India","ID_1":19,"NAME_1":"Lakshadweep","NL_NAME_1":null,"VARNAME_1":"les Laquedives|Laccadive|Minicoy and Amindivi Islands|Laccadives|Lackadiverna|Lakkadiven|Lakkadi","TYPE_1":"Union Territor","ENGTYPE_1":"Union Territory"}},{"arcs":[[-518,1193,-777,1194,1195]],"type":"Polygon","properties":{"ID_0":105,"ISO":"IND","NAME_0":"India","ID_1":20,"NAME_1":"Madhya Pradesh","NL_NAME_1":null,"VARNAME_1":null,"TYPE_1":"State","ENGTYPE_1":"State"}},{"arcs":[[[-517,-147,-1081,-776,1196,1197,-773,1198,-828,1199,1200,-604,1201,-602,1202,1203,-599,1204,-597,1205,1206,1207,-593,1208,1209,1210,-589,1211,-587,1212,-585,1213,1214,1215,-778,-1194]],[[1216]],[[1217]],[[1218]],[[1219]]],"type":"MultiPolygon","properties":{"ID_0":105,"ISO":"IND","NAME_0":"India","ID_1":21,"NAME_1":"Maharashtra","NL_NAME_1":null,"VARNAME_1":null,"TYPE_1":"State","ENGTYPE_1":"State"}},{"arcs":[[1220,1221,-205,1222]],"type":"Polygon","properties":{"ID_0":105,"ISO":"IND","NAME_0":"India","ID_1":22,"NAME_1":"Manipur","NL_NAME_1":null,"VARNAME_1":null,"TYPE_1":"State","ENGTYPE_1":"State"}},{"arcs":[[1223,1224,1225,-304,1226,1227,-309,1228,-264,1229,-262,1230,-260,1231,-258,1232,1233,-255,1234,-253,1235,-251,1236,1237,-248,1238,1239,-245,1240,-243,1241,1242,-240,1243,1244,1245,1246,-235,1247,-233,1248,1249,-230,1250,-228]],"type":"Polygon","properties":{"ID_0":105,"ISO":"IND","NAME_0":"India","ID_1":23,"NAME_1":"Meghalaya","NL_NAME_1":null,"VARNAME_1":null,"TYPE_1":"State","ENGTYPE_1":"State"}},{"arcs":[[-1222,1251,1252,1253,1254,1255,1256,1257,1258,1259,1260,1261,1262,1263,1264,1265,1266,1267,1268,1269,1270,1271,1272,1273,1274,1275,1276,1277,1278,1279,1280,1281,1282,1283,1284,1285,1286,1287,1288,1289,1290,1291,1292,1293,1294,1295,1296,1297,1298,1299,1300,1301,1302,1303,1304,1305,1306,1307,1308,1309,1310,1311,1312,1313,1314,1315,1316,1317,1318,1319,1320,-225,1321,-223,1322,-221,1323,-219,1324,1325,-216,1326,1327,-213,1328,-211,1329,-209,1330,1331,-206]],"type":"Polygon","properties":{"ID_0":105,"ISO":"IND","NAME_0":"India","ID_1":24,"NAME_1":"Mizoram","NL_NAME_1":null,"VARNAME_1":null,"TYPE_1":"State","ENGTYPE_1":"State"}},{"arcs":[[1332,-1223,-204,-201]],"type":"Polygon","properties":{"ID_0":105,"ISO":"IND","NAME_0":"India","ID_1":25,"NAME_1":"Nagaland","NL_NAME_1":null,"VARNAME_1":null,"TYPE_1":"State","ENGTYPE_1":"State"}},{"arcs":[[[1333,1334,1335,1336,1337,1338,1339,1340,1341,1342,1343,1344,1345,1346,1347,1348,1349,1350,1351,1352,1353,1354,1355,1356,1357,1358,1359,1360,1361,1362,1363,1364,1365,1366,1367,1368,1369,1370,1371,1372,1373,1374,1375,1376,1377,1378,1379,1380,1381,1382,1383,1384,1385,1386,1387,1388,1389,1390,1391,1392,1393,1394,-197,1395,-195,1396,-193,1397,1398,-190,1399,-188,1400,-186,1401,-184,1402,1403,1404,1405,1406,-178,1407,-176,1408,-174,1409,1410,1411,-170,1412,1413,1414,-166,1415,1416,-163,1417,-161,1418,1419,1420,-157,1421,-155,1422,-153,1423,-151,1424,-149,-516,-1003]],[[1425]],[[1426]],[[1427]],[[1428]],[[1429]],[[1430]],[[1431]],[[1432]],[[1433]],[[1434]],[[1435]],[[1436]],[[1437]],[[1438]],[[1439]],[[1440]],[[1441]],[[1442]],[[1443]],[[1444]],[[1445]],[[1446]],[[1447]],[[1448]]],"type":"MultiPolygon","properties":{"ID_0":105,"ISO":"IND","NAME_0":"India","ID_1":26,"NAME_1":"Orissa","NL_NAME_1":null,"VARNAME_1":null,"TYPE_1":"State","ENGTYPE_1":"State"}},{"arcs":[[[-125,1449,-129]],[[-127,1450]],[[-1143,1451,-1141,1452,1453,1454,1455,-1136,1456,-1134,1457,1458,1459,-1130,1460,-1128,1461,1462,1463,-1159,1464,-1157,1465,-1155,1466,1467,-1152,1468,-1150,1469,-1148,1470,-1146,1471,1472]],[[1473,1474,1475,1476,1477,1478,1479,1480,1481,1482,1483,1484,1485,1486,1487,1488,1489,1490,1491,1492,1493,1494,1495,1496,1497,1498,1499,1500,1501,1502,1503,1504,1505,1506,1507,1508,1509,1510,1511,1512,1513,1514,1515,1516,1517,1518,1519,1520,1521,1522,1523,1524,1525,1526]],[[1527,1528,1529,1530,1531,1532,1533,1534,1535,1536,1537,1538,1539,1540,1541,1542,1543,1544,1545,1546,1547,1548,1549,1550,1551,1552,1553]]],"type":"MultiPolygon","properties":{"ID_0":105,"ISO":"IND","NAME_0":"India","ID_1":27,"NAME_1":"Puducherry","NL_NAME_1":null,"VARNAME_1":"Pondicherry|Puduchcheri|Pondichry","TYPE_1":"Union Territor","ENGTYPE_1":"Union Territory"}},{"arcs":[[-993,1554,1555,1556,1557,1558,1559,-506,1560,1561,-503,1562,-501,1563,-499,1564,1565,-496,1566,1567,-493,1568,-491,1569,-489,1570,1571,-486,1572,-989,1573,1574,-1000,-998]],"type":"Polygon","properties":{"ID_0":105,"ISO":"IND","NAME_0":"India","ID_1":28,"NAME_1":"Punjab","NL_NAME_1":null,"VARNAME_1":null,"TYPE_1":"State","ENGTYPE_1":"State"}},{"arcs":[[-988,1575,-1195,-860,1576,-858,1577,1578,-855,1579,-1574]],"type":"Polygon","properties":{"ID_0":105,"ISO":"IND","NAME_0":"India","ID_1":29,"NAME_1":"Rajasthan","NL_NAME_1":null,"VARNAME_1":"Greater Rajasthan|Rajputana","TYPE_1":"State","ENGTYPE_1":"State"}},{"arcs":[[1580,1581,1582,1583,1584,1585,1586,1587,1588,1589,1590]],"type":"Polygon","properties":{"ID_0":105,"ISO":"IND","NAME_0":"India","ID_1":30,"NAME_1":"Sikkim","NL_NAME_1":null,"VARNAME_1":null,"TYPE_1":"State","ENGTYPE_1":"State"}},{"arcs":[[[1591,-142,1592,-140,1593,-138,1594,-136,1595,-134,1596,1597,-131,1598,1599,-1547,1600,-1545,1601,1602,-1542,1603,1604,-1539,1605,-1537,1606,-1535,1607,-1533,1608,-1531,1609,-1529,1610,-1554,1611,-1552,1612,-1550,1613,1614,-1481,1615,-1479,1616,1617,1618,1619,-1474,1620,-1526,1621,1622,-1523,1623,-1521,1624,-1519,1625,-1517,1626,-1515,1627,1628,1629,-1511,1630,-1509,1631,-1507,1632,-1505,1633,1634,-1502,1635,-1500,1636,-1498,1637,1638,1639,-1494,1640,-1492,1641,1642,-1489,1643,-1487,1644,-1485,1645,1646,-1125,-1005,-145,1647]],[[1648]],[[1649]],[[1650]],[[1651]],[[1652]],[[1653]],[[1654]],[[1655]],[[1656]],[[1657]],[[1658]],[[1659]],[[1660]],[[1663]],[[1664]],[[1665]],[[1666]]],"type":"MultiPolygon","properties":{"ID_0":105,"ISO":"IND","NAME_0":"India","ID_1":31,"NAME_1":"Tamil Nadu","NL_NAME_1":null,"VARNAME_1":"Madras|Tamilnad","TYPE_1":"State","ENGTYPE_1":"State"}},{"arcs":[[-226,-1321,1667,-1319,1668,-1317,1669,1670,-1314,1671,-1312,1672,1673,1674,-1308,1675,-1306,1676,1677,1678,-1302,1679,1680,-1299,1681,-1297,1682,1683,1684,1685,-1292,1686,1687,-1289,1688,-1287,1689,-1285,1690,-1283,1691,-1281,1692,-1279,1693,-1277,1694,-1275,1695,1696,1697,1698,-1270,1699,-1268,1700,-1266,1701,-1264,1702,-1262,1703,-1260,1704,-1258,1705,1706,-1255,1707,-1253,1708]],"type":"Polygon","properties":{"ID_0":105,"ISO":"IND","NAME_0":"India","ID_1":32,"NAME_1":"Tripura","NL_NAME_1":null,"VARNAME_1":null,"TYPE_1":"State","ENGTYPE_1":"State"}},{"arcs":[[1709,1710,1711,1712,1713,1714,1715,1716,1717,1718,1719,1720,1721,1722,1723,1724,1725,1726,1727,1728,1729,1730,1731,1732,1733,1734,1735,1736,1737,1738,1739,1740,1741,1742,1743,-484,1744,-482,1745,-480,1746,-478,1747,-476,1748,-474,1749,-472,1750,-470,1751,1752,1753,-466,1754,-464,1755,-462,1756,1757,-459,1758,-457,1759,-455,1760,-453,1761,-451,1762,1763,-448,1764,1765,-445,1766,-443,1767,1768,1769,-439,1770,-437,1771,1772,-434,1773,1774,1775,-430,1776,-428,1777,-426,1778,-424,1779,1780,-421,1781,-419,1782,-417,1783,1784,-414,1785,-412,1786,-410,1787,-408,-1004,-519,-1196,-1576,-987,1788,1789,1790,-685,1791,-683,1792,1793,1794,-679,1795,1796,-676,1797,1798,-673,1799,-671,1800,1801,-668,1802,1803,-665,1804,-663,1805,1806,-948,-997,1807]],"type":"Polygon","properties":{"ID_0":105,"ISO":"IND","NAME_0":"India","ID_1":33,"NAME_1":"Uttar Pradesh","NL_NAME_1":null,"VARNAME_1":"United Provinces","TYPE_1":"State","ENGTYPE_1":"State"}},{"arcs":[[-1743,1808,-1741,1809,-1739,1810,-1737,1811,1812,1813,1814,-1732,1815,-1730,1816,-1728,1817,1818,-1725,1819,-1723,1820,1821,1822,1823,-1718,1824,-1716,1825,-1714,1826,-1712,1827,1828,-1808,-996,1829]],"type":"Polygon","properties":{"ID_0":105,"ISO":"IND","NAME_0":"India","ID_1":34,"NAME_1":"Uttaranchal","NL_NAME_1":null,"VARNAME_1":"Uttarakhand","TYPE_1":"State","ENGTYPE_1":"State"}},{"arcs":[[[1830,-1588,1831,-1586,1832,-1584,1833,1834,-1581,1835,-300,1836,-298,1837,-296,1838,-294,1839,-292,1840,-290,1841,-288,1842,-286,1843,-284,1844,-282,1845,1846,-279,1847,-277,1848,-275,1849,1850,-272,1851,-270,1852,-268,1853,-266,1854,1855,-1392,1856,-1390,1857,-1388,1858,-1386,1859,-1384,1860,1861,1862,-1380,1863,-1378,1864,-1376,1865,-1374,1866,1867,1868,-1370,1869,-1368,1870,1871,-1365,1872,-1363,1873,-1361,1874,1875,-1358,1876,1877,-1355,1878,-1353,1879,-1351,1880,1881,-1348,1882,-1346,1883,1884,-1343,1885,-1341,1886,1887,-1338,1888,-1336,1889,-1334,-1002,-406,1890,-404,1891,-402,1892,-400,1893,-398,1894,-396,1895,-394,1896,1897,-391,1898,-389,1899,-387,1900,-385,1901,-383,1902,-381,1903,-379,1904,1905,-376,1906,1907,-373,1908,1909,1910,-369,1911,1912,-366,1913,-364,1914,-362,1915,-360,1916,-358,1917,1918,-355,1919,1920,-352,1921,-350,1922,1923,1924,1925,-345,1926,-343,1927,1928,-340,1929,-338,1930,-336,1931,-334,1932,-332,1933,-330,1934,-328,1935,-326,1936,-324,1937,-322,1938,-320,1939,-318,1940,-316,1941,-314,1942,-312,1943,-311,1944,-1590]],[[1946]],[[1947]],[[1948]],[[1949]],[[1950]],[[1951]],[[1952]],[[1953]],[[1954]],[[1955]],[[1956]],[[1957]],[[1958]],[[1959]],[[1960]],[[1961]],[[1962]],[[1963]],[[1964]],[[1965]],[[1966]],[[1967]],[[1968]],[[1969]],[[1970]],[[1971]],[[1972]],[[1973]],[[1974]],[[1975]],[[1976]],[[1977]],[[1978]],[[1979]],[[1980]],[[1981]],[[1982]],[[1983]],[[1984]],[[1985]],[[1986]],[[1987]],[[1988]],[[1989]],[[1990]],[[1991]],[[1992]],[[1993]],[[1994]],[[1995]],[[1996]],[[1997]],[[1998]],[[1999]],[[2000]],[[2001]],[[2002]],[[2003]],[[2004]],[[2005]],[[2006]],[[2007]],[[2008]],[[2009]],[[2010]],[[2011]],[[2012]],[[2013]],[[2014]],[[2015]],[[2016]],[[2017]],[[2018]],[[2019]],[[2020]],[[2021]],[[2022]],[[2023]],[[2024]],[[2025]],[[2026]],[[2027]],[[2028]],[[2029]],[[2030]],[[2031]],[[2032]],[[2033]],[[2034]],[[2035]],[[2036]],[[2037]],[[2038]],[[2039]],[[2040]],[[2041]],[[2042]],[[2043]],[[2044]],[[2045]]],"type":"MultiPolygon","properties":{"ID_0":105,"ISO":"IND","NAME_0":"India","ID_1":35,"NAME_1":"West Bengal","NL_NAME_1":null,"VARNAME_1":"Bangla|Bengala Occidentale|Bengala Ocidental|Bengale occidental","TYPE_1":"State","ENGTYPE_1":"State"}}]}}}